title,category,review_count,review_rating,reviews_per_rating,latitude,longitude,user_reviews,user_reviews_extended
Nhà Nghỉ Nam Phong,Khách sạn lưu trú dài hạn,7,4.400000,"{""1"":1,""2"":0,""3"":0,""4"":0,""5"":6}",0.000000,0.000000,"[{""Name"":""Nguyễn Thị Hương"",""ProfilePicture"":""https://lh3.googleusercontent.com/a-/ALV-UjV6vmhlCMmj9D38Lw0GiUHuPg8A7jjLsv5Psx-7epqdESB-264=s120-c-rp-mo-br100"",""Rating"":5,""Description"":""Nhà nghỉ yên tĩnh , giá bình dân , sạch sẽ , thoáng mát và nhân viên nhiệt tình . Sẽ quay lại lưu trú !"",""Images"":null,""When"":""""},{""Name"":""Lan Phạm"",""ProfilePicture"":""https://lh3.googleusercontent.com/a-/ALV-UjVYVE03n71VEvpcWZnnvxv67S_Tu0FRG8WqZTo5b-n6jzQ8UKnd=s120-c-rp-mo-br100"",""Rating"":5,""Description"":""Phòng đẹp, thoáng mát ,có đầy đủ đồ nội thất cơ bản, nhân viên nhiệt tình và giá cả hợp lý."",""Images"":null,""When"":""""},{""Name"":""Dream Blockchain"",""ProfilePicture"":""https://lh3.googleusercontent.com/a-/ALV-UjU1Y8XCE3iSjNi42fYkYQcgHhqBhV6_saM9LSKz50JqADAHnqU=s120-c-rp-mo-br100"",""Rating"":5,""Description"":""Tiện nghi, chu đáo và yên tĩnh. Hợp lý về giá nơi trung tâm như vậy. Good👍👍"",""Images"":null,""When"":""""},{""Name"":""Kênh Công Nghệ"",""ProfilePicture"":""https://lh3.googleusercontent.com/a-/ALV-UjUyblwhpNYDP2DkFCcRrdP6XaxCaviZiUKD6quYhzgFIErGA3l1=s120-c-rp-mo-ba12-br100"",""Rating"":5,""Description"":""Nhà nghỉ này ok nhé mn.giá hợp lý,phòng sạch sẽ"",""Images"":null,""When"":""""},{""Name"":""Phong Nam"",""ProfilePicture"":""https://lh3.googleusercontent.com/a-/ALV-UjXPHxH5yzwkD-3FsQ_9eXoWD0XE_4yDmuMH4CuIuu2O2mnsB5pU=s120-c-rp-mo-br100"",""Rating"":5,""Description"":"""",""Images"":null,""When"":""""},{""Name"":""Yến Hoàng"",""ProfilePicture"":""https://lh3.googleusercontent.com/a-/ALV-UjX15Rwt_qqYQ_6P928Fxxh3XiokX56-4uo95gX3pm0X0xSP6as=s120-c-rp-mo-br100"",""Rating"":5,""Description"":"""",""Images"":null,""When"":""""},{""Name"":""Dương Trần"",""ProfilePicture"":""https://lh3.googleusercontent.com/a/ACg8ocL5nKqxoc_i9pbemiQb-hM4nC1yXEzxh6IPsfGUKwUUEUvK5Q=s120-c-rp-mo-br100"",""Rating"":1,""Description"":"""",""Images"":null,""When"":""""}]","[{""Name"":""Nguyễn Thị Hương"",""ProfilePicture"":""https://lh3.googleusercontent.com/a-/ALV-UjV6vmhlCMmj9D38Lw0GiUHuPg8A7jjLsv5Psx-7epqdESB-264=s120-c-rp-mo-br100"",""Rating"":5,""Description"":""Nhà nghỉ yên tĩnh , giá bình dân , sạch sẽ , thoáng mát và nhân viên nhiệt tình . Sẽ quay lại lưu trú !"",""Images"":null,""When"":""""},{""Name"":""Lan Phạm"",""ProfilePicture"":""https://lh3.googleusercontent.com/a-/ALV-UjVYVE03n71VEvpcWZnnvxv67S_Tu0FRG8WqZTo5b-n6jzQ8UKnd=s120-c-rp-mo-br100"",""Rating"":5,""Description"":""Phòng đẹp, thoáng mát ,có đầy đủ đồ nội thất cơ bản, nhân viên nhiệt tình và giá cả hợp lý."",""Images"":null,""When"":""""},{""Name"":""Dream Blockchain"",""ProfilePicture"":""https://lh3.googleusercontent.com/a-/ALV-UjU1Y8XCE3iSjNi42fYkYQcgHhqBhV6_saM9LSKz50JqADAHnqU=s120-c-rp-mo-br100"",""Rating"":5,""Description"":""Tiện nghi, chu đáo và yên tĩnh. Hợp lý về giá nơi trung tâm như vậy. Good👍👍"",""Images"":null,""When"":""""},{""Name"":""Kênh Công Nghệ"",""ProfilePicture"":""https://lh3.googleusercontent.com/a-/ALV-UjUyblwhpNYDP2DkFCcRrdP6XaxCaviZiUKD6quYhzgFIErGA3l1=s120-c-rp-mo-ba12-br100"",""Rating"":5,""Description"":""Nhà nghỉ này ok nhé mn.giá hợp lý,phòng sạch sẽ"",""Images"":null,""When"":""""},{""Name"":""Phong Nam"",""ProfilePicture"":""https://lh3.googleusercontent.com/a-/ALV-UjXPHxH5yzwkD-3FsQ_9eXoWD0XE_4yDmuMH4CuIuu2O2mnsB5pU=s120-c-rp-mo-br100"",""Rating"":5,""Description"":"""",""Images"":null,""When"":""""},{""Name"":""Yến Hoàng"",""ProfilePicture"":""https://lh3.googleusercontent.com/a-/ALV-UjX15Rwt_qqYQ_6P928Fxxh3XiokX56-4uo95gX3pm0X0xSP6as=s120-c-rp-mo-br100"",""Rating"":5,""Description"":"""",""Images"":null,""When"":""""},{""Name"":""Dương Trần"",""ProfilePicture"":""https://lh3.googleusercontent.com/a/ACg8ocL5nKqxoc_i9pbemiQb-hM4nC1yXEzxh6IPsfGUKwUUEUvK5Q=s120-c-rp-mo-br100"",""Rating"":1,""Description"":"""",""Images"":null,""When"":""""}]"
Nhà Nghỉ M-House,Khách sạn,0,0.000000,"{""1"":0,""2"":0,""3"":0,""4"":0,""5"":0}",0.000000,0.000000,[],null
Nhà Nghỉ Thành Đô,Khách sạn,8,2.600000,"{""1"":3,""2"":1,""3"":2,""4"":0,""5"":2}",0.000000,0.000000,"[{""Name"":""daithang Le"",""ProfilePicture"":""https://lh3.googleusercontent.com/a/ACg8ocKpzyZrjVT9aWge-acanEqW8IkoXxHkv3-ZACjrCPaQ-zzcXQ=s120-c-rp-mo-br100"",""Rating"":5,""Description"":""Chủ thân thiện phòng sạch sẽ mọi người nên đến thử trải nghiệm nhé"",""Images"":null,""When"":""""},{""Name"":""duck duck"",""ProfilePicture"":""https://lh3.googleusercontent.com/a-/ALV-UjUe3ypx83R9s3Xm75N86hmp8cb9e0IynHw9sfpfdL4e7Jw18ro=s120-c-rp-mo-br100"",""Rating"":1,""Description"":""đắt tệ vkl k giống trong ảnh 500/1 ngày"",""Images"":null,""When"":""""},{""Name"":""T.S.U"",""ProfilePicture"":""https://lh3.googleusercontent.com/a-/ALV-UjXyeZGlahfnxKlD3if2vfwhFLltZ12F0Q92cjlx_f2Sx_BMovZ9=s120-c-rp-mo-br100"",""Rating"":1,""Description"":""300k đêm, 500k/ngày quá ảo giá"",""Images"":null,""When"":""""},{""Name"":""Quý Nghiem Minh"",""ProfilePicture"":""https://lh3.googleusercontent.com/a-/ALV-UjVBKw-U8CdhCkESwy5xhBu6yRluR4dJOjVzwFn-Hn3CTMHvUcOM3w=s120-c-rp-mo-br100"",""Rating"":1,""Description"":""400k 1 đêm"",""Images"":null,""When"":""""},{""Name"":""Tra Tu"",""ProfilePicture"":""https://lh3.googleusercontent.com/a-/ALV-UjXkPe302i5Bkr9RLWg-fxqD3YZbCQ4twn9hsQeG0ohGZn1naA9ooQ=s120-c-rp-mo-ba12-br100"",""Rating"":2,""Description"":""Ko ổn"",""Images"":null,""When"":""""},{""Name"":""bin tung"",""ProfilePicture"":""https://lh3.googleusercontent.com/a-/ALV-UjUq1uIRhCmQlW9hv2OQhOUBzy3rgprOwnPXwpd2KfBwqAU5CUw=s120-c-rp-mo-br100"",""Rating"":5,""Description"":"""",""Images"":null,""When"":""""},{""Name"":""Nguyễn Hữu Thưởng"",""ProfilePicture"":""https://lh3.googleusercontent.com/a-/ALV-UjUIRUDDiggKxgcJT6KhLv6Pvd6LgssG-PziQJjx6DgOoTv3vYtz=s120-c-rp-mo-br100"",""Rating"":3,""Description"":"""",""Images"":null,""When"":""""},{""Name"":""Tuấn Đinh Trọng"",""ProfilePicture"":""https://lh3.googleusercontent.com/a-/ALV-UjXTlQPv92z-BsZa3elyyl7l7OnEK7EjN4oCEx5VZwe3uXfkg0f0=s120-c-rp-mo-ba12-br100"",""Rating"":3,""Description"":"""",""Images"":null,""When"":""""}]","[{""Name"":""daithang Le"",""ProfilePicture"":""https://lh3.googleusercontent.com/a/ACg8ocKpzyZrjVT9aWge-acanEqW8IkoXxHkv3-ZACjrCPaQ-zzcXQ=s120-c-rp-mo-br100"",""Rating"":5,""Description"":""Chủ thân thiện phòng sạch sẽ mọi người nên đến thử trải nghiệm nhé"",""Images"":null,""When"":""""},{""Name"":""duck duck"",""ProfilePicture"":""https://lh3.googleusercontent.com/a-/ALV-UjUe3ypx83R9s3Xm75N86hmp8cb9e0IynHw9sfpfdL4e7Jw18ro=s120-c-rp-mo-br100"",""Rating"":1,""Description"":""đắt tệ vkl k giống trong ảnh 500/1 ngày"",""Images"":null,""When"":""""},{""Name"":""T.S.U"",""ProfilePicture"":""https://lh3.googleusercontent.com/a-/ALV-UjXyeZGlahfnxKlD3if2vfwhFLltZ12F0Q92cjlx_f2Sx_BMovZ9=s120-c-rp-mo-br100"",""Rating"":1,""Description"":""300k đêm, 500k/ngày quá ảo giá"",""Images"":null,""When"":""""},{""Name"":""Quý Nghiem Minh"",""ProfilePicture"":""https://lh3.googleusercontent.com/a-/ALV-UjVBKw-U8CdhCkESwy5xhBu6yRluR4dJOjVzwFn-Hn3CTMHvUcOM3w=s120-c-rp-mo-br100"",""Rating"":1,""Description"":""400k 1 đêm"",""Images"":null,""When"":""""},{""Name"":""Tra Tu"",""ProfilePicture"":""https://lh3.googleusercontent.com/a-/ALV-UjXkPe302i5Bkr9RLWg-fxqD3YZbCQ4twn9hsQeG0ohGZn1naA9ooQ=s120-c-rp-mo-ba12-br100"",""Rating"":2,""Description"":""Ko ổn"",""Images"":null,""When"":""""},{""Name"":""bin tung"",""ProfilePicture"":""https://lh3.googleusercontent.com/a-/ALV-UjUq1uIRhCmQlW9hv2OQhOUBzy3rgprOwnPXwpd2KfBwqAU5CUw=s120-c-rp-mo-br100"",""Rating"":5,""Description"":"""",""Images"":null,""When"":""""},{""Name"":""Nguyễn Hữu Thưởng"",""ProfilePicture"":""https://lh3.googleusercontent.com/a-/ALV-UjUIRUDDiggKxgcJT6KhLv6Pvd6LgssG-PziQJjx6DgOoTv3vYtz=s120-c-rp-mo-br100"",""Rating"":3,""Description"":"""",""Images"":null,""When"":""""},{""Name"":""Tuấn Đinh Trọng"",""ProfilePicture"":""https://lh3.googleusercontent.com/a-/ALV-UjXTlQPv92z-BsZa3elyyl7l7OnEK7EjN4oCEx5VZwe3uXfkg0f0=s120-c-rp-mo-ba12-br100"",""Rating"":3,""Description"":"""",""Images"":null,""When"":""""}]"
Nhà Nghỉ Sắc Màu 2,Chỗ trọ trong nhà,1,2.000000,"{""1"":0,""2"":1,""3"":0,""4"":0,""5"":0}",0.000000,0.000000,"[{""Name"":""Dương Thùy"",""ProfilePicture"":""https://lh3.googleusercontent.com/a-/ALV-UjWezjDYrhnuQbnCCagR6SWEJSNkQNMR8MJJ2cAda9bBV4bFjKFA=s120-c-rp-mo-br100"",""Rating"":2,""Description"":"""",""Images"":null,""When"":""""}]","[{""Name"":""Dương Thùy"",""ProfilePicture"":""https://lh3.googleusercontent.com/a-/ALV-UjWezjDYrhnuQbnCCagR6SWEJSNkQNMR8MJJ2cAda9bBV4bFjKFA=s120-c-rp-mo-br100"",""Rating"":2,""Description"":"""",""Images"":null,""When"":""""}]"
Nhà Nghỉ Thanh Ngọc,Khách sạn,3,5.000000,"{""1"":0,""2"":0,""3"":0,""4"":0,""5"":3}",0.000000,0.000000,"[{""Name"":""Tam Nguyễn"",""ProfilePicture"":""https://lh3.googleusercontent.com/a/ACg8ocJJMhdsMTmyradRM0Kju8NAgAV44HCsw3n8TqLPjiWiaLIrUw=s120-c-rp-mo-br100"",""Rating"":5,""Description"":""Phòng OK giá hợp lý, lần sau ra kinh tế quốc dân nhất định lại ghé 👍"",""Images"":null,""When"":""""},{""Name"":""Hang Nguyen"",""ProfilePicture"":""https://lh3.googleusercontent.com/a-/ALV-UjW9DeqYGDWgUBLvv7LucxsYcgALJBzCUafi33cKdiMPDDh5MNTz=s120-c-rp-mo-br100"",""Rating"":5,""Description"":""P ốc sạch sẽ.giá cả phải chăng có dịp mk sẽ ghé qua ủng hộ tiếp"",""Images"":null,""When"":""""},{""Name"":""Thảo Nguyên Nguyễn"",""ProfilePicture"":""https://lh3.googleusercontent.com/a-/ALV-UjW2jx-01T5fktcWv5OciOMDSr9kWJGewnVZL-0uNUHGn2mLhFxa=s120-c-rp-mo-br100"",""Rating"":5,""Description"":"""",""Images"":null,""When"":""""}]","[{""Name"":""Tam Nguyễn"",""ProfilePicture"":""https://lh3.googleusercontent.com/a/ACg8ocJJMhdsMTmyradRM0Kju8NAgAV44HCsw3n8TqLPjiWiaLIrUw=s120-c-rp-mo-br100"",""Rating"":5,""Description"":""Phòng OK giá hợp lý, lần sau ra kinh tế quốc dân nhất định lại ghé 👍"",""Images"":null,""When"":""""},{""Name"":""Hang Nguyen"",""ProfilePicture"":""https://lh3.googleusercontent.com/a-/ALV-UjW9DeqYGDWgUBLvv7LucxsYcgALJBzCUafi33cKdiMPDDh5MNTz=s120-c-rp-mo-br100"",""Rating"":5,""Description"":""P ốc sạch sẽ.giá cả phải chăng có dịp mk sẽ ghé qua ủng hộ tiếp"",""Images"":null,""When"":""""},{""Name"":""Thảo Nguyên Nguyễn"",""ProfilePicture"":""https://lh3.googleusercontent.com/a-/ALV-UjW2jx-01T5fktcWv5OciOMDSr9kWJGewnVZL-0uNUHGn2mLhFxa=s120-c-rp-mo-br100"",""Rating"":5,""Description"":"""",""Images"":null,""When"":""""}]"
Nhà nghỉ Hoàng Hai,Khách sạn,10,3.800000,"{""1"":2,""2"":0,""3"":2,""4"":0,""5"":6}",0.000000,0.000000,"[{""Name"":""Chupachup"",""ProfilePicture"":""https://lh3.googleusercontent.com/a-/ALV-UjUVyQWW1wEo3GaObnzrXqk0xh48DLcWh9b1jRAy2K96nQXQg8RcZg=s120-c-rp-mo-br100"",""Rating"":5,""Description"":""Phòng đẹp giá ok"",""Images"":null,""When"":""""},{""Name"":""Thành Trung"",""ProfilePicture"":""https://lh3.googleusercontent.com/a-/ALV-UjXQ-KY-WN6YnQtm8KDW-9QXX5I_B-7Y7RusFhBJUxPkdl4pPw=s120-c-rp-mo-br100"",""Rating"":5,""Description"":""Phòng rất đẹp.Giá cả hợp lý"",""Images"":null,""When"":""""},{""Name"":""Thức Hoàng"",""ProfilePicture"":""https://lh3.googleusercontent.com/a-/ALV-UjUggXCv4ACZsYC8o_7QHMFGuOM1_8bfkUWetQvuFMscAjt3cTna=s120-c-rp-mo-ba12-br100"",""Rating"":3,""Description"":""khó tìm"",""Images"":null,""When"":""""},{""Name"":""Doan Daniel"",""ProfilePicture"":""https://lh3.googleusercontent.com/a/ACg8ocLEDHVIXbXBC5aJ7PDXU9_YXCDzmOgSi3s5ikyL1pKAghdrhA=s120-c-rp-mo-br100"",""Rating"":1,""Description"":""The price is ridiculously high. Should really beware and ask about the price beforehand. Completely felt like being ripped off."",""Images"":null,""When"":""""},{""Name"":""DANH DANH"",""ProfilePicture"":""https://lh3.googleusercontent.com/a-/ALV-UjWktzcMd815t6rZDCE4CwIvUBZ73fRNxpLXYgG9tqxFw3qwj4C3JQ=s120-c-rp-mo-ba12-br100"",""Rating"":5,""Description"":"""",""Images"":null,""When"":""""},{""Name"":""Ƈò Ɖįềṵ࿐"",""ProfilePicture"":""https://lh3.googleusercontent.com/a-/ALV-UjX0-8GuPIodv2yB6IHtyoOthL1C0yDdMoLuiwrKO2yzS792WNUS=s120-c-rp-mo-br100"",""Rating"":5,""Description"":"""",""Images"":null,""When"":""""},{""Name"":""tu van"",""ProfilePicture"":""https://lh3.googleusercontent.com/a-/ALV-UjUExrd0gGzjYsiIiYMWWRiNCc0JR9vWvvFPfSpm6VGNLSGqCCaJ=s120-c-rp-mo-br100"",""Rating"":3,""Description"":"""",""Images"":null,""When"":""""},{""Name"":""Thiên Trần"",""ProfilePicture"":""https://lh3.googleusercontent.com/a/ACg8ocJ6PHyaPgUXMWVCv6kcncOKtTvp6wFoNWABBK_ClgOAtmGwNlQ=s120-c-rp-mo-br100"",""Rating"":5,""Description"":"""",""Images"":null,""When"":""""}]","[{""Name"":""Doan Daniel"",""ProfilePicture"":""https://lh3.googleusercontent.com/a/ACg8ocLEDHVIXbXBC5aJ7PDXU9_YXCDzmOgSi3s5ikyL1pKAghdrhA=s120-c-rp-mo-br100"",""Rating"":1,""Description"":""The price is ridiculously high. Should really beware and ask about the price beforehand. Completely felt like being ripped off."",""Images"":null,""When"":""""},{""Name"":""Chupachup"",""ProfilePicture"":""https://lh3.googleusercontent.com/a-/ALV-UjUVyQWW1wEo3GaObnzrXqk0xh48DLcWh9b1jRAy2K96nQXQg8RcZg=s120-c-rp-mo-br100"",""Rating"":5,""Description"":""Phòng đẹp giá ok"",""Images"":null,""When"":""""},{""Name"":""Thành Trung"",""ProfilePicture"":""https://lh3.googleusercontent.com/a-/ALV-UjXQ-KY-WN6YnQtm8KDW-9QXX5I_B-7Y7RusFhBJUxPkdl4pPw=s120-c-rp-mo-br100"",""Rating"":5,""Description"":""Phòng rất đẹp.Giá cả hợp lý"",""Images"":null,""When"":""""},{""Name"":""Thức Hoàng"",""ProfilePicture"":""https://lh3.googleusercontent.com/a-/ALV-UjUggXCv4ACZsYC8o_7QHMFGuOM1_8bfkUWetQvuFMscAjt3cTna=s120-c-rp-mo-ba12-br100"",""Rating"":3,""Description"":""khó tìm"",""Images"":null,""When"":""""},{""Name"":""DANH DANH"",""ProfilePicture"":""https://lh3.googleusercontent.com/a-/ALV-UjWktzcMd815t6rZDCE4CwIvUBZ73fRNxpLXYgG9tqxFw3qwj4C3JQ=s120-c-rp-mo-ba12-br100"",""Rating"":5,""Description"":"""",""Images"":null,""When"":""""},{""Name"":""Ɖįềṵ࿐ Ƈò"",""ProfilePicture"":""https://lh3.googleusercontent.com/a-/ALV-UjX0-8GuPIodv2yB6IHtyoOthL1C0yDdMoLuiwrKO2yzS792WNUS=s120-c-rp-mo-br100"",""Rating"":5,""Description"":"""",""Images"":null,""When"":""""},{""Name"":""tu van"",""ProfilePicture"":""https://lh3.googleusercontent.com/a-/ALV-UjUExrd0gGzjYsiIiYMWWRiNCc0JR9vWvvFPfSpm6VGNLSGqCCaJ=s120-c-rp-mo-br100"",""Rating"":3,""Description"":"""",""Images"":null,""When"":""""},{""Name"":""Thiên Trần"",""ProfilePicture"":""https://lh3.googleusercontent.com/a/ACg8ocJ6PHyaPgUXMWVCv6kcncOKtTvp6wFoNWABBK_ClgOAtmGwNlQ=s120-c-rp-mo-br100"",""Rating"":5,""Description"":"""",""Images"":null,""When"":""""},{""Name"":""quang nguyen"",""ProfilePicture"":""https://lh3.googleusercontent.com/a/ACg8ocKhOO4o-08vOtNEAXtvmvpH-D8ShtMyy4LS3fprF4Gs7NlMGA=s120-c-rp-mo-br100"",""Rating"":5,""Description"":"""",""Images"":null,""When"":""""},{""Name"":""Quang Hoàng"",""ProfilePicture"":""https://lh3.googleusercontent.com/a-/ALV-UjWJWdgUIjsJCV3oGOFlghMMfrYLRPWUBxleSTIen00YeJrWF7xr=s120-c-rp-mo-ba12-br100"",""Rating"":1,""Description"":"""",""Images"":null,""When"":""""}]"
Hotel Nhà nghỉ Bích Ngân,Trạm nghỉ,14,2.600000,"{""1"":4,""2"":3,""3"":4,""4"":1,""5"":2}",0.000000,0.000000,"[{""Name"":""nam hà"",""ProfilePicture"":""https://lh3.googleusercontent.com/a-/ALV-UjVVUpPr5pv1o-vAcD0YRJJxahRppuJidGAQoD6gaSfhNzQt5WA=s120-c-rp-mo-br100"",""Rating"":1,""Description"":""Rất sạch sẽ giá cả bình dân"",""Images"":null,""When"":""""},{""Name"":""tri hung Nguyen"",""ProfilePicture"":""https://lh3.googleusercontent.com/a-/ALV-UjWUvj3zAi9lGSKlSwkuh8hxaq4E9UWYAck5PzKyW638C0Is4bst=s120-c-rp-mo-ba12-br100"",""Rating"":1,""Description"":""Địa điểm đã ngừng kinh doanh"",""Images"":null,""When"":""""},{""Name"":""Devil X"",""ProfilePicture"":""https://lh3.googleusercontent.com/a/ACg8ocKJsjHsSBgak0HgCEjtRTwRlkMXq-xVhxc_m3hXrsZ5izkOSVI=s120-c-rp-mo-ba12-br100"",""Rating"":2,""Description"":""Phòng xấu"",""Images"":null,""When"":""""},{""Name"":""Nguyễn Đức Đạt"",""ProfilePicture"":""https://lh3.googleusercontent.com/a/ACg8ocKxZhQTpgITgPYw3gSVuHgE0JRev4BnUIVXV-RoNzQwfWMVAQ=s120-c-rp-mo-br100"",""Rating"":3,""Description"":""cũng được"",""Images"":null,""When"":""""},{""Name"":""Lê Anh Tuấn"",""ProfilePicture"":""https://lh3.googleusercontent.com/a-/ALV-UjX2m-37-UeMOz2s3JSzbnUtTvlNaOWs5yyNv002KDuE7G6vApB_=s120-c-rp-mo-br100"",""Rating"":5,""Description"":""tuyệt vời"",""Images"":null,""When"":""""},{""Name"":""Antonio Khanh Hoang"",""ProfilePicture"":""https://lh3.googleusercontent.com/a-/ALV-UjVpU6CymbYfaMGO4FGQuIGah1GF5u4QbU5JjNA6WkyVTUtHnrEpPw=s120-c-rp-mo-br100"",""Rating"":3,""Description"":""Một dạng nghỉ ngơi cho khách"",""Images"":null,""When"":""""},{""Name"":""iPhone"",""ProfilePicture"":""https://lh3.googleusercontent.com/a-/ALV-UjW7g3Co6F4cEUToRT4-_8l7Qjs5k8apq-m8rlRvG7E1Q1WXUyg=s120-c-rp-mo-br100"",""Rating"":1,""Description"":"""",""Images"":null,""When"":""""},{""Name"":""Cường Nguyễn"",""ProfilePicture"":""https://lh3.googleusercontent.com/a/ACg8ocLWCMcrLEJewaxVxZYXh8LdOabEJmUhVgc3Ucd2-QSnPk39hg=s120-c-rp-mo-ba12-br100"",""Rating"":2,""Description"":"""",""Images"":null,""When"":""""}]","[{""Name"":""nam hà"",""ProfilePicture"":""https://lh3.googleusercontent.com/a-/ALV-UjVVUpPr5pv1o-vAcD0YRJJxahRppuJidGAQoD6gaSfhNzQt5WA=s120-c-rp-mo-br100"",""Rating"":1,""Description"":""Rất sạch sẽ giá cả bình dân"",""Images"":null,""When"":""""},{""Name"":""tri hung Nguyen"",""ProfilePicture"":""https://lh3.googleusercontent.com/a-/ALV-UjWUvj3zAi9lGSKlSwkuh8hxaq4E9UWYAck5PzKyW638C0Is4bst=s120-c-rp-mo-ba12-br100"",""Rating"":1,""Description"":""Địa điểm đã ngừng kinh doanh"",""Images"":null,""When"":""""},{""Name"":""Devil X"",""ProfilePicture"":""https://lh3.googleusercontent.com/a/ACg8ocKJsjHsSBgak0HgCEjtRTwRlkMXq-xVhxc_m3hXrsZ5izkOSVI=s120-c-rp-mo-ba12-br100"",""Rating"":2,""Description"":""Phòng xấu"",""Images"":null,""When"":""""},{""Name"":""Nguyễn Đức Đạt"",""ProfilePicture"":""https://lh3.googleusercontent.com/a/ACg8ocKxZhQTpgITgPYw3gSVuHgE0JRev4BnUIVXV-RoNzQwfWMVAQ=s120-c-rp-mo-br100"",""Rating"":3,""Description"":""cũng được"",""Images"":null,""When"":""""},{""Name"":""Lê Anh Tuấn"",""ProfilePicture"":""https://lh3.googleusercontent.com/a-/ALV-UjX2m-37-UeMOz2s3JSzbnUtTvlNaOWs5yyNv002KDuE7G6vApB_=s120-c-rp-mo-br100"",""Rating"":5,""Description"":""tuyệt vời"",""Images"":null,""When"":""""},{""Name"":""Antonio Khanh Hoang"",""ProfilePicture"":""https://lh3.googleusercontent.com/a-/ALV-UjVpU6CymbYfaMGO4FGQuIGah1GF5u4QbU5JjNA6WkyVTUtHnrEpPw=s120-c-rp-mo-br100"",""Rating"":3,""Description"":""Một dạng nghỉ ngơi cho khách"",""Images"":null,""When"":""""},{""Name"":""iPhone"",""ProfilePicture"":""https://lh3.googleusercontent.com/a-/ALV-UjW7g3Co6F4cEUToRT4-_8l7Qjs5k8apq-m8rlRvG7E1Q1WXUyg=s120-c-rp-mo-br100"",""Rating"":1,""Description"":"""",""Images"":null,""When"":""""},{""Name"":""Cường Nguyễn"",""ProfilePicture"":""https://lh3.googleusercontent.com/a/ACg8ocLWCMcrLEJewaxVxZYXh8LdOabEJmUhVgc3Ucd2-QSnPk39hg=s120-c-rp-mo-ba12-br100"",""Rating"":2,""Description"":"""",""Images"":null,""When"":""""},{""Name"":""Tiến Nguyễn"",""ProfilePicture"":""https://lh3.googleusercontent.com/a/ACg8ocJvgq7owbDg7CIy8gSSJ54HM0RrHYKIGRHh-PBX9eFjR567BQ=s120-c-rp-mo-br100"",""Rating"":2,""Description"":"""",""Images"":null,""When"":""""},{""Name"":""ba minh"",""ProfilePicture"":""https://lh3.googleusercontent.com/a-/ALV-UjWdjJGs2ohVdIXaVUbuGtGXR6MxIb2VuqxaaLSPLdU4bHE-7pAGGQ=s120-c-rp-mo-ba12-br100"",""Rating"":5,""Description"":"""",""Images"":null,""When"":""""},{""Name"":""Khánh Nguyễn Bá"",""ProfilePicture"":""https://lh3.googleusercontent.com/a-/ALV-UjUmPNtVCspanZ6sS5QVkgR4JuA9ZH8HXQmVWZ6NAuN1xkYG3-ZtmA=s120-c-rp-mo-ba12-br100"",""Rating"":4,""Description"":"""",""Images"":null,""When"":""""},{""Name"":""Sơn Phát"",""ProfilePicture"":""https://lh3.googleusercontent.com/a-/ALV-UjXYfACeTzjlMgH6K9M-02KJHMChgu2Q43SDa4kB6RsTpLxCdM-MXw=s120-c-rp-mo-ba12-br100"",""Rating"":3,""Description"":"""",""Images"":null,""When"":""""},{""Name"":""Sunshine"",""ProfilePicture"":""https://lh3.googleusercontent.com/a-/ALV-UjXoEUEmA0vApx-jFMK01lap0Qw6MiY4iBG2Kk3hE-7Xc3PiIqDrlQ=s120-c-rp-mo-ba12-br100"",""Rating"":1,""Description"":"""",""Images"":null,""When"":""""},{""Name"":""Ratchanon Peungrang"",""ProfilePicture"":""https://lh3.googleusercontent.com/a/ACg8ocJaJ3PSqC56or6Tz4auJTFv1hHTEzy9q9SPfkoZbNTWEQxJ1A=s120-c-rp-mo-br100"",""Rating"":3,""Description"":"""",""Images"":null,""When"":""""}]"
Nhà nghỉ Sắc Màu,Nhà nghỉ trượt tuyết,2,3.500000,"{""1"":0,""2"":0,""3"":1,""4"":1,""5"":0}",0.000000,0.000000,"[{""Name"":""Minh Tuyen Hoang"",""ProfilePicture"":""https://lh3.googleusercontent.com/a-/ALV-UjUr0GFAzvMWJurqmxI9FVjyBS0V_PQ3D5qmoTvfkZD5GgwI2doN=s120-c-rp-mo-ba12-br100"",""Rating"":4,""Description"":"""",""Images"":null,""When"":""""},{""Name"":""Quocson Tran"",""ProfilePicture"":""https://lh3.googleusercontent.com/a/ACg8ocKgwbuOSyisNj14pXMty-mD3mvNNqYUjffrX9wj5KsjkGsRAA=s120-c-rp-mo-ba12-br100"",""Rating"":3,""Description"":"""",""Images"":null,""When"":""""}]","[{""Name"":""Minh Tuyen Hoang"",""ProfilePicture"":""https://lh3.googleusercontent.com/a-/ALV-UjUr0GFAzvMWJurqmxI9FVjyBS0V_PQ3D5qmoTvfkZD5GgwI2doN=s120-c-rp-mo-ba12-br100"",""Rating"":4,""Description"":"""",""Images"":null,""When"":""""},{""Name"":""Quocson Tran"",""ProfilePicture"":""https://lh3.googleusercontent.com/a/ACg8ocKgwbuOSyisNj14pXMty-mD3mvNNqYUjffrX9wj5KsjkGsRAA=s120-c-rp-mo-ba12-br100"",""Rating"":3,""Description"":"""",""Images"":null,""When"":""""}]"
Nhà Nghỉ Sao Mai,Khách sạn,5,4.000000,"{""1"":1,""2"":0,""3"":0,""4"":1,""5"":3}",0.000000,0.000000,"[{""Name"":""Cường Vũ"",""ProfilePicture"":""https://lh3.googleusercontent.com/a-/ALV-UjUIsDzkaEmxu5cSnNEq-8knNeRNg7hf1sRytEQ5-Msewhghyn0=s120-c-rp-mo-ba12-br100"",""Rating"":5,""Description"":""Ngay mặt đường phố Vọng"",""Images"":null,""When"":""""},{""Name"":""Duy Linh Nguyễn"",""ProfilePicture"":""https://lh3.googleusercontent.com/a-/ALV-UjVCSKiprgL9s3F2iD5Hrh9SvKwdqPanOKjRXeqZ49OheZyYJeZukQ=s120-c-rp-mo-ba12-br100"",""Rating"":4,""Description"":"""",""Images"":null,""When"":""""},{""Name"":""pham trai"",""ProfilePicture"":""https://lh3.googleusercontent.com/a/ACg8ocJsiP2GsZLFkx1FvcqJjfuDa5ONoIDJesL0_owprl9TIpTDPw=s120-c-rp-mo-br100"",""Rating"":5,""Description"":"""",""Images"":null,""When"":""""},{""Name"":""Thanh Sơn Trần"",""ProfilePicture"":""https://lh3.googleusercontent.com/a-/ALV-UjV8WLSSAAVjYWV69uq7m6KDeqNOXcjnVxlntiRTatzbtZOpUdJWHQ=s120-c-rp-mo-ba12-br100"",""Rating"":1,""Description"":"""",""Images"":null,""When"":""""},{""Name"":""Loi Quang"",""ProfilePicture"":""https://lh3.googleusercontent.com/a-/ALV-UjWFB_Eh0t1IZFM9VwVJYf0Y_gSIEpjQg4ioTL0Q1PHsv5-viOCG=s120-c-rp-mo-ba12-br100"",""Rating"":5,""Description"":"""",""Images"":null,""When"":""""}]","[{""Name"":""Cường Vũ"",""ProfilePicture"":""https://lh3.googleusercontent.com/a-/ALV-UjUIsDzkaEmxu5cSnNEq-8knNeRNg7hf1sRytEQ5-Msewhghyn0=s120-c-rp-mo-ba12-br100"",""Rating"":5,""Description"":""Ngay mặt đường phố Vọng"",""Images"":null,""When"":""""},{""Name"":""Duy Linh Nguyễn"",""ProfilePicture"":""https://lh3.googleusercontent.com/a-/ALV-UjVCSKiprgL9s3F2iD5Hrh9SvKwdqPanOKjRXeqZ49OheZyYJeZukQ=s120-c-rp-mo-ba12-br100"",""Rating"":4,""Description"":"""",""Images"":null,""When"":""""},{""Name"":""pham trai"",""ProfilePicture"":""https://lh3.googleusercontent.com/a/ACg8ocJsiP2GsZLFkx1FvcqJjfuDa5ONoIDJesL0_owprl9TIpTDPw=s120-c-rp-mo-br100"",""Rating"":5,""Description"":"""",""Images"":null,""When"":""""},{""Name"":""Thanh Sơn Trần"",""ProfilePicture"":""https://lh3.googleusercontent.com/a-/ALV-UjV8WLSSAAVjYWV69uq7m6KDeqNOXcjnVxlntiRTatzbtZOpUdJWHQ=s120-c-rp-mo-ba12-br100"",""Rating"":1,""Description"":"""",""Images"":null,""When"":""""},{""Name"":""Loi Quang"",""ProfilePicture"":""https://lh3.googleusercontent.com/a-/ALV-UjWFB_Eh0t1IZFM9VwVJYf0Y_gSIEpjQg4ioTL0Q1PHsv5-viOCG=s120-c-rp-mo-ba12-br100"",""Rating"":5,""Description"":"""",""Images"":null,""When"":""""}]"
Nhà Nghỉ Bảo Lương,Nhà nghỉ dưỡng cho thuê,19,4.900000,"{""1"":0,""2"":0,""3"":1,""4"":0,""5"":18}",0.000000,0.000000,"[{""Name"":""Nguyễn Hà"",""ProfilePicture"":""https://lh3.googleusercontent.com/a-/ALV-UjXmUIFf6oWYIJHBBgbae0bR3NaTVv6ynClwbR2AAU_g7hat4TQ=s120-c-rp-mo-ba12-br100"",""Rating"":5,""Description"":""Chú chủ nhà thân thiện ,nhà nghỉ sạch .có chỗ đỗ ô tô an toàn .giá qua đêm chỉ hơn 200k"",""Images"":[""https://lh3.googleusercontent.com/grass-cs/ANxoTn1rQK_iXoYA6qltgDlQWvakTOui4IvB5fhppinhpJpcc-Gp4aBErpC_CKrqHjr46ORQl41b7eKzF1Tu_Klkpv6qfcxnrNjUG1UvWvMMUGChjVgYtTSHKuU-1t-Co4Iifvgb_4VIZLxrGXqD=k-no"",""https://lh3.googleusercontent.com/grass-cs/ANxoTn2VF_xinHBkEzSBngiW66cG4ed5Tp46BA3AOEkpnzqwTJMlMMDg36E08gaLR-Q_ulR5hKG0mSFtSVjtYmntgfwx5v9Tkk0C1N818g0UKRWWo_vE0mbEWEbS30hzzHqeHyNJmb9_yfcmmO0=k-no""],""When"":""2026-2-10""},{""Name"":""Duc Tai Nguyen"",""ProfilePicture"":""https://lh3.googleusercontent.com/a/ACg8ocI84lBluc49J_qdutghcMA7eks0tABV2aQVKRPq17k-ocTY5Q=s120-c-rp-mo-br100"",""Rating"":5,""Description"":""Mình đặt phòng tưởng xa nhưng gần thật ngay mấy trường ktqd,đại học ktqd,tivi to xem mạng nét nói chung là ok mình thấy hài lòng"",""Images"":null,""When"":""""},{""Name"":""Horowitz Anthony"",""ProfilePicture"":""https://lh3.googleusercontent.com/a-/ALV-UjW-vTktEfbITM45mangGf7IQTRBUYq5b34L0IWB5Ouz1xj7cP0E=s120-c-rp-mo-ba12-br100"",""Rating"":3,""Description"":""Mình nhận phòng thì phòng hơi bẩn. Nhà vệ sinh còn khai, vương đầy nước tiểu người trước. Khăn tắm bẩn, phòng còn vỏ bcs và thuốc gì ý cũng hơi ghê\nBù lại mọi người thân thiện, nhiệt tình, giường êm, điều hòa mát. Nchung ổn nha, giá cả cũng hợp lý"",""Images"":null,""When"":""""},{""Name"":""Chi Khánh"",""ProfilePicture"":""https://lh3.googleusercontent.com/a/ACg8ocJB8lyQ3nZCRFD-oFrGGKtNq8Gyx67wm7BZE72pcnlB6p_8Gw=s120-c-rp-mo-br100"",""Rating"":5,""Description"":""Nhà nghỉ sạch sẽ giá cả phải chăng. Đáng tiền với dịch vụ và chất lượng"",""Images"":null,""When"":""""},{""Name"":""09 Hihi"",""ProfilePicture"":""https://lh3.googleusercontent.com/a/ACg8ocJNfdJh3tLoYvcBwdc7YaNGrTI3OMxSLXPtkjLK7ZqjSP0xMg=s120-c-rp-mo-br100"",""Rating"":5,""Description"":""Phòng đẹp sạch sẽ tiện nghi giá cả hợp hợp kí gần trường gần chợ Kinh tế quốc dân đại học bách khoa"",""Images"":null,""When"":""""},{""Name"":""Nguyễn Văn Hoàng"",""ProfilePicture"":""https://lh3.googleusercontent.com/a-/ALV-UjW3TmxBEKUbg8bYFQZ0FoXS_g4J7RbBchBva9feJDoBOJcy3r8f=s120-c-rp-mo-br100"",""Rating"":5,""Description"":""Trải nghiệm tuyệt vời .yên tĩnh,  Sạch sẽ , giá cả hợp lý"",""Images"":null,""When"":""""},{""Name"":""hoang hien"",""ProfilePicture"":""https://lh3.googleusercontent.com/a-/ALV-UjULkNHQyFTltR1p8xFBPEmvBx8EAEcJJY-u1Wdn-BvJl9w2RYA=s120-c-rp-mo-br100"",""Rating"":5,""Description"":""Nhà nghỉ sạch sẽ, rộng rãi, đầy đủ tiện nghi. Mn nên ghé qua nhé"",""Images"":null,""When"":""""},{""Name"":""Hoà Thu"",""ProfilePicture"":""https://lh3.googleusercontent.com/a/ACg8ocI_JQJFXiB0MidXg__rrocsbTsQj2zVURvJwdMcImT8va1tzH4=s120-c-rp-mo-br100"",""Rating"":5,""Description"":""Phòng sạch sẽ, nhân viên thân thiện, gần khu sinh viên đi lại và các trường đhoc lớn"",""Images"":null,""When"":""""}]","[{""Name"":""Hoàng Thị tám"",""ProfilePicture"":""https://lh3.googleusercontent.com/a/ACg8ocISJAyWihlgC109wFP01HMTQXFXxNxJC6PCKGpIlXMOcn4-5A=s120-c-rp-mo-br100"",""Rating"":5,""Description"":""Spacious room, clean, airy, with two-way air conditioning, hot and cold, reasonable price"",""Images"":null,""When"":""""},{""Name"":""Netflix Brv"",""ProfilePicture"":""https://lh3.googleusercontent.com/a/ACg8ocJMdA9fRJVA4TPriyx5wA-qi9OtnNJ1qHYnbcnNnsYb7V7u7Q=s120-c-rp-mo-br100"",""Rating"":5,""Description"":""Too good"",""Images"":null,""When"":""""},{""Name"":""Nguyễn Hà"",""ProfilePicture"":""https://lh3.googleusercontent.com/a-/ALV-UjXmUIFf6oWYIJHBBgbae0bR3NaTVv6ynClwbR2AAU_g7hat4TQ=s120-c-rp-mo-ba12-br100"",""Rating"":5,""Description"":""Chú chủ nhà thân thiện ,nhà nghỉ sạch .có chỗ đỗ ô tô an toàn .giá qua đêm chỉ hơn 200k"",""Images"":[""https://lh3.googleusercontent.com/grass-cs/ANxoTn1rQK_iXoYA6qltgDlQWvakTOui4IvB5fhppinhpJpcc-Gp4aBErpC_CKrqHjr46ORQl41b7eKzF1Tu_Klkpv6qfcxnrNjUG1UvWvMMUGChjVgYtTSHKuU-1t-Co4Iifvgb_4VIZLxrGXqD=k-no"",""https://lh3.googleusercontent.com/grass-cs/ANxoTn2VF_xinHBkEzSBngiW66cG4ed5Tp46BA3AOEkpnzqwTJMlMMDg36E08gaLR-Q_ulR5hKG0mSFtSVjtYmntgfwx5v9Tkk0C1N818g0UKRWWo_vE0mbEWEbS30hzzHqeHyNJmb9_yfcmmO0=k-no""],""When"":""2026-2-10""},{""Name"":""Duc Tai Nguyen"",""ProfilePicture"":""https://lh3.googleusercontent.com/a/ACg8ocI84lBluc49J_qdutghcMA7eks0tABV2aQVKRPq17k-ocTY5Q=s120-c-rp-mo-br100"",""Rating"":5,""Description"":""Mình đặt phòng tưởng xa nhưng gần thật ngay mấy trường ktqd,đại học ktqd,tivi to xem mạng nét nói chung là ok mình thấy hài lòng"",""Images"":null,""When"":""""},{""Name"":""Horowitz Anthony"",""ProfilePicture"":""https://lh3.googleusercontent.com/a-/ALV-UjW-vTktEfbITM45mangGf7IQTRBUYq5b34L0IWB5Ouz1xj7cP0E=s120-c-rp-mo-ba12-br100"",""Rating"":3,""Description"":""Mình nhận phòng thì phòng hơi bẩn. Nhà vệ sinh còn khai, vương đầy nước tiểu người trước. Khăn tắm bẩn, phòng còn vỏ bcs và thuốc gì ý cũng hơi ghê\nBù lại mọi người thân thiện, nhiệt tình, giường êm, điều hòa mát. Nchung ổn nha, giá cả cũng hợp lý"",""Images"":null,""When"":""""},{""Name"":""Chi Khánh"",""ProfilePicture"":""https://lh3.googleusercontent.com/a/ACg8ocJB8lyQ3nZCRFD-oFrGGKtNq8Gyx67wm7BZE72pcnlB6p_8Gw=s120-c-rp-mo-br100"",""Rating"":5,""Description"":""Nhà nghỉ sạch sẽ giá cả phải chăng. Đáng tiền với dịch vụ và chất lượng"",""Images"":null,""When"":""""},{""Name"":""09 Hihi"",""ProfilePicture"":""https://lh3.googleusercontent.com/a/ACg8ocJNfdJh3tLoYvcBwdc7YaNGrTI3OMxSLXPtkjLK7ZqjSP0xMg=s120-c-rp-mo-br100"",""Rating"":5,""Description"":""Phòng đẹp sạch sẽ tiện nghi giá cả hợp hợp kí gần trường gần chợ Kinh tế quốc dân đại học bách khoa"",""Images"":null,""When"":""""},{""Name"":""Nguyễn Văn Hoàng"",""ProfilePicture"":""https://lh3.googleusercontent.com/a-/ALV-UjW3TmxBEKUbg8bYFQZ0FoXS_g4J7RbBchBva9feJDoBOJcy3r8f=s120-c-rp-mo-br100"",""Rating"":5,""Description"":""Trải nghiệm tuyệt vời .yên tĩnh,  Sạch sẽ , giá cả hợp lý"",""Images"":null,""When"":""""},{""Name"":""hoang hien"",""ProfilePicture"":""https://lh3.googleusercontent.com/a-/ALV-UjULkNHQyFTltR1p8xFBPEmvBx8EAEcJJY-u1Wdn-BvJl9w2RYA=s120-c-rp-mo-br100"",""Rating"":5,""Description"":""Nhà nghỉ sạch sẽ, rộng rãi, đầy đủ tiện nghi. Mn nên ghé qua nhé"",""Images"":null,""When"":""""},{""Name"":""Hoà Thu"",""ProfilePicture"":""https://lh3.googleusercontent.com/a/ACg8ocI_JQJFXiB0MidXg__rrocsbTsQj2zVURvJwdMcImT8va1tzH4=s120-c-rp-mo-br100"",""Rating"":5,""Description"":""Phòng sạch sẽ, nhân viên thân thiện, gần khu sinh viên đi lại và các trường đhoc lớn"",""Images"":null,""When"":""""},{""Name"":""Mai Ban"",""ProfilePicture"":""https://lh3.googleusercontent.com/a/ACg8ocLEdxFGPe1dOEYx3_pW0hQq1ZQMO9VZSa5t16BBMaY0om7O1A=s120-c-rp-mo-br100"",""Rating"":5,""Description"":""Quá ok phòng đẹp sạch sẽ giá hợp lý nhân viên nhiệt tình"",""Images"":null,""When"":""""},{""Name"":""Hoàng Nguyễn"",""ProfilePicture"":""https://lh3.googleusercontent.com/a-/ALV-UjW01rQqUNhJgELr0p20YvseIcw-3K-7Ck1sDmkKx7GQrYnn18A=s120-c-rp-mo-br100"",""Rating"":5,""Description"":""Phòng sạch sẽ nhân viên nhiệt tình , lần sau lại ủng hộ"",""Images"":null,""When"":""""},{""Name"":""Tuyên Tran"",""ProfilePicture"":""https://lh3.googleusercontent.com/a/ACg8ocKszcIqHPqQCNArTOb6hv-cVSIsq0e6TN9sJU6uLGv2BDlU-Q=s120-c-rp-mo-br100"",""Rating"":5,""Description"":""Mình rất ưng lần sau sẽ ghé thêm. Mv nhiệt tình nhà sạch"",""Images"":null,""When"":""""},{""Name"":""Hoang Nguyen"",""ProfilePicture"":""https://lh3.googleusercontent.com/a/ACg8ocKxKR6Iu3piPNqH9xQdSrDdzdoC-MzOooXk2MeOz2RimyqvnA=s120-c-rp-mo-br100"",""Rating"":5,""Description"":""Mình rất ưng nhà sạch. NV rất nhiệt tình"",""Images"":null,""When"":""""},{""Name"":""Bui Huy"",""ProfilePicture"":""https://lh3.googleusercontent.com/a/ACg8ocKFZ0H9swlvEYj1dx_uS-Iu0YJ1vXc0HOCb08hACkoNAnf7OQ=s120-c-rp-mo-br100"",""Rating"":5,""Description"":""Sạch sẽ"",""Images"":null,""When"":""""},{""Name"":""Thành Trung Nguyễn"",""ProfilePicture"":""https://lh3.googleusercontent.com/a/ACg8ocLGS_E5wKMonXv52qarcjFDX7jJ_dxB3jsuEODWMEwbCfHaHQ=s120-c-rp-mo-br100"",""Rating"":5,""Description"":""Quá ok"",""Images"":null,""When"":""""},{""Name"":""Phúc Nguyễn Hữu"",""ProfilePicture"":""https://lh3.googleusercontent.com/a-/ALV-UjUrFYTY30jWaNIJAGUKy_VJXnN2twtCXAl4Vlaas-lHast02nlz=s120-c-rp-mo-ba12-br100"",""Rating"":5,""Description"":"""",""Images"":[""https://lh3.googleusercontent.com/grass-cs/ANxoTn1P-k9affgmWu9l-vuB65NEE0l9cfciGMLjMXXJADfryedJk1CcdlxqvUMtNcWEKQ9a7y_UTbxDQFCkGAzh5Q6cVsvlcXjzUlQ8tfyhQYcVgHekqqR3oVLParOC3D2JgNwPvp5W_ynEZbI=k-no""],""When"":""2025-7-30""},{""Name"":""Mạnh Tiến"",""ProfilePicture"":""https://lh3.googleusercontent.com/a/ACg8ocIifHlZB7uEKQH9T49W9Gdd9zoB63aDD080pPNkGu0XQZhlxA=s120-c-rp-mo-br100"",""Rating"":5,""Description"":""10đ"",""Images"":null,""When"":""""},{""Name"":""Long Nguyễn Thành"",""ProfilePicture"":""https://lh3.googleusercontent.com/a/ACg8ocKqrY9SoHGNPex6fPRs7u8VFwx2PAGb0cwGNW0ozJ9mJWXqyw=s120-c-rp-mo-br100"",""Rating"":5,""Description"":"""",""Images"":null,""When"":""""}]"
Nhà Nghỉ Ngư Cầm,Nhà nghỉ trượt tuyết,1,5.000000,"{""1"":0,""2"":0,""3"":0,""4"":0,""5"":1}",0.000000,0.000000,"[{""Name"":""Hoà Lê"",""ProfilePicture"":""https://lh3.googleusercontent.com/a-/ALV-UjX5otenPMZNe6i1dW_ckiHxQazeMee66vMhluzUbY-BRaqfH_A=s120-c-rp-mo-br100"",""Rating"":5,""Description"":"""",""Images"":null,""When"":""""}]","[{""Name"":""Hoà Lê"",""ProfilePicture"":""https://lh3.googleusercontent.com/a-/ALV-UjX5otenPMZNe6i1dW_ckiHxQazeMee66vMhluzUbY-BRaqfH_A=s120-c-rp-mo-br100"",""Rating"":5,""Description"":"""",""Images"":null,""When"":""""}]"
Nhà nghỉ Hồng Sơn,Nhà nghỉ trượt tuyết,1,5.000000,"{""1"":0,""2"":0,""3"":0,""4"":0,""5"":1}",0.000000,0.000000,"[{""Name"":""Vanhoa Cao"",""ProfilePicture"":""https://lh3.googleusercontent.com/a/ACg8ocLCOdGcLa9IAWp77cBodLgwHRIZ3cOnsahqtwRPHZYvaxRqyw=s120-c-rp-mo-br100"",""Rating"":5,""Description"":"""",""Images"":null,""When"":""""}]","[{""Name"":""Vanhoa Cao"",""ProfilePicture"":""https://lh3.googleusercontent.com/a/ACg8ocLCOdGcLa9IAWp77cBodLgwHRIZ3cOnsahqtwRPHZYvaxRqyw=s120-c-rp-mo-br100"",""Rating"":5,""Description"":"""",""Images"":null,""When"":""""}]"
Nhà Nghỉ 511,Trạm nghỉ,42,3.400000,"{""1"":8,""2"":6,""3"":6,""4"":6,""5"":16}",0.000000,0.000000,"[{""Name"":""Trà Mộc"",""ProfilePicture"":""https://lh3.googleusercontent.com/a/ACg8ocKOV5oj4aOPAl6PIsTjCS1wDWepncozUmDjCBxXX0qfChx9RSY=s120-c-rp-mo-ba12-br100"",""Rating"":3,""Description"":""hơi bụi bặm . mặt đường nên ồn. đệm lò xo cứng nằm đau lưng\nnhà nghỉ mà ngủ cũng k ngon í ạ"",""Images"":null,""When"":""""},{""Name"":""Vua Khởi Nghiệp"",""ProfilePicture"":""https://lh3.googleusercontent.com/a-/ALV-UjU0G4mWqTuJrsbqWNghDMmsf1jKsQ14Gc3YxpmYET-9PKarfnyU1Q=s120-c-rp-mo-ba12-br100"",""Rating"":3,""Description"":""Nhà nghĩ tôi hay nghĩ vì quen thuộc nơi đây. Giá cả phù hợp nhưng không tiện nghi lắm."",""Images"":[""https://lh3.googleusercontent.com/grass-cs/ANxoTn2zommhLIev_ufSlEzLFKOadHvGVsfefpv_cuk1QfksPOWSnYHeZ_2hruGI9BP8Km-Bdqsbf7ixneg6DxtkahO9kP8ZCPSnEC15IEOEmTPKqS4tALpQ4jPfzRRWXY6vJ8Pjut0=k-no""],""When"":""2020-1-4""},{""Name"":""Triệu Tích"",""ProfilePicture"":""https://lh3.googleusercontent.com/a-/ALV-UjW6mvLic9An2XcoEraLaebyV2lWpjB5dm4FZwD0Qp-du-ExRlw=s120-c-rp-mo-br100"",""Rating"":2,""Description"":""Giá cả tầm trung. Phòng rất cũ và xập xệ"",""Images"":null,""When"":""""},{""Name"":""Tien Nv"",""ProfilePicture"":""https://lh3.googleusercontent.com/a/ACg8ocISEUf7XqzsGIGsEU6en8jlY_nnd20TAsXanVEiZ6iJ_WY1nw=s120-c-rp-mo-br100"",""Rating"":1,""Description"":""Cơ sở vật chất tồi tàn, sàn, phong tắm siêu bẩn, giá 250-300/ 1 đêm."",""Images"":[""https://lh3.googleusercontent.com/grass-cs/ANxoTn2wHuw61azK9rctUyHhi6dtxZ7giRadh3kCL69kUqI-hztoAquNg8eRbHNopH-RN49iG6z6Sdrsqcv4rWujphBbzfbE8q76G4bJkntZUY4B3kdLDtjtdQtJjZTID8lb7uYTSYDA=k-no"",""https://lh3.googleusercontent.com/grass-cs/ANxoTn346patb93vMo2FsT4tJRNTAVxmBO3Zzy0eISdOTCa1tCgaDgfTkHinNskONF2yEUaAqtamYoSKfqZuXCSehf61OoC-Fgzba2t2-XuUNl6FS2RIjAL4YAt0G993po1Il43t7Vo=k-no""],""When"":""2018-9-25""},{""Name"":""Vũ Dũng Hải"",""ProfilePicture"":""https://lh3.googleusercontent.com/a-/ALV-UjXXowyxNzcWKRRfAQkI21JA4N7UQQWODPvPOJt9bnTog6FMAec=s120-c-rp-mo-ba12-br100"",""Rating"":4,""Description"":""Sạch sẽ, lịch sự và thuận tiện cho việc di chuyển. Giá cả hợp lý"",""Images"":null,""When"":""""},{""Name"":""Tiến Ngọc"",""ProfilePicture"":""https://lh3.googleusercontent.com/a-/ALV-UjWYidcaU3dgN0Rwkpw84fMHbj6XbKOBSAfAP-8yMNqKmmhkJAyuwg=s120-c-rp-mo-br100"",""Rating"":4,""Description"":""Giá cả khá hợp lý..nhiều phòng"",""Images"":null,""When"":""""},{""Name"":""FDX TK"",""ProfilePicture"":""https://lh3.googleusercontent.com/a-/ALV-UjXpJk0vfCStx1mlCFmAM-ODvTUj4pd9HQvR_G-20rtH1H4P4AUX=s120-c-rp-mo-ba12-br100"",""Rating"":3,""Description"":""Phù hợp ngả lưng nhanh. Cơ sở vật chất tồi tàn"",""Images"":null,""When"":""""},{""Name"":""Ngọc Mỹ"",""ProfilePicture"":""https://lh3.googleusercontent.com/a-/ALV-UjWnH_uIr8VI5npcr9J0EXbob4QvdecJrntlJa8xpzqTDA0IHa_6=s120-c-rp-mo-ba12-br100"",""Rating"":2,""Description"":""Đã xuống cấp, tạm được nếu không yêu cầu cao!"",""Images"":null,""When"":""""}]","[{""Name"":""Trà Mộc"",""ProfilePicture"":""https://lh3.googleusercontent.com/a/ACg8ocKOV5oj4aOPAl6PIsTjCS1wDWepncozUmDjCBxXX0qfChx9RSY=s120-c-rp-mo-ba12-br100"",""Rating"":3,""Description"":""hơi bụi bặm . mặt đường nên ồn. đệm lò xo cứng nằm đau lưng\nnhà nghỉ mà ngủ cũng k ngon í ạ"",""Images"":null,""When"":""""},{""Name"":""Vua Khởi Nghiệp"",""ProfilePicture"":""https://lh3.googleusercontent.com/a-/ALV-UjU0G4mWqTuJrsbqWNghDMmsf1jKsQ14Gc3YxpmYET-9PKarfnyU1Q=s120-c-rp-mo-ba12-br100"",""Rating"":3,""Description"":""Nhà nghĩ tôi hay nghĩ vì quen thuộc nơi đây. Giá cả phù hợp nhưng không tiện nghi lắm."",""Images"":[""https://lh3.googleusercontent.com/grass-cs/ANxoTn2zommhLIev_ufSlEzLFKOadHvGVsfefpv_cuk1QfksPOWSnYHeZ_2hruGI9BP8Km-Bdqsbf7ixneg6DxtkahO9kP8ZCPSnEC15IEOEmTPKqS4tALpQ4jPfzRRWXY6vJ8Pjut0=k-no""],""When"":""2020-1-4""},{""Name"":""Triệu Tích"",""ProfilePicture"":""https://lh3.googleusercontent.com/a-/ALV-UjW6mvLic9An2XcoEraLaebyV2lWpjB5dm4FZwD0Qp-du-ExRlw=s120-c-rp-mo-br100"",""Rating"":2,""Description"":""Giá cả tầm trung. Phòng rất cũ và xập xệ"",""Images"":null,""When"":""""},{""Name"":""Tien Nv"",""ProfilePicture"":""https://lh3.googleusercontent.com/a/ACg8ocISEUf7XqzsGIGsEU6en8jlY_nnd20TAsXanVEiZ6iJ_WY1nw=s120-c-rp-mo-br100"",""Rating"":1,""Description"":""Cơ sở vật chất tồi tàn, sàn, phong tắm siêu bẩn, giá 250-300/ 1 đêm."",""Images"":[""https://lh3.googleusercontent.com/grass-cs/ANxoTn2wHuw61azK9rctUyHhi6dtxZ7giRadh3kCL69kUqI-hztoAquNg8eRbHNopH-RN49iG6z6Sdrsqcv4rWujphBbzfbE8q76G4bJkntZUY4B3kdLDtjtdQtJjZTID8lb7uYTSYDA=k-no"",""https://lh3.googleusercontent.com/grass-cs/ANxoTn346patb93vMo2FsT4tJRNTAVxmBO3Zzy0eISdOTCa1tCgaDgfTkHinNskONF2yEUaAqtamYoSKfqZuXCSehf61OoC-Fgzba2t2-XuUNl6FS2RIjAL4YAt0G993po1Il43t7Vo=k-no""],""When"":""2018-9-25""},{""Name"":""Vũ Dũng Hải"",""ProfilePicture"":""https://lh3.googleusercontent.com/a-/ALV-UjXXowyxNzcWKRRfAQkI21JA4N7UQQWODPvPOJt9bnTog6FMAec=s120-c-rp-mo-ba12-br100"",""Rating"":4,""Description"":""Sạch sẽ, lịch sự và thuận tiện cho việc di chuyển. Giá cả hợp lý"",""Images"":null,""When"":""""},{""Name"":""Tiến Ngọc"",""ProfilePicture"":""https://lh3.googleusercontent.com/a-/ALV-UjWYidcaU3dgN0Rwkpw84fMHbj6XbKOBSAfAP-8yMNqKmmhkJAyuwg=s120-c-rp-mo-br100"",""Rating"":4,""Description"":""Giá cả khá hợp lý..nhiều phòng"",""Images"":null,""When"":""""},{""Name"":""FDX TK"",""ProfilePicture"":""https://lh3.googleusercontent.com/a-/ALV-UjXpJk0vfCStx1mlCFmAM-ODvTUj4pd9HQvR_G-20rtH1H4P4AUX=s120-c-rp-mo-ba12-br100"",""Rating"":3,""Description"":""Phù hợp ngả lưng nhanh. Cơ sở vật chất tồi tàn"",""Images"":null,""When"":""""},{""Name"":""Ngọc Mỹ"",""ProfilePicture"":""https://lh3.googleusercontent.com/a-/ALV-UjWnH_uIr8VI5npcr9J0EXbob4QvdecJrntlJa8xpzqTDA0IHa_6=s120-c-rp-mo-ba12-br100"",""Rating"":2,""Description"":""Đã xuống cấp, tạm được nếu không yêu cầu cao!"",""Images"":null,""When"":""""},{""Name"":""Lò Ngọc Thiện"",""ProfilePicture"":""https://lh3.googleusercontent.com/a-/ALV-UjW0l3cToQdil_0aZuAkQ3uQM4etiVmVXwLUPOx_npR65J-eidwc6Q=s120-c-rp-mo-ba12-br100"",""Rating"":5,""Description"":""Chủ quán nhiệt tình,giá phải chăng"",""Images"":null,""When"":""""},{""Name"":""Choi Lee"",""ProfilePicture"":""https://lh3.googleusercontent.com/a-/ALV-UjV45Q293UDRHh9cztJGtaSF1AD_79ER97jKntJGeC09FUiF0HHk=s120-c-rp-mo-ba12-br100"",""Rating"":3,""Description"":""Phòng tương đương với giá tiền"",""Images"":null,""When"":""""},{""Name"":""Trung AMHL"",""ProfilePicture"":""https://lh3.googleusercontent.com/a-/ALV-UjX7I_4zNYobn-PX3hblY0cBVQq8gdvaXKq2gf5KUeru3EeDxm04=s120-c-rp-mo-br100"",""Rating"":5,""Description"":""Tuyệt vời"",""Images"":null,""When"":""""},{""Name"":""thành quế cinnamon cassia"",""ProfilePicture"":""https://lh3.googleusercontent.com/a-/ALV-UjV9Wsl-OI390KQMO3f8XCgVa5Nx7s6YhOPquctEpoZvgIWH5SzB=s120-c-rp-mo-ba12-br100"",""Rating"":4,""Description"":""Có giặt đồ sấy khô"",""Images"":null,""When"":""""},{""Name"":""Phu Hoang"",""ProfilePicture"":""https://lh3.googleusercontent.com/a/ACg8ocKxUTDE0X8P06foeLRLbNuPs0GKiRP8_ZAHWCTpH4X-G2-UZw=s120-c-rp-mo-ba12-br100"",""Rating"":5,""Description"":""Rất OK"",""Images"":null,""When"":""""},{""Name"":""Phan Văn Minh"",""ProfilePicture"":""https://lh3.googleusercontent.com/a/ACg8ocIbIV7chQpiHPyc28-KkNnf33i9C63s0G-OZ7FfhNOxq8OyQw=s120-c-rp-mo-ba12-br100"",""Rating"":1,""Description"":""Qua te"",""Images"":null,""When"":""""},{""Name"":""Dat Dao tv"",""ProfilePicture"":""https://lh3.googleusercontent.com/a/ACg8ocJg69uUQqRIyJWwN9kkwDn5kb2ERrWNgSw4sUkCv-LNdAEkyA=s120-c-rp-mo-ba12-br100"",""Rating"":2,""Description"":""Nhà nghi bình dân"",""Images"":null,""When"":""""},{""Name"":""Dương Nguyễn"",""ProfilePicture"":""https://lh3.googleusercontent.com/a/ACg8ocLvV-37CtwsU4nak8gIN2C57iZFUrqr81nBITa0EeFBl-To7Q=s120-c-rp-mo-br100"",""Rating"":5,""Description"":""Dk"",""Images"":null,""When"":""""},{""Name"":""Lê Anh Tuấn"",""ProfilePicture"":""https://lh3.googleusercontent.com/a-/ALV-UjX2m-37-UeMOz2s3JSzbnUtTvlNaOWs5yyNv002KDuE7G6vApB_=s120-c-rp-mo-br100"",""Rating"":5,""Description"":""tốt"",""Images"":null,""When"":""""},{""Name"":""Bing Hằng"",""ProfilePicture"":""https://lh3.googleusercontent.com/a-/ALV-UjWcgXztFj6ebcL86QT0BewG3wQmrDN7ShJRnEYvkFYYZEL4ZZ1oTw=s120-c-rp-mo-br100"",""Rating"":5,""Description"":""Tuyệt"",""Images"":null,""When"":""""},{""Name"":""chung tran van"",""ProfilePicture"":""https://lh3.googleusercontent.com/a-/ALV-UjXjrOvQGXgty2OPMFHZeLOscN78EHgF-BCpLMBUsEsscR0gC7fKeA=s120-c-rp-mo-ba12-br100"",""Rating"":1,""Description"":""Bình thường"",""Images"":null,""When"":""""},{""Name"":""Ba Nam Luu"",""ProfilePicture"":""https://lh3.googleusercontent.com/a-/ALV-UjUrN85iV7hzwms8LMkyLOL9EYviHnEbPSriFlv8UgWJpJj8cKOR=s120-c-rp-mo-ba12-br100"",""Rating"":5,""Description"":"""",""Images"":null,""When"":""""},{""Name"":""Thủy LTT"",""ProfilePicture"":""https://lh3.googleusercontent.com/a-/ALV-UjXWEVRUO9JuhtEGdYsVTo7VtFMJYyxu2Hx_aW8d-_S-qTiffzPX_Q=s120-c-rp-mo-br100"",""Rating"":2,""Description"":"""",""Images"":[""https://lh3.googleusercontent.com/grass-cs/ANxoTn1Zc4zyNsWFEvW-h2OBx_cq0vdEjeWAyJLS0fgSbTj-JibkIpIgLrd80mtSmX8bmKEfDEXLE3foPUVqjMeu78m6Rm8GBQbHW4lh2v95cg5PrA29mIA3bYO6281m6h1qSd891-S3=k-no""],""When"":""2024-6-8""},{""Name"":""Thị bình Tòng"",""ProfilePicture"":""https://lh3.googleusercontent.com/a-/ALV-UjUp8kbkJaFaNhkJSAmEQ_V1nLJRyavwNCfymQ-baE_6PBFia4D0=s120-c-rp-mo-br100"",""Rating"":1,""Description"":"""",""Images"":null,""When"":""""},{""Name"":""Dung Lê"",""ProfilePicture"":""https://lh3.googleusercontent.com/a-/ALV-UjXyixAPs8lyqTBOoMSkzBVxfDpdymkr-wNy8xdnwu2aGRsnbta0=s120-c-rp-mo-br100"",""Rating"":1,""Description"":"""",""Images"":null,""When"":""""},{""Name"":""nguyenvan chung"",""ProfilePicture"":""https://lh3.googleusercontent.com/a/ACg8ocJP0INO1GVGZdRMdgvP1mRALLbNbK7RTkQxNoLjsO2VxqHJPQ=s120-c-rp-mo-br100"",""Rating"":1,""Description"":"""",""Images"":null,""When"":""""},{""Name"":""PHAN THANH PHI"",""ProfilePicture"":""https://lh3.googleusercontent.com/a-/ALV-UjVtUIKb-Kc-ZqBtuIBvwiPj6hhbyzI7_JmjP3MowBg8eSyQJ61o=s120-c-rp-mo-ba12-br100"",""Rating"":1,""Description"":"""",""Images"":[""https://lh3.googleusercontent.com/grass-cs/ANxoTn2rGDwHXXarIsdIsjc0Fi5YLMI6IDJyQWs3VqkCTTC__s_DyrFes3ihGeocQ_VpFQw_C0GlPMnivDV8653VRvzgIrDLsQwgVXDD4cNHj3Egzjzli0jhOAcFumdrs39KKVIaXa0r=k-no""],""When"":""2021-9-30""},{""Name"":""Phúc Nguyễn Đức"",""ProfilePicture"":""https://lh3.googleusercontent.com/a/ACg8ocLPCMPhoR5Hy6Gqzyz7fnam3LURFqSs3z4CzS3sTvGqLo0VeQ=s120-c-rp-mo-ba12-br100"",""Rating"":1,""Description"":"""",""Images"":null,""When"":""""},{""Name"":""Thế Công Đặng"",""ProfilePicture"":""https://lh3.googleusercontent.com/a-/ALV-UjU3dRn7SPyomSPfX5sYcG47XkfeUhlwNowOfV64959Jx7V-kkEu=s120-c-rp-mo-br100"",""Rating"":5,""Description"":"""",""Images"":null,""When"":""""},{""Name"":""Ma Long Pham"",""ProfilePicture"":""https://lh3.googleusercontent.com/a-/ALV-UjUc5ig1mB7TPUuNAccB1x4-l3a2okNvbDbjuPHxclE3hKHV0sM=s120-c-rp-mo-br100"",""Rating"":5,""Description"":"""",""Images"":null,""When"":""""},{""Name"":""Nguyễn Thị Ngọc Anh"",""ProfilePicture"":""https://lh3.googleusercontent.com/a/ACg8ocKRsZJo0wlR8RvI3qgiSA2Ph2wSRz0IxrIeLrwdeWwtpzYxZ0E=s120-c-rp-mo-ba12-br100"",""Rating"":3,""Description"":"""",""Images"":null,""When"":""""},{""Name"":""Thiện Lâm Nguyễn"",""ProfilePicture"":""https://lh3.googleusercontent.com/a-/ALV-UjVTe1iV-YEY7UVdyD9mJRHBfcZxOOmwJ8-ZQI-OoKy-KUNZdsIn=s120-c-rp-mo-ba12-br100"",""Rating"":5,""Description"":"""",""Images"":null,""When"":""""},{""Name"":""Uyên Phạm"",""ProfilePicture"":""https://lh3.googleusercontent.com/a-/ALV-UjWQVoCURcJO3qC-BMpUoF8N6902XHTHHqzz1PamAJzFmOdKr33V=s120-c-rp-mo-ba12-br100"",""Rating"":4,""Description"":"""",""Images"":null,""When"":""""},{""Name"":""Hưng Nguyễn Công"",""ProfilePicture"":""https://lh3.googleusercontent.com/a-/ALV-UjXuxXkbwacMaYpSYGYtipJnzffYWJmCp6bHSI-83NfOur1rxLPxcQ=s120-c-rp-mo-ba12-br100"",""Rating"":3,""Description"":"""",""Images"":null,""When"":""""},{""Name"":""Quốc Hưng"",""ProfilePicture"":""https://lh3.googleusercontent.com/a-/ALV-UjW3RVi5Ho2PFldo2yKrBlnLga54lEhQwE3lGNH30ThoBCFomFaWFw=s120-c-rp-mo-ba12-br100"",""Rating"":5,""Description"":"""",""Images"":null,""When"":""""},{""Name"":""Vũ Ngọc Tuấn"",""ProfilePicture"":""https://lh3.googleusercontent.com/a-/ALV-UjUPdl11FCwzYgPH5urBpO15aZCNlnhq4Uy_1i0Sw4zZsj33sGyk=s120-c-rp-mo-ba12-br100"",""Rating"":2,""Description"":"""",""Images"":null,""When"":""""},{""Name"":""huy nguyễn xuân"",""ProfilePicture"":""https://lh3.googleusercontent.com/a/ACg8ocLlzbPK_N9v3-oV1Xome-51IcV-lU2UWAVrSXTNBXxck6dwkw=s120-c-rp-mo-br100"",""Rating"":4,""Description"":"""",""Images"":null,""When"":""""},{""Name"":""Tuấn anh Lê"",""ProfilePicture"":""https://lh3.googleusercontent.com/a-/ALV-UjWKJqhkGuD6_094ddbrL3aoXAtBsvo-kmWCFk_6FsmSdQ8ki_j2rA=s120-c-rp-mo-ba12-br100"",""Rating"":5,""Description"":"""",""Images"":null,""When"":""""},{""Name"":""Việt Anh Vũ"",""ProfilePicture"":""https://lh3.googleusercontent.com/a-/ALV-UjVZf9J1YTwns2p1w185-g6Evyn2lyHHyd-ACg6NfCzrjVmYltCF=s120-c-rp-mo-br100"",""Rating"":5,""Description"":"""",""Images"":null,""When"":""""},{""Name"":""Mạnh Hưng Từ"",""ProfilePicture"":""https://lh3.googleusercontent.com/a-/ALV-UjWUAOsWRsA5AYkOVe13aw5mQ6Kj66iVgTxuO1NQuT77mDW-hH4=s120-c-rp-mo-ba12-br100"",""Rating"":5,""Description"":"""",""Images"":null,""When"":""""},{""Name"":""Quyết Nguyễn"",""ProfilePicture"":""https://lh3.googleusercontent.com/a/ACg8ocJFs5isfLlYkKexcGj8TRUhxPkA934rkzg_geH49Q7wNx5Dyw=s120-c-rp-mo-br100"",""Rating"":4,""Description"":"""",""Images"":null,""When"":""""},{""Name"":""Nguyễn Đức Toàn"",""ProfilePicture"":""https://lh3.googleusercontent.com/a-/ALV-UjWBP0HSmgGHePfXepXK-rTneMUqj2ndeXC9tXNdhAMjo0_Ev18W=s120-c-rp-mo-br100"",""Rating"":5,""Description"":"""",""Images"":null,""When"":""""},{""Name"":""Kỳ Minh Nguyễn"",""ProfilePicture"":""https://lh3.googleusercontent.com/a-/ALV-UjU2Dd3QUBtZjijpAptrTabHGSYtVYZc7bfyulCZZKF1WKCcaYwOZw=s120-c-rp-mo-ba12-br100"",""Rating"":5,""Description"":"""",""Images"":null,""When"":""""},{""Name"":""Trieu Nguyen Ba"",""ProfilePicture"":""https://lh3.googleusercontent.com/a-/ALV-UjVe1Opt3dQDIukdV0Uv0rfuo6WE4LL_ST98AHB7Hh7kKAcSpNb0kA=s120-c-rp-mo-ba12-br100"",""Rating"":2,""Description"":"""",""Images"":null,""When"":""""}]"
Nhà Khách Sen Vọng,Khách sạn lưu trú dài hạn,215,4.700000,"{""1"":12,""2"":4,""3"":5,""4"":3,""5"":191}",0.000000,0.000000,"[{""Name"":""Thịnh Lê"",""ProfilePicture"":""https://lh3.googleusercontent.com/a/ACg8ocI6EHQkw43BOgFz5DYBSiNgttjTYAWqhtKrW_cD7nz5necZZw=s120-c-rp-mo-br100"",""Rating"":5,""Description"":""Không gian khách sạn thoáng, ánh sáng tự nhiên nhiều, buổi chiều ngồi ngắm ngoài ban công rất dễ chịu"",""Images"":null,""When"":""""},{""Name"":""Dz123 Bin"",""ProfilePicture"":""https://lh3.googleusercontent.com/a/ACg8ocJgHEvGFZmRqpOTAUZmWKkjpNBMrPbwMHs0ctNDpGB9ZYDTDQ=s120-c-rp-mo-br100"",""Rating"":5,""Description"":""Phòng sạch sẽ, thơm tho, bước vào là thấy dễ chịu liền. Nhân viên thân thiện, nói chuyện nhẹ nhàng, giúp đỡ tận tình"",""Images"":null,""When"":""""},{""Name"":""Sờ ki bi đi tôi lét"",""ProfilePicture"":""https://lh3.googleusercontent.com/a-/ALV-UjUXL5td8BTur7YI95D1Me9hTQrdzx4MeAlUqcr1wd5wP2Fhso0=s120-c-rp-mo-br100"",""Rating"":5,""Description"":""Phòng ở sạch sẽ, nhân viên tiếp đón niềm nở, cảm giác thoải mái ngay từ lúc nhận phòng"",""Images"":null,""When"":""""},{""Name"":""tuyet tran"",""ProfilePicture"":""https://lh3.googleusercontent.com/a-/ALV-UjWE7xroDbverrYW3NmnctRNhan3gSqg-d4LM8xpCRfF2xatlZ0=s120-c-rp-mo-br100"",""Rating"":5,""Description"":""Nhà vệ sinh sạch bóng, có đầy đủ đồ dùng cơ bản. Vòi sen nước mạnh, tắm thoải mái sau một ngày đi chơi"",""Images"":null,""When"":""""},{""Name"":""Phúc Nguyễn"",""ProfilePicture"":""https://lh3.googleusercontent.com/a/ACg8ocLWb1Yb1GZjs1vvUXxia3ApMMF5pClc8yGEbobxVebU_4lO1w=s120-c-rp-mo-br100"",""Rating"":5,""Description"":""Khách sạn nằm vị trí thuận tiện, đi bộ ra chợ hay quán ăn đều nhanh, rất tiện cho khách du lịch"",""Images"":null,""When"":""""},{""Name"":""Chuc Nguyen"",""ProfilePicture"":""https://lh3.googleusercontent.com/a/ACg8ocKNXQH1HSDIeSOg2zih5Pn0zY7QyDMnR3A0Ro4qJ59BxYPidg=s120-c-rp-mo-br100"",""Rating"":5,""Description"":""Nhân viên ở đây khá thân thiện, thấy mình có trẻ nhỏ liền hỗ trợ thêm gối và chăn mà không cần hỏi nhiều"",""Images"":null,""When"":""""},{""Name"":""Bùi Nhất phong"",""ProfilePicture"":""https://lh3.googleusercontent.com/a-/ALV-UjXSmLJlz38is3VbU1Ef0soYPTbDqyG7S6ypPaQaTpZvlm83xpU=s120-c-rp-mo-br100"",""Rating"":5,""Description"":""Khách sạn có vị trí lý tưởng, rất gần các khu vui chơi giải trí. Phòng ngủ sạch sẽ và đầy đủ tiện nghi. Nhân viên luôn sẵn sàng hỗ trợ khi cần thiết"",""Images"":null,""When"":""""},{""Name"":""Thành Trung Đỗ"",""ProfilePicture"":""https://lh3.googleusercontent.com/a/ACg8ocJFSCRwU1c-1MbO59bOGCxIXo-ilYwNCzI9CowpXB2QcGIsTg=s120-c-rp-mo-br100"",""Rating"":5,""Description"":""Phòng ở gọn gàng, nhân viên dọn dẹp mỗi ngày nên cảm giác lúc nào cũng sạch sẽ, thoải mái khi nghỉ lại"",""Images"":null,""When"":""""}]","[{""Name"":""Đức Duyyy Hoàng"",""ProfilePicture"":""https://lh3.googleusercontent.com/a-/ALV-UjUwLMOoriB8B1eBd7iNlLho9THtk7dxwyA-r3P4Qwz0WV9I8UY=s120-c-rp-mo-br100"",""Rating"":5,""Description"":""The massage near Five Palm Hotel was a wonderful experience, very professional services"",""Images"":null,""When"":""""},{""Name"":""JOKE L"",""ProfilePicture"":""https://lh3.googleusercontent.com/a-/ALV-UjX3qk48RLlL54WKSX2EEp3qNLy9sjIoMLMJE3tpOsx1AL1VcFVB=s120-c-rp-mo-ba12-br100"",""Rating"":5,""Description"":""Service attitude is very good, it is worth coming again😆"",""Images"":null,""When"":""""},{""Name"":""Linh Tran"",""ProfilePicture"":""https://lh3.googleusercontent.com/a-/ALV-UjXT2mBnkiGnAzfcYu1pRf7VkZ-WUeLMhYzj-vFh0r--7Wf8fVPV=s120-c-rp-mo-br100"",""Rating"":5,""Description"":""so far so good"",""Images"":null,""When"":""""},{""Name"":""Bảo Bảo"",""ProfilePicture"":""https://lh3.googleusercontent.com/a-/ALV-UjVesPYEtiCftTUahM4fg8y_FckrAGLdM_I-U2axInjysGFROEhV=s120-c-rp-mo-ba12-br100"",""Rating"":5,""Description"":""Good"",""Images"":null,""When"":""""},{""Name"":""Thịnh Lê"",""ProfilePicture"":""https://lh3.googleusercontent.com/a/ACg8ocI6EHQkw43BOgFz5DYBSiNgttjTYAWqhtKrW_cD7nz5necZZw=s120-c-rp-mo-br100"",""Rating"":5,""Description"":""Không gian khách sạn thoáng, ánh sáng tự nhiên nhiều, buổi chiều ngồi ngắm ngoài ban công rất dễ chịu"",""Images"":null,""When"":""""},{""Name"":""Dz123 Bin"",""ProfilePicture"":""https://lh3.googleusercontent.com/a/ACg8ocJgHEvGFZmRqpOTAUZmWKkjpNBMrPbwMHs0ctNDpGB9ZYDTDQ=s120-c-rp-mo-br100"",""Rating"":5,""Description"":""Phòng sạch sẽ, thơm tho, bước vào là thấy dễ chịu liền. Nhân viên thân thiện, nói chuyện nhẹ nhàng, giúp đỡ tận tình"",""Images"":null,""When"":""""},{""Name"":""Sờ ki bi đi tôi lét"",""ProfilePicture"":""https://lh3.googleusercontent.com/a-/ALV-UjUXL5td8BTur7YI95D1Me9hTQrdzx4MeAlUqcr1wd5wP2Fhso0=s120-c-rp-mo-br100"",""Rating"":5,""Description"":""Phòng ở sạch sẽ, nhân viên tiếp đón niềm nở, cảm giác thoải mái ngay từ lúc nhận phòng"",""Images"":null,""When"":""""},{""Name"":""tuyet tran"",""ProfilePicture"":""https://lh3.googleusercontent.com/a-/ALV-UjWE7xroDbverrYW3NmnctRNhan3gSqg-d4LM8xpCRfF2xatlZ0=s120-c-rp-mo-br100"",""Rating"":5,""Description"":""Nhà vệ sinh sạch bóng, có đầy đủ đồ dùng cơ bản. Vòi sen nước mạnh, tắm thoải mái sau một ngày đi chơi"",""Images"":null,""When"":""""},{""Name"":""Phúc Nguyễn"",""ProfilePicture"":""https://lh3.googleusercontent.com/a/ACg8ocLWb1Yb1GZjs1vvUXxia3ApMMF5pClc8yGEbobxVebU_4lO1w=s120-c-rp-mo-br100"",""Rating"":5,""Description"":""Khách sạn nằm vị trí thuận tiện, đi bộ ra chợ hay quán ăn đều nhanh, rất tiện cho khách du lịch"",""Images"":null,""When"":""""},{""Name"":""Chuc Nguyen"",""ProfilePicture"":""https://lh3.googleusercontent.com/a/ACg8ocKNXQH1HSDIeSOg2zih5Pn0zY7QyDMnR3A0Ro4qJ59BxYPidg=s120-c-rp-mo-br100"",""Rating"":5,""Description"":""Nhân viên ở đây khá thân thiện, thấy mình có trẻ nhỏ liền hỗ trợ thêm gối và chăn mà không cần hỏi nhiều"",""Images"":null,""When"":""""},{""Name"":""Bùi Nhất phong"",""ProfilePicture"":""https://lh3.googleusercontent.com/a-/ALV-UjXSmLJlz38is3VbU1Ef0soYPTbDqyG7S6ypPaQaTpZvlm83xpU=s120-c-rp-mo-br100"",""Rating"":5,""Description"":""Khách sạn có vị trí lý tưởng, rất gần các khu vui chơi giải trí. Phòng ngủ sạch sẽ và đầy đủ tiện nghi. Nhân viên luôn sẵn sàng hỗ trợ khi cần thiết"",""Images"":null,""When"":""""},{""Name"":""Thành Trung Đỗ"",""ProfilePicture"":""https://lh3.googleusercontent.com/a/ACg8ocJFSCRwU1c-1MbO59bOGCxIXo-ilYwNCzI9CowpXB2QcGIsTg=s120-c-rp-mo-br100"",""Rating"":5,""Description"":""Phòng ở gọn gàng, nhân viên dọn dẹp mỗi ngày nên cảm giác lúc nào cũng sạch sẽ, thoải mái khi nghỉ lại"",""Images"":null,""When"":""""},{""Name"":""Huỳnh Mai Trần Thị"",""ProfilePicture"":""https://lh3.googleusercontent.com/a/ACg8ocLI0hXFTn1YPXkQvnZdtIbNVn3TSV5oQ1l8kSYMV9GdueQ27Pw=s120-c-rp-mo-br100"",""Rating"":5,""Description"":""Mọi thứ từ lúc check-in đến khi check-out đều diễn ra suôn sẻ. Không có gì để phàn nàn cả, dịch vụ chuyên nghiệp, thái độ nhân viên điểm 10"",""Images"":null,""When"":""""},{""Name"":""Như Bảo"",""ProfilePicture"":""https://lh3.googleusercontent.com/a/ACg8ocKTIVJVb06HYUGSoCRv7s8O8q-Uo9YQr8UeWjaPvU-bc13VxQ=s120-c-rp-mo-br100"",""Rating"":5,""Description"":""Phòng có mùi thơm nhẹ, chăn ga sạch, máy lạnh chạy êm, nói chung là đáng tiền"",""Images"":null,""When"":""""},{""Name"":""Đàm Sơn"",""ProfilePicture"":""https://lh3.googleusercontent.com/a-/ALV-UjVEg5GclBCuPO-DH-e3YwzSKb-tZEeWVoEr2pM5vFg4qs5IOr0=s120-c-rp-mo-br100"",""Rating"":5,""Description"":""Mình ở 2 đêm, thấy rất hài lòng. Giường êm, nước nóng ổn định, không có tiếng ồn làm phiền"",""Images"":null,""When"":""""},{""Name"":""DJI HNAM"",""ProfilePicture"":""https://lh3.googleusercontent.com/a/ACg8ocIWsF3dGcKuIuIi9aakLISNVewRXVAd1gbWPnEwb8yJzqfzeA=s120-c-rp-mo-br100"",""Rating"":5,""Description"":""Tôi khá kỹ tính nhưng lần này hoàn toàn hài lòng. Check-in nhanh, thang máy êm, phòng yên tĩnh đến mức nghe được tiếng đồng hồ tích tắc – quá lý tưởng để nghỉ ngơi"",""Images"":null,""When"":""""},{""Name"":""Khá Bảnh"",""ProfilePicture"":""https://lh3.googleusercontent.com/a-/ALV-UjUSiEYk_pMKkIE2udL2jONXR22tV9MwHEkqYAx-S1y8hmwlQJ4=s120-c-rp-mo-br100"",""Rating"":5,""Description"":""Nhân viên lễ tân dễ thương, hỗ trợ nhanh và nhiệt tình lắm, cảm giác như ở nhà"",""Images"":null,""When"":""""},{""Name"":""châu bùi"",""ProfilePicture"":""https://lh3.googleusercontent.com/a/ACg8ocIMB6aoghoXAL80oxt-8YnXAPiXsWy5wteBJqqe2gtqnqRXyw=s120-c-rp-mo-br100"",""Rating"":5,""Description"":""Vị trí thuận tiện, bước ra là có quán cà phê và siêu thị nhỏ, đi đâu cũng tiện"",""Images"":null,""When"":""""},{""Name"":""Thắng Phạm"",""ProfilePicture"":""https://lh3.googleusercontent.com/a/ACg8ocLIRtzKj1FHRIFxIUqp88A-cAHx7Cw4vui_f4FBgFiEwXdGqg=s120-c-rp-mo-br100"",""Rating"":5,""Description"":""Vị trí khách sạn thuận tiện, đi bộ vài phút là có quán ăn và cửa hàng, rất tiện cho khách ở ngắn ngày"",""Images"":null,""When"":""""},{""Name"":""Thi Ánh"",""ProfilePicture"":""https://lh3.googleusercontent.com/a/ACg8ocJBS2zk0vs-YrGNQHnRia_EbqdVLSK0_s8M3GmAgYtGOoiJlA=s120-c-rp-mo-br100"",""Rating"":5,""Description"":""Không gian khách sạn thiết kế tinh tế, có điểm nhấn và rất dễ chịu khi lưu trú lâu ngày. Nhân viên hỗ trợ hành lý nhiệt tình từ cổng vào đến tận phòng. Mọi trải nghiệm đều cho thấy sự chuyên nghiệp"",""Images"":null,""When"":""""},{""Name"":""Sangg Le"",""ProfilePicture"":""https://lh3.googleusercontent.com/a/ACg8ocLsg5SzOj330i5JVvofeIFW3lma2J0jryssEUxpRUSJDjSfqg=s120-c-rp-mo-br100"",""Rating"":5,""Description"":""Không gian yên tĩnh, buổi tối nghỉ ngơi không nghe tiếng xe ngoài đường, dễ ngủ"",""Images"":null,""When"":""""},{""Name"":""Tâm Bảo"",""ProfilePicture"":""https://lh3.googleusercontent.com/a/ACg8ocJKv48jHkphMCLxF7jGkitZ-nT5JaOUUtUrEHDTmpMdqrCBKQ=s120-c-rp-mo-br100"",""Rating"":5,""Description"":""Khách sạn nằm gần trung tâm, đi lại thuận tiện. Giá so với chất lượng thì hợp lý, đáng để quay lại"",""Images"":null,""When"":""""},{""Name"":""Tai Tai"",""ProfilePicture"":""https://lh3.googleusercontent.com/a/ACg8ocLBZmdRb1OncgByMbhiwiSOujPUpU_k2L0dvB0UONDmBlNWLA=s120-c-rp-mo-br100"",""Rating"":5,""Description"":""Chăn mền giặt sạch, phơi nắng kỹ, đắp vô thấy thơm mùi vải khô tự nhiên chứ không phải xịt xà phòng công nghiệp. Mình cực ghét mùi đó mà ở đây thì không bị"",""Images"":null,""When"":""""},{""Name"":""Ma Phúc Dôn"",""ProfilePicture"":""https://lh3.googleusercontent.com/a/ACg8ocJpEVt_fN3Cte6Pe0xRrXrkGntfVwHpVOoRMRPlULxuf5akQw=s120-c-rp-mo-br100"",""Rating"":5,""Description"":""Giường êm, ga gối thơm, mình ngủ một mạch tới sáng, cảm giác rất dễ chịu"",""Images"":null,""When"":""""},{""Name"":""Hiếu Trần"",""ProfilePicture"":""https://lh3.googleusercontent.com/a-/ALV-UjW4X8mQWkjZquWXffIFpDFTZesr1oGTwU8sycQnOBogo5uk2jtx=s120-c-rp-mo-br100"",""Rating"":5,""Description"":""Nhân viên lễ tân hỗ trợ nhanh, hướng dẫn tận tình khi tôi hỏi về các điểm tham quan gần khách sạn"",""Images"":null,""When"":""""},{""Name"":""trieu Giakhanh"",""ProfilePicture"":""https://lh3.googleusercontent.com/a-/ALV-UjXSHMvd16_ZZoQpataxeP9NxEwfIR5jSmrLoV_KPJFjBzXlmIYO=s120-c-rp-mo-br100"",""Rating"":5,""Description"":""Phòng sạch sẽ, chăn ga gối thơm, bước vào cảm giác dễ chịu ngay từ đầu. Nhân viên dọn dẹp mỗi ngày nên lúc nào cũng gọn gàng"",""Images"":null,""When"":""""},{""Name"":""Minh Quang"",""ProfilePicture"":""https://lh3.googleusercontent.com/a-/ALV-UjV-lS0HT4tI4xhtORaLezl7gl4EbFS8htjEPB8bNLwnSqh2EAw=s120-c-rp-mo-br100"",""Rating"":5,""Description"":""Chỗ nghỉ rộng rãi, đi nhóm bạn mà ở vẫn thấy thoải mái. Buổi tối ngồi dưới sảnh trò chuyện khá vui"",""Images"":null,""When"":""""},{""Name"":""anh tú nguyễn"",""ProfilePicture"":""https://lh3.googleusercontent.com/a-/ALV-UjV4cjCE7PIkEB-kay2yTpDBj4nnL6ubZR27LniBPQnGsovOcDQ=s120-c-rp-mo-br100"",""Rating"":5,""Description"":""Khách sạn gọn gàng, mùi hương dễ chịu, mình thấy an tâm khi nghỉ lại"",""Images"":null,""When"":""""},{""Name"":""Khánh Nguyễn"",""ProfilePicture"":""https://lh3.googleusercontent.com/a/ACg8ocI0iw5MWv5b_5MWaNvwtt9HGhZDdT-d0Yb5T3Q1QyHbAW4iOQ=s120-c-rp-mo-br100"",""Rating"":5,""Description"":""Đi công tác ở đây vài ngày, thấy dịch vụ ổn, buổi sáng có đồ ăn nhẹ khá tiện"",""Images"":null,""When"":""""},{""Name"":""Jgjvbh Kjjh"",""ProfilePicture"":""https://lh3.googleusercontent.com/a/ACg8ocIQ0528x8iQZir2wWKBKgNDvf8GKFr96yhaPZYqOdW0kxCISw=s120-c-rp-mo-br100"",""Rating"":5,""Description"":""Phòng ở rất sạch sẽ và thoải mái. Nhân viên nhiệt tình, luôn sẵn sàng hỗ trợ khi cần. Khách sạn tọa lạc ở vị trí thuận tiện, dễ dàng di chuyển đến các địa điểm du lịch nổi tiếng"",""Images"":null,""When"":""""},{""Name"":""Ngoc Dam"",""ProfilePicture"":""https://lh3.googleusercontent.com/a/ACg8ocLERUCtT8EbeaT8hIud7ezMl-sER4TIXCtvwY3731-uildCJQ=s120-c-rp-mo-br100"",""Rating"":5,""Description"":""Buổi sáng có phục vụ cà phê nóng ngay tại sảnh, rất tiện trước khi đi ra ngoài. Cảm giác chu đáo và dễ chịu"",""Images"":null,""When"":""""},{""Name"":""Đức Nam Nguyễn"",""ProfilePicture"":""https://lh3.googleusercontent.com/a-/ALV-UjUM2gBLBkpaidaSRgieF87JEGddusTsb6NRbkMeoYHxGUZFuyI=s120-c-rp-mo-br100"",""Rating"":5,""Description"":""Giá hợp lý so với chất lượng, ở thoải mái mà không thấy bị chặt chém"",""Images"":null,""When"":""""},{""Name"":""Minh Vũ"",""ProfilePicture"":""https://lh3.googleusercontent.com/a-/ALV-UjUjXLrcgwefvl4fIaBmwST9TwFJdJVz48nAVfONLDVz_Rn8sfSi=s120-c-rp-mo-br100"",""Rating"":1,""Description"":""Phòng nghỉ nhỏ, xấu, bẩn, hôi mù. Điều hoà không mát, nước nóng không có. Trời thì lạnh nước lạnh ngắt không có nước nóng để tắm. Gọi nhân viên 5 lần 7 lượt ko xử lý được. Check out thì đợi 30' ko thấy lễ tân đâu. Giá thì quá đắt 600k/ đêm"",""Images"":[""https://lh3.googleusercontent.com/grass-cs/ANxoTn2qfZgLKNrtWlI4cvJ117p03XxySDF-u0FFUrl3cplGKCS_S4b9vUl2FNyEIDECjYg11QW7Yjh2-5kU_CGusHGaEL_tu-mEzfMQvfpd1nNzCG9uEWEz6R7w_bWk9xVkGrD9Krp0Wu78E3kg=k-no"",""https://lh3.googleusercontent.com/grass-cs/ANxoTn2MmJBllFxVAvWRv3I-Vfhd5YyClc32sUaP-gHmriIMZ17DiJ1HTlcCxm3U1THrxnnpB-Q-7jyYT7NsNUy8V2hS3h0X2oFhaz59_if5phCAnKRvbb8V6xJe3JAoVN0M6pZTZar3_iZtR5E=k-no""],""When"":""2025-11-1""},{""Name"":""Yến nhi Nguyễn bảo"",""ProfilePicture"":""https://lh3.googleusercontent.com/a/ACg8ocIdPky8Y9dvETJu_1D5jBFhY6nSJDG0NAik_g3W_pIuu4bR=s120-c-rp-mo-br100"",""Rating"":5,""Description"":""Phòng sạch sẽ, gọn gàng, nhân viên ở đây thân thiện, hỗ trợ nhanh khi tôi cần thêm vật dụng. Tôi thấy thoải mái như ở nhà"",""Images"":null,""When"":""""},{""Name"":""Mạnh Đức"",""ProfilePicture"":""https://lh3.googleusercontent.com/a/ACg8ocKiWC2ISlEa_0EPN7vOKzjfVUus6_EA6wG2Bb4uzakhfWBTgA=s120-c-rp-mo-br100"",""Rating"":5,""Description"":""Ở đây có dịch vụ giặt ủi rất tiện cho khách lưu trú dài ngày. Mình gửi đồ buổi sáng, chiều đã có lại, thơm tho sạch sẽ. Rất hài lòng!"",""Images"":null,""When"":""""},{""Name"":""Long Vu"",""ProfilePicture"":""https://lh3.googleusercontent.com/a/ACg8ocK2BO4m0NvzGUNUyIOL8A-PRFdcG0eKy1eX6-rcsY6By3uyJg=s120-c-rp-mo-br100"",""Rating"":5,""Description"":""Nhân viên xử lý nhanh khi mình cần thêm chăn, không phải đợi lâu"",""Images"":null,""When"":""""},{""Name"":""Hương Mai"",""ProfilePicture"":""https://lh3.googleusercontent.com/a/ACg8ocJvXLwSsatn2AQOp-DeAkra1vzVzs1CYjnqxszFEx5Dgqaarw=s120-c-rp-mo-br100"",""Rating"":5,""Description"":""Mỗi sáng thức dậy mở cửa sổ ra là thấy nắng nhẹ và gió mát. Cảnh xung quanh khách sạn dễ chịu và thư giãn. Dịch vụ không cầu kỳ nhưng chân thành. Một nơi lưu trú nhẹ nhàng cho những ai thích sự yên tĩnh"",""Images"":null,""When"":""""},{""Name"":""vinh vinh"",""ProfilePicture"":""https://lh3.googleusercontent.com/a/ACg8ocK2iQ2kDgF9NZgkedn6QwMqHseRTMQXb1bIUqFNZkpcxrfFWw=s120-c-rp-mo-br100"",""Rating"":5,""Description"":""Mình rất ấn tượng với cách khách sạn đón tiếp khách, luôn chào hỏi và tươi cười. Không gian ấm cúng, thiết kế đẹp mắt, tạo cảm giác như đang ở nhà. Mỗi chi tiết nhỏ đều được chăm chút cẩn thận"",""Images"":null,""When"":""""},{""Name"":""Thế Huỳnh"",""ProfilePicture"":""https://lh3.googleusercontent.com/a/ACg8ocKHmwxohRDRmqziTV3W_fLB5xEMW1-pQ4Ehl6_zQbpot9Q6iQ=s120-c-rp-mo-br100"",""Rating"":5,""Description"":""Mình đến đây công tác 2 ngày, cảm nhận chung là ổn áp. Wifi mạnh, bàn làm việc đủ rộng. Bữa sáng buffet tuy không quá nhiều món nhưng ngon và vừa miệng"",""Images"":null,""When"":""""},{""Name"":""Huynh Tuan Khoi"",""ProfilePicture"":""https://lh3.googleusercontent.com/a-/ALV-UjVkdPAhWBlnCFf2-tHty-S37tlYf5C0Kg8NKbU2tlPTPa1BcCnf=s120-c-rp-mo-br100"",""Rating"":5,""Description"":""Phòng ở sạch sẽ, chăn ga thơm tho, bước vào là có cảm giác dễ chịu liền. Nhân viên thân thiện, lúc nào cũng chào hỏi cười tươi"",""Images"":null,""When"":""""},{""Name"":""Quan Nguyen Duc"",""ProfilePicture"":""https://lh3.googleusercontent.com/a/ACg8ocL-qu_7u-hOWIMxQnn5WUNCRsv1Zcrs7u67OoTQYRq5Q0qZfg=s120-c-rp-mo-br100"",""Rating"":5,""Description"":""Ở một đêm nhưng thấy đáng tiền, phòng không quá lớn nhưng đủ tiện nghi, mọi thứ hoạt động tốt"",""Images"":null,""When"":""""},{""Name"":""Ninh Lê"",""ProfilePicture"":""https://lh3.googleusercontent.com/a/ACg8ocIFQm08j3ZQgYKi5_qCeZQmjzBdbTIYfXTj6q4idDZLi9UKCA=s120-c-rp-mo-br100"",""Rating"":5,""Description"":""Khách sạn không quá lớn nhưng rất sạch sẽ và ấm cúng. Điều hòa hoạt động tốt, phòng không có mùi khó chịu. Mình đánh giá cao sự chu đáo trong cách phục vụ"",""Images"":null,""When"":""""},{""Name"":""Nhật huy Đoàn"",""ProfilePicture"":""https://lh3.googleusercontent.com/a/ACg8ocJeaJvUySmZj15tMxTRFNiyYIjhOUaFG0TQ6oNKZMogn4tiBw=s120-c-rp-mo-br100"",""Rating"":5,""Description"":""Phòng ở sạch sẽ, gọn gàng và có mùi thơm dễ chịu ngay khi bước vào. Mình rất ưng phần giường nệm vì nằm cực kỳ êm. Nhân viên hỗ trợ nhanh chóng và rất lịch sự"",""Images"":null,""When"":""""},{""Name"":""Hoàng Phúc Lê"",""ProfilePicture"":""https://lh3.googleusercontent.com/a/ACg8ocK8NMu5KOtCnSYxVwfDI7WEoIr6bKm528_boJgRnkFvruNHxA=s120-c-rp-mo-br100"",""Rating"":5,""Description"":""Vị trí khách sạn rất tiện lợi, đi đâu cũng gần. Nội thất không quá sang trọng nhưng đầy đủ và sạch sẽ. Nhân viên dọn phòng làm rất kỹ và nhanh nhẹn. Một trải nghiệm dễ chịu và đáng nhớ"",""Images"":null,""When"":""""},{""Name"":""Phụ Acc"",""ProfilePicture"":""https://lh3.googleusercontent.com/a-/ALV-UjUvSDQgJDv--Js40OTVAnFnUuXoXdZLFHxEffYLm_r7dyZNWPI=s120-c-rp-mo-br100"",""Rating"":5,""Description"":""Không gian phòng gọn gàng, chăn ga thơm tho, bước vào thấy dễ chịu, giống như ở nhà"",""Images"":null,""When"":""""},{""Name"":""Nguyen Anh"",""ProfilePicture"":""https://lh3.googleusercontent.com/a/ACg8ocIsF386TFyPiWFWZNVmPOHygFpCZ-yz2azDQAbcVuYMa-CL6w=s120-c-rp-mo-br100"",""Rating"":5,""Description"":""Mình đã có một trải nghiệm tuyệt vời ở đây. Vị trí khách sạn rất dễ tìm, phòng đầy đủ tiện nghi. Nhân viên phục vụ tận tình và luôn niềm nở"",""Images"":null,""When"":""""},{""Name"":""Hương Lê Quỳnh"",""ProfilePicture"":""https://lh3.googleusercontent.com/a/ACg8ocJbsp3wKwk6dUItYs49mg3TB4AtpBJ_8izGAH1SOJplmFNqBA=s120-c-rp-mo-br100"",""Rating"":5,""Description"":""Mình rất ấn tượng với sự chu đáo của nhân viên tại đây, từ lúc đặt phòng cho tới khi trả phòng đều rất chuyên nghiệp và niềm nở"",""Images"":null,""When"":""""},{""Name"":""Viết trí Huỳnh"",""ProfilePicture"":""https://lh3.googleusercontent.com/a/ACg8ocK2lQg2w-s_Ans-n_mWzKAlaHqJTdVzYxH1yHle-nv4WqNMqQ=s120-c-rp-mo-br100"",""Rating"":5,""Description"":""Phòng tắm sáng sủa, nước mạnh, không gặp tình trạng tắc nghẽn"",""Images"":null,""When"":""""},{""Name"":""Gia Van"",""ProfilePicture"":""https://lh3.googleusercontent.com/a/ACg8ocL49_O8xtcnTHKGFVudXWbt1x0y7_CJF_cLUXNqKUMAnIxRhQ=s120-c-rp-mo-br100"",""Rating"":5,""Description"":""Một điều nhỏ mà mình thích là ổ cắm điện đặt sát đầu giường, khỏi phải bò ra bàn mỗi lần sạc điện thoại. Chỗ phơi đồ trong phòng tắm cũng chắc chắn, không bị lung lay"",""Images"":null,""When"":""""},{""Name"":""Lê thị Vân khánh"",""ProfilePicture"":""https://lh3.googleusercontent.com/a/ACg8ocL3kpNIhTq_lZ3zWVJ6Oh4G2qXiD6ImSW3VcNqxE2LrAbXY9WHq=s120-c-rp-mo-br100"",""Rating"":5,""Description"":""Lần đầu tiên đến đây và hoàn toàn hài lòng. Vị trí thuận tiện, phòng ốc sạch sẽ và có đủ mọi tiện nghi. Các dịch vụ như bữa sáng cũng rất ngon miệng và đa dạng"",""Images"":null,""When"":""""},{""Name"":""Thuan Duy"",""ProfilePicture"":""https://lh3.googleusercontent.com/a/ACg8ocIU9JOx9QaHhWTYpj2ZDpByFvzOnBN7dphGoHadtu32MUI80Q=s120-c-rp-mo-br100"",""Rating"":5,""Description"":""Phòng sạch sẽ, gọn gàng, chăn ga thơm mùi dễ chịu, cảm giác thoải mái như ở nhà"",""Images"":null,""When"":""""},{""Name"":""Bảo Thiên"",""ProfilePicture"":""https://lh3.googleusercontent.com/a/ACg8ocIIMlEihQ4bTH1vuTkA1qwVa8w11AyYOvIM2YxuCZ-WWo_7ag=s120-c-rp-mo-br100"",""Rating"":5,""Description"":""Phòng ở sạch sẽ, mùi thơm dễ chịu ngay từ khi bước vào. Nhân viên tiếp tân cực kỳ thân thiện, hỗ trợ tận tình từ lúc nhận phòng đến khi trả phòng. Mình đặc biệt ấn tượng với khu vực sảnh – trang trí đẹp mắt, tạo cảm giác thư giãn như ở resort"",""Images"":null,""When"":""""},{""Name"":""Hưng Nguyễn"",""ProfilePicture"":""https://lh3.googleusercontent.com/a/ACg8ocJBjCUawA6F3-xD3dT4PCMwHQuDg26LhG6gd6IU6M_dS2r3ew=s120-c-rp-mo-br100"",""Rating"":5,""Description"":""Nhân viên nhiệt tình chỉ đường và hỗ trợ hành lý, tạo cảm giác thân thiện"",""Images"":null,""When"":""""},{""Name"":""Gia Hân Trần"",""ProfilePicture"":""https://lh3.googleusercontent.com/a/ACg8ocLoEKOvwcQc1R7uUhy_vtQPWa_SP7_3pj6Gjshc0RqwEeBXfA=s120-c-rp-mo-br100"",""Rating"":5,""Description"":""Phòng sạch sẽ, chăn ga thơm tho, nhân viên nhiệt tình nên ở rất thoải mái"",""Images"":null,""When"":""""},{""Name"":""Tuất Vũ thị"",""ProfilePicture"":""https://lh3.googleusercontent.com/a/ACg8ocKIhl_FoAk4Iw0t3qLQIjjuVM1dytPFROyeQgf2k5kCER53BA=s120-c-rp-mo-br100"",""Rating"":5,""Description"":""Bữa sáng đa dạng món, đồ ăn nóng hổi chứ không phải kiểu nguội lạnh sẵn"",""Images"":null,""When"":""""},{""Name"":""Hồ Văn Tèo"",""ProfilePicture"":""https://lh3.googleusercontent.com/a/ACg8ocIIf2gJADyog8T43xysgZE1Otr-9f8n78F-EHM1tuIrbz4Agw=s120-c-rp-mo-br100"",""Rating"":5,""Description"":""Điểm cộng là wifi mạnh, làm việc online không bị gián đoạn"",""Images"":null,""When"":""""},{""Name"":""Chu Phamquyetcs9999"",""ProfilePicture"":""https://lh3.googleusercontent.com/a-/ALV-UjXRZLgwgBRs7-uFV2PeDMVAuk0YH6bNB5Ym2eK1zq4NM6nXMl4=s120-c-rp-mo-br100"",""Rating"":5,""Description"":""Đi công tác vài hôm ở đây thấy tiện vì gần trung tâm, di chuyển nhanh"",""Images"":null,""When"":""""},{""Name"":""Người đẹp Trai đẹp"",""ProfilePicture"":""https://lh3.googleusercontent.com/a-/ALV-UjUTAGGxMnhkjpB1GAhR2joIzyuZiYgyvRLV7q3qc7WtIPpbKzo=s120-c-rp-mo-br100"",""Rating"":5,""Description"":""Vừa đặt phòng online và nhận được sự hỗ trợ rất nhanh. Khi đến nơi, mọi thứ như mong đợi, từ chỗ đỗ xe đến tiện nghi trong phòng. Một trải nghiệm đáng nhớ"",""Images"":null,""When"":""""},{""Name"":""Nguyen Chung"",""ProfilePicture"":""https://lh3.googleusercontent.com/a-/ALV-UjWmtjo25bQRDqJAxlzKiNFzmz6YMP0c67_4qdK4wt6oNTmsEsGU=s120-c-rp-mo-br100"",""Rating"":5,""Description"":""Nhân viên lễ tân nói chuyện dễ mến, hỗ trợ check-in nhanh chóng, không mất nhiều thời gian"",""Images"":null,""When"":""""},{""Name"":""Abcd Abcd"",""ProfilePicture"":""https://lh3.googleusercontent.com/a/ACg8ocL0H4CADgD8AO2jpvpdMZ0pgfSktP23SawdFH0__SiyCwHS4Q=s120-c-rp-mo-br100"",""Rating"":5,""Description"":""Nhân viên hỗ trợ nhanh, mình cần thêm đồ dùng thì chỉ ít phút đã có ngay. Thái độ phục vụ dễ chịu"",""Images"":null,""When"":""""},{""Name"":""まるもか"",""ProfilePicture"":""https://lh3.googleusercontent.com/a/ACg8ocL7hBfAj4H-FJzMfwYAixP52QL1maEq1N-G8C_1Fk7BQAjk3g=s120-c-rp-mo-br100"",""Rating"":5,""Description"":""Check-in buổi trưa mà không khí trong sảnh mát rượi, mùi hương dễ chịu làm dịu hết cái nóng ngoài đường. Cách bày trí không cầu kỳ nhưng có gu, nhìn vô là thấy thiện cảm liền"",""Images"":null,""When"":""""},{""Name"":""huy dam"",""ProfilePicture"":""https://lh3.googleusercontent.com/a/ACg8ocIPyCYnR3eV8aYCH74sOZhKsvOSEK7OwKHDgOJSV7qQdcsyuw=s120-c-rp-mo-br100"",""Rating"":5,""Description"":""Mình thích sự yên bình và dịch vụ tận tâm ở đây. Đội ngũ nhân viên thân thiện, xử lý nhanh mọi yêu cầu. Khuôn viên xanh mát, tạo cảm giác thư giãn"",""Images"":null,""When"":""""},{""Name"":""hao ha"",""ProfilePicture"":""https://lh3.googleusercontent.com/a/ACg8ocJy_FUcbcu_c18_oflxLTxca-C0vpG5ZXkvE-MOvmKtOvPkwA=s120-c-rp-mo-br100"",""Rating"":5,""Description"":""Tôi đến muộn nhưng khách sạn vẫn hỗ trợ check-in nhanh chóng, không phải chờ đợi lâu"",""Images"":null,""When"":""""},{""Name"":""00. Khải.00"",""ProfilePicture"":""https://lh3.googleusercontent.com/a-/ALV-UjWxB055mDDBZK-TrBx8FTcNExGt2rDTtkWhNuRyFqZvn_dhfEEw=s120-c-rp-mo-br100"",""Rating"":5,""Description"":""Giường cực kỳ êm, nệm dày nằm sướng, ngủ một mạch tới sáng luôn"",""Images"":null,""When"":""""},{""Name"":""Bích Thu Trần Thị"",""ProfilePicture"":""https://lh3.googleusercontent.com/a/ACg8ocKt0tspyeQOqNlV_jEYtQh_syzMwb1Kzf9tTwgg72TdvhZsTA=s120-c-rp-mo-br100"",""Rating"":5,""Description"":""Mình chọn khách sạn vì gần chỗ làm. Ở rồi thấy sạch, không bị mùi hôi như vài chỗ khác từng ở"",""Images"":null,""When"":""""},{""Name"":""Thinh Huynh"",""ProfilePicture"":""https://lh3.googleusercontent.com/a/ACg8ocLH3WuCrM65A407UWZn0E9eaCY7-bP_rOuPq02SlFl64hbd8A=s120-c-rp-mo-br100"",""Rating"":5,""Description"":""Không gian yên tĩnh, buổi tối ngủ ngon không bị ồn ào"",""Images"":null,""When"":""""},{""Name"":""Thư Anh"",""ProfilePicture"":""https://lh3.googleusercontent.com/a-/ALV-UjUqnAItfIdSXgbM3hH9PL5G_uG-EuqdvU2FFq9bENn2whQQ19oLRQ=s120-c-rp-mo-br100"",""Rating"":5,""Description"":""Vị trí thuận tiện, di chuyển dễ dàng, gần nhiều quán ăn ngon và điểm tham quan"",""Images"":null,""When"":""""},{""Name"":""My Le"",""ProfilePicture"":""https://lh3.googleusercontent.com/a-/ALV-UjWQoGwMzeHx-KXXihs1PiHG4jpcoLhC_mxOzgviGusRT1UlpJc=s120-c-rp-mo-br100"",""Rating"":5,""Description"":""Tôi đi làm về trễ, tưởng đâu không còn ai trực, ai ngờ có bạn lễ tân vẫn ngồi đọc sách, thấy khách vô là cười tươi tiếp chuyện như người quen. Thái độ làm người ta quý liền tay"",""Images"":null,""When"":""""},{""Name"":""Nguyên Đào Thái"",""ProfilePicture"":""https://lh3.googleusercontent.com/a-/ALV-UjU74FXr4DSo6A5WX1eLICzsO77oA7uxAQPNLcAq-Fv5O6VYL9zD=s120-c-rp-mo-br100"",""Rating"":5,""Description"":""Tôi đặc biệt thích cách khách sạn sử dụng ánh sáng – không quá gắt cũng không mờ, tạo không gian rất dễ chịu. Bữa sáng phong phú, chất lượng vượt mong đợi"",""Images"":null,""When"":""""},{""Name"":""Linh Trúc Huỳnh phạm"",""ProfilePicture"":""https://lh3.googleusercontent.com/a-/ALV-UjVo46wM2qUOY06H6zrcun7z6fivi1Ye5-ag-VBXSRc9xvHcvwk=s120-c-rp-mo-br100"",""Rating"":5,""Description"":""Hành lang yên tĩnh, không có cảnh người đi qua đi lại gây ồn. Đêm nằm nghe tiếng điều hoà chạy đều đều, không kêu cục cục như mấy chỗ khác từng ở"",""Images"":null,""When"":""""},{""Name"":""Trần Thị Tú Trâm"",""ProfilePicture"":""https://lh3.googleusercontent.com/a-/ALV-UjX7v_ishjNI1I_fqN979boawH5mld-56ozjz11ifP_PIKNMZ_S_Ag=s120-c-rp-mo-br100"",""Rating"":5,""Description"":""Chỗ này đi bộ ra quán ăn gần lắm, tiện. Lễ tân làm việc nhanh gọn, không rườm rà. Ở một mình cảm giác vẫn an tâm"",""Images"":null,""When"":""""},{""Name"":""Phát Tấn"",""ProfilePicture"":""https://lh3.googleusercontent.com/a-/ALV-UjWHvL64Mo7IuEcvC-jhFOMUoL5IKeY4moq3u-42KQCTFY4RVJI=s120-c-rp-mo-br100"",""Rating"":5,""Description"":""Buổi sáng xuống sảnh thấy gọn gàng, không khí dễ chịu"",""Images"":null,""When"":""""},{""Name"":""Tèo Kim"",""ProfilePicture"":""https://lh3.googleusercontent.com/a/ACg8ocJ_U7QRSqmBxD8UgdpLIdaLsmdbZswMVpb_25Y0Z5fTFctUEQ=s120-c-rp-mo-br100"",""Rating"":5,""Description"":""Ấn tượng từ cái nhìn đầu tiên! Phòng ốc sạch sẽ tinh tươm, chăn nệm thơm tho, đi cả ngày về chỉ muốn lao lên giường nghỉ ngơi. Điểm cộng là nhân viên luôn cười tươi như hoa, tạo cảm giác cực kỳ dễ chịu"",""Images"":null,""When"":""""},{""Name"":""Huy Nguyễn tuấn"",""ProfilePicture"":""https://lh3.googleusercontent.com/a/ACg8ocLn1ycor988fgKu9Iln5XS5hG8fQjHMYnznbf_64TGDH1ljww=s120-c-rp-mo-br100"",""Rating"":5,""Description"":""Ăn sáng tại khách sạn khá ngon, thực đơn đa dạng và được chuẩn bị sạch sẽ. Mình đánh giá cao chất lượng bữa ăn sáng ở đây"",""Images"":null,""When"":""""},{""Name"":""Tuấn Kiệt Nguyễn"",""ProfilePicture"":""https://lh3.googleusercontent.com/a/ACg8ocL_dOzD3Ee1O_9nG_2SOabuOGhrP-VRFeTnmCGS0vnVApxAsg=s120-c-rp-mo-br100"",""Rating"":5,""Description"":""Điểm cộng là nước nóng có sẵn, không phải đợi lâu. Nhân viên thân thiện, nói chuyện thoải mái chứ không kiểu lạnh lùng"",""Images"":null,""When"":""""},{""Name"":""Triệu Trương"",""ProfilePicture"":""https://lh3.googleusercontent.com/a/ACg8ocK4xzUg2Ld8BHsC0yoFP-4Mc4dJKF5YW6qGkJMQmWHFu1G7Fg=s120-c-rp-mo-br100"",""Rating"":5,""Description"":""Không gian khách sạn yên tĩnh, nội thất hiện đại và tinh tế. Mình cảm thấy hoàn toàn thư giãn sau một ngày di chuyển dài"",""Images"":null,""When"":""""},{""Name"":""hoàn phạm"",""ProfilePicture"":""https://lh3.googleusercontent.com/a-/ALV-UjVd3Dd37uGYdZ41qXiUuaSbjknVPYAHLsT2aCTc9JNn7yypcNfx=s120-c-rp-mo-br100"",""Rating"":5,""Description"":""Phòng ở sạch sẽ, không gian yên tĩnh, ngủ một giấc dậy thấy rất thoải mái"",""Images"":null,""When"":""""},{""Name"":""Khánh Nguyễn"",""ProfilePicture"":""https://lh3.googleusercontent.com/a-/ALV-UjUCnucDW39TNIbqCdSpcIVVQaLS6kwJK2LC5haotgotTRMMWyk=s120-c-rp-mo-br100"",""Rating"":5,""Description"":""Giá cả hợp lý so với chất lượng dịch vụ nhận được"",""Images"":null,""When"":""""},{""Name"":""trong phan khac"",""ProfilePicture"":""https://lh3.googleusercontent.com/a-/ALV-UjWYGc7RZxaOmlMh-0nRtZTcu7uu6LcHvgq-yrnrvPFxmdQKcSYw=s120-c-rp-mo-br100"",""Rating"":5,""Description"":""Mình ấn tượng vì lễ tân nhiệt tình, hỏi gì cũng được giải đáp cẩn thận"",""Images"":null,""When"":""""},{""Name"":""Vân Anh Phạm Thị"",""ProfilePicture"":""https://lh3.googleusercontent.com/a-/ALV-UjUAszdpI0Zrqo1cS-Yo6yqSwQhgXGcAS4nuE0eeQ4LvDLIK-I8o=s120-c-rp-mo-br100"",""Rating"":5,""Description"":""Thiết kế khách sạn hiện đại nhưng vẫn có nét ấm cúng, cảm giác như ở nhà"",""Images"":null,""When"":""""},{""Name"":""Thaichi Lê"",""ProfilePicture"":""https://lh3.googleusercontent.com/a/ACg8ocJc8WzM_pWiO-UYDVl3TUBO3mzhZIEDjV4ZkokmyvNLGvyIwg=s120-c-rp-mo-br100"",""Rating"":5,""Description"":""Tôi đã ở nhiều nơi, nhưng hiếm nơi nào giữ được chất lượng ổn định như khách sạn này. Dù là ngày đầu hay cuối, mọi thứ từ dịch vụ, vệ sinh đến thái độ nhân viên đều rất nhất quán. Gối nệm êm như mây, ngủ một mạch không tỉnh giấc. Một nơi xứng đáng để giới thiệu cho bạn bè"",""Images"":null,""When"":""""},{""Name"":""Ngọc Thanh Trần"",""ProfilePicture"":""https://lh3.googleusercontent.com/a/ACg8ocIAiTg-o0A8VNI9Mu1oZrudSB5PvDrj9MI0jmBetnoRGKMxzg=s120-c-rp-mo-br100"",""Rating"":5,""Description"":""Chỗ này nhân viên không đon đả kiểu máy móc, mà cách họ nói chuyện rất tự nhiên, vừa đủ để thấy thân thiện mà không bị làm phiền"",""Images"":null,""When"":""""},{""Name"":""HV _TLTM"",""ProfilePicture"":""https://lh3.googleusercontent.com/a/ACg8ocIs46XdSNVKj3eMlnJIWY3yJ0yvnOAOIHT8MQqkRrrIOfwhoYk=s120-c-rp-mo-br100"",""Rating"":5,""Description"":""Phòng nghỉ được dọn dẹp kỹ lưỡng, mọi thứ ngăn nắp và thơm tho. Nhân viên cực kỳ thân thiện và luôn hỗ trợ tận tình. Vị trí thuận tiện, dễ dàng di chuyển đến các điểm tham quan"",""Images"":null,""When"":""""},{""Name"":""Duy mạnh Lê"",""ProfilePicture"":""https://lh3.googleusercontent.com/a/ACg8ocJTKb9kJxirET-bSgVMlE4OrTNgG0NXU_L_CCP_JNSRARrmtA=s120-c-rp-mo-br100"",""Rating"":5,""Description"":""Phòng có cửa sổ thoáng, ánh sáng tự nhiên dễ chịu. Buổi sáng mở rèm nhìn ra ngoài rất thư giãn"",""Images"":null,""When"":""""},{""Name"":""Yến Hoàng"",""ProfilePicture"":""https://lh3.googleusercontent.com/a-/ALV-UjWUrolDg_XpZV5VtAhnBxli7H0riAYTijW3Ft2RRB1z6BjhK-s=s120-c-rp-mo-br100"",""Rating"":5,""Description"":""Mỗi lần đến thành phố, tôi đều chọn khách sạn này vì sự ổn định về chất lượng. Nội thất được bảo trì tốt, wifi mạnh, điều hòa hoạt động êm ái. Rất đáng tiền và đáng để quay lại nhiều lần"",""Images"":null,""When"":""""},{""Name"":""Cúc Hùynh"",""ProfilePicture"":""https://lh3.googleusercontent.com/a/ACg8ocITj2nKEU_ScHyWuSeQ8E2b1J05Dl6PeIY_DItJEnLGBoarVA=s120-c-rp-mo-br100"",""Rating"":5,""Description"":""Nhân viên ở đây khá thân thiện, hỗ trợ nhanh khi mình cần thêm đồ dùng"",""Images"":null,""When"":""""},{""Name"":""Trần Thái Bình"",""ProfilePicture"":""https://lh3.googleusercontent.com/a-/ALV-UjV0ajkPH7m3VnFFdO8TB_50jb9KDsFVAyMdaalM_eux905VyIpA=s120-c-rp-mo-br100"",""Rating"":5,""Description"":""Nhà vệ sinh sạch sẽ, nước nóng ổn định, dùng thoải mái cả tối lẫn sáng"",""Images"":null,""When"":""""},{""Name"":""hang nga Nguyen"",""ProfilePicture"":""https://lh3.googleusercontent.com/a/ACg8ocLSbFEd9MbaLPum7he73kuERvpTOwm92d_Q662nkfV7En8APA=s120-c-rp-mo-br100"",""Rating"":5,""Description"":""Phòng sạch sẽ, máy lạnh hoạt động tốt, nước mạnh. Mình ở 2 đêm thấy ổn, không bị làm phiền gì cả. Nhân viên hỗ trợ cũng khá nhanh"",""Images"":null,""When"":""""},{""Name"":""Mai Phuong"",""ProfilePicture"":""https://lh3.googleusercontent.com/a/ACg8ocJy6r3GEqj-JW_32nxYTxiNAH3O5peLfthkX16eQzDjRgqVYbQ=s120-c-rp-mo-br100"",""Rating"":5,""Description"":""Phòng không quá rộng nhưng bố trí tinh tế, tạo cảm giác ấm cúng và riêng tư. Dịch vụ dọn phòng cực kỳ chuyên nghiệp, không chê vào đâu được"",""Images"":null,""When"":""""},{""Name"":""Linh Đào"",""ProfilePicture"":""https://lh3.googleusercontent.com/a/ACg8ocKVsUPPfPvLvgbkRLQtszDVX5GX6qiXQ3raq4Irr0K-d5DzEQ=s120-c-rp-mo-br100"",""Rating"":5,""Description"":""Phòng  rộng rãi cóa đấy đủ đồ vscn, thơm, nhân viên hỗ trợ nhiệt tình, sẽ còn quay lại"",""Images"":null,""When"":""""},{""Name"":""Ban Nguyen"",""ProfilePicture"":""https://lh3.googleusercontent.com/a/ACg8ocJPTX0PWWPqvImhGC_OR0fPGNPSLnmUQEh9OR41aAbug9GE3Q=s120-c-rp-mo-br100"",""Rating"":5,""Description"":""Lần đầu đến đã ấn tượng bởi cách chào đón nồng hậu và nụ cười của nhân viên"",""Images"":null,""When"":""""},{""Name"":""Pham Thuy"",""ProfilePicture"":""https://lh3.googleusercontent.com/a-/ALV-UjXnZkM0gdMfaAA9ElbZgCZZJCZz3jqcQ-Jlsfkuuy8zP7tiBFs=s120-c-rp-mo-br100"",""Rating"":5,""Description"":""Nhân viên lễ tân chuyên nghiệp, luôn vui vẻ và xử lý tình huống nhanh chóng"",""Images"":null,""When"":""""},{""Name"":""Sĩ Lâm"",""ProfilePicture"":""https://lh3.googleusercontent.com/a/ACg8ocKzZUlUV0HDXzB__TodhOWH4BPAsmUBhFeOCJ2m7hk9Y7Ww5g=s120-c-rp-mo-br100"",""Rating"":5,""Description"":""Đi nghỉ ngắn ngày, chọn ở đây thấy hợp lý. Khu vực xung quanh nhiều quán ăn nên cũng tiện cho khách"",""Images"":null,""When"":""""},{""Name"":""Hà Thu"",""ProfilePicture"":""https://lh3.googleusercontent.com/a/ACg8ocJwYCsGBGvXIQHprVkDENIr6AnSu4T5KVOSGY-QLUl8FSE5iQ=s120-c-rp-mo-br100"",""Rating"":5,""Description"":""Không gian yên tĩnh, ngủ ngon cả đêm không bị ồn ào ảnh hưởng"",""Images"":null,""When"":""""},{""Name"":""Hùng Phan"",""ProfilePicture"":""https://lh3.googleusercontent.com/a/ACg8ocKk-kj-UbBmZ9h1mNAhw9IztyCKjYRHmn2q47rsnbDFTMkymg=s120-c-rp-mo-br100"",""Rating"":5,""Description"":""Mình ở đây 2 đêm và cảm nhận rất tốt từ dịch vụ đến không gian. Đệm nằm êm, ngủ một giấc sâu không mộng mị. Không gian hành lang thơm và gọn gàng. Một nơi đáng để quay lại khi đi công tác"",""Images"":null,""When"":""""},{""Name"":""Tôm Giang"",""ProfilePicture"":""https://lh3.googleusercontent.com/a-/ALV-UjXHU3pqytiSsV9Iq7eZzzTsHT4HdhldUn-pWhUZ8ZtiOSm3UFXY=s120-c-rp-mo-br100"",""Rating"":5,""Description"":""Mình đi công tác, ở đây 3 ngày cảm thấy thoải mái. Internet nhanh, làm việc ổn định"",""Images"":null,""When"":""""},{""Name"":""Thành Đạt Vương"",""ProfilePicture"":""https://lh3.googleusercontent.com/a/ACg8ocJwYI1PkbH7PpZMv6fa49EsnYdJ5apJUK4Ge6yMW6hQGK7VLg=s120-c-rp-mo-br100"",""Rating"":5,""Description"":""Không gian yên tĩnh, thích hợp để nghỉ ngơi sau một ngày di chuyển"",""Images"":null,""When"":""""},{""Name"":""Quang Huy Nguyễn"",""ProfilePicture"":""https://lh3.googleusercontent.com/a-/ALV-UjXHRk_O-W1Pkx5cX9haT-MzlMhHBBvU8olUXoO8asyHW1-8mvWU=s120-c-rp-mo-br100"",""Rating"":5,""Description"":""Phòng ở sạch sẽ, gọn gàng, mọi thứ ngăn nắp khiến mình thấy rất thoải mái khi nghỉ lại"",""Images"":null,""When"":""""},{""Name"":""Hung"",""ProfilePicture"":""https://lh3.googleusercontent.com/a/ACg8ocJsNDjv1ep_w6VW9tsLCkzsSnAcpP_vtpqeJqvuORxL8qhE5g=s120-c-rp-mo-br100"",""Rating"":5,""Description"":""Có thang máy, hành lang sạch, không có mùi khó chịu như vài chỗ khác mình từng ở"",""Images"":null,""When"":""""},{""Name"":""Đức Nguyễn"",""ProfilePicture"":""https://lh3.googleusercontent.com/a-/ALV-UjVoq1-9Yu3s9e9GvhfOcrq7rfmzsLOIZUzILinkmdX7qY-vAps7=s120-c-rp-mo-br100"",""Rating"":5,""Description"":""Khách sạn nằm ngay trung tâm nên di chuyển nhanh, giá cả so với chất lượng thì hợp lý"",""Images"":null,""When"":""""},{""Name"":""Trần Văn Dậu"",""ProfilePicture"":""https://lh3.googleusercontent.com/a-/ALV-UjVpOFmqYgiP8HBLiTq2w9d6D2bZ2HesdklE6TKuNFePtJkI6suH=s120-c-rp-mo-br100"",""Rating"":5,""Description"":""Check-out nhanh gọn, không bị làm khó, nhân viên cười nói vui vẻ lúc tạm biệt"",""Images"":null,""When"":""""},{""Name"":""Sơn Đặng"",""ProfilePicture"":""https://lh3.googleusercontent.com/a/ACg8ocLlknEmE0k7GHHL2BSX2Vj0mfrnUBV_da_QyAIwP0BKvkWGDg=s120-c-rp-mo-br100"",""Rating"":5,""Description"":""Giá cả so với trải nghiệm thì thấy hợp lý, không bị chặt chém"",""Images"":null,""When"":""""},{""Name"":""Mơ Trương Thị Hồng"",""ProfilePicture"":""https://lh3.googleusercontent.com/a-/ALV-UjXIrLzJHEIFvmHakmZ-AEOcTiQEsF2geDYSclh6aDZ0721T3s0lvg=s120-c-rp-mo-br100"",""Rating"":5,""Description"":""Không gian ở đây vừa mang nét hiện đại vừa giữ được sự gần gũi, thân thiện. Mình cảm nhận được sự đầu tư thật sự chứ không phải làm cho có"",""Images"":null,""When"":""""},{""Name"":""My Trương Thảo"",""ProfilePicture"":""https://lh3.googleusercontent.com/a-/ALV-UjXjOHXEsvfz14M9_Dbgu1PX7tS-VAoUofHVur-zbYVaYsfjwR4=s120-c-rp-mo-br100"",""Rating"":5,""Description"":""Phòng sạch sẽ, giường êm và không gian yên tĩnh, ngủ một giấc dậy thấy cực kỳ dễ chịu"",""Images"":null,""When"":""""},{""Name"":""Tiến Vũ"",""ProfilePicture"":""https://lh3.googleusercontent.com/a-/ALV-UjXqQxYu0lYMrRUrbzxR4AOTRmFrSWzvc7bMO-OtkKcnt3Zx99c=s120-c-rp-mo-br100"",""Rating"":5,""Description"":""Nhân viên lễ tân dễ thương, hỗ trợ tận tình, cảm giác thân thiện ngay từ lúc bước vào"",""Images"":null,""When"":""""},{""Name"":""Tk Nguyen"",""ProfilePicture"":""https://lh3.googleusercontent.com/a/ACg8ocJskVaP8lTzJ8sagtxbakzbGqocFPX_D1Wf-OHtBfKGA04pPg=s120-c-rp-mo-br100"",""Rating"":5,""Description"":""Giường khá rộng, nệm mềm vừa phải, nằm lâu không bị đau lưng"",""Images"":null,""When"":""""},{""Name"":""Yennie"",""ProfilePicture"":""https://lh3.googleusercontent.com/a-/ALV-UjWZT418n2XxN2UNdbZNcIJWYEsriL23jEvzzhUoVmN-8ozkUqPC=s120-c-rp-mo-br100"",""Rating"":5,""Description"":""Wifi mạnh, làm việc online không bị gián đoạn"",""Images"":null,""When"":""""},{""Name"":""Thuận"",""ProfilePicture"":""https://lh3.googleusercontent.com/a-/ALV-UjXXKDBi6P1t9ME5Fxe4pmX3ASn9Mhh_SBZGQ1sSwy16hAo_Xx2J=s120-c-rp-mo-br100"",""Rating"":5,""Description"":""Vị trí khách sạn thuận tiện di chuyển, gần nhiều điểm ăn uống và tham quan. Giá cả hợp lý"",""Images"":null,""When"":""""},{""Name"":""Hieu Nguyentrung"",""ProfilePicture"":""https://lh3.googleusercontent.com/a-/ALV-UjW0IXNZ5uJCMg62b_iU96EXXXo2ZSxyJZuK4DEyxx4-Mra42mY=s120-c-rp-mo-br100"",""Rating"":5,""Description"":""Giá tốt so với chất lượng, chắc chắn sẽ quay lại khi có dịp"",""Images"":null,""When"":""""},{""Name"":""Dương vĩnh Lê"",""ProfilePicture"":""https://lh3.googleusercontent.com/a-/ALV-UjXr2UGCxav5KlyoFF8jIW7OuRswOYjx1J2UV6rK6wo5Ma0-hQlW=s120-c-rp-mo-br100"",""Rating"":5,""Description"":""Thái độ phục vụ khá thân thiện, có hỏi han khách xem cần hỗ trợ gì thêm. Cảm giác được quan tâm"",""Images"":null,""When"":""""},{""Name"":""Tú Minh"",""ProfilePicture"":""https://lh3.googleusercontent.com/a-/ALV-UjU2ixDSS9pe_dWglFE8PJo3ubntCghANKgh4vXNBDlc-bExa7M=s120-c-rp-mo-br100"",""Rating"":5,""Description"":""Ở đây vài hôm thấy dịch vụ ổn định, nhân viên dễ thương, cảm giác gần gũi như ở nhà"",""Images"":null,""When"":""""},{""Name"":""Thu Nguyễn"",""ProfilePicture"":""https://lh3.googleusercontent.com/a/ACg8ocI2o6nS4jfsNOtz1CWVj1rEXvWjw73O6DboSSP6ubYKjZmd6A=s120-c-rp-mo-br100"",""Rating"":5,""Description"":""Khách sạn có thang máy, đi lại lên xuống khá thuận tiện. Với tôi đây là điểm cộng lớn"",""Images"":null,""When"":""""},{""Name"":""Thien Tran"",""ProfilePicture"":""https://lh3.googleusercontent.com/a/ACg8ocLGq88C76XA92PrUp4kMYjvFXkj3GuvLTubKvd3W1sh3XjxlQ=s120-c-rp-mo-br100"",""Rating"":5,""Description"":""Chăn gối mới thơm kiểu phơi nắng chứ không phải mùi xịt phòng, nằm phát là biết có người chăm dọn thật sự chứ không làm cho có"",""Images"":null,""When"":""""},{""Name"":""11B5-9-Bích Hợp"",""ProfilePicture"":""https://lh3.googleusercontent.com/a-/ALV-UjW-r8SL2Mws5HOu7vIycfTto-Bk0WKb6WhlAnos9pVhowVSXFtx=s120-c-rp-mo-br100"",""Rating"":5,""Description"":""Giường nệm êm, ngủ ngon không bị ồn, buổi sáng dậy rất dễ chịu"",""Images"":null,""When"":""""},{""Name"":""Hợi Châu"",""ProfilePicture"":""https://lh3.googleusercontent.com/a/ACg8ocLau-iIt3qBTpS6ZhM4bAoAGCFnlKajkb1Y8VUCR8tRh9IF9g=s120-c-rp-mo-br100"",""Rating"":5,""Description"":""Giá hợp lý so với chất lượng, đặt qua app còn được khuyến mãi thêm"",""Images"":null,""When"":""""},{""Name"":""Loc Trinh"",""ProfilePicture"":""https://lh3.googleusercontent.com/a-/ALV-UjXeKfyttFr_7jaDdi31TM7sofA-i5ujHPla92O-qL0tk741meY=s120-c-rp-mo-br100"",""Rating"":5,""Description"":""Nhân viên lễ tân vui vẻ, luôn chào hỏi và giúp đỡ khách. Check-in nhanh chóng"",""Images"":null,""When"":""""},{""Name"":""Dũng Nguyên Đắc"",""ProfilePicture"":""https://lh3.googleusercontent.com/a/ACg8ocJzoe7gRibOwA7ih0sLfJhrze8jPovfWgThZRQRjPmWsVoJzg=s120-c-rp-mo-br100"",""Rating"":5,""Description"":""Mình đi cùng gia đình, ai cũng khen, đặc biệt là phòng rộng và sạch"",""Images"":null,""When"":""""},{""Name"":""Bảo Ngọc"",""ProfilePicture"":""https://lh3.googleusercontent.com/a/ACg8ocJ9Gc5Sk_0GPEpDR6h9IRBvKHq5SxmLGUpLK1-CVyHMtdL5og=s120-c-rp-mo-br100"",""Rating"":5,""Description"":""Dịch vụ lễ tân chuyên nghiệp, giải quyết nhanh mọi yêu cầu của khách"",""Images"":null,""When"":""""},{""Name"":""Hồng Lê"",""ProfilePicture"":""https://lh3.googleusercontent.com/a/ACg8ocKpJHrC1Zgn9giBJkjTbzwtasFtWtbxHR9uZa-U1Fzbx5ZjPQ=s120-c-rp-mo-br100"",""Rating"":5,""Description"":""Ở 2 ngày, dọn phòng mỗi ngày, khăn mới, chai nước đầy đủ. Giá hợp lý với chất lượng như vậy"",""Images"":null,""When"":""""},{""Name"":""Anh Lan"",""ProfilePicture"":""https://lh3.googleusercontent.com/a/ACg8ocLhv7ovnkjaayHdLsQ4y1HJyOP2y8jPOyYCvCnq2jYx6s0Cnw=s120-c-rp-mo-br100"",""Rating"":5,""Description"":""Phòng yên tĩnh, buổi tối ngủ ngon không bị ồn, ga giường thơm mùi dễ chịu"",""Images"":null,""When"":""""},{""Name"":""Tran Phuc khang"",""ProfilePicture"":""https://lh3.googleusercontent.com/a/ACg8ocK01EYN6txDWEnkoDARxvE261bBe6-QybHpBc_IUu9XIoDmgQ=s120-c-rp-mo-br100"",""Rating"":5,""Description"":""Có chỗ để xe gọn gàng, bảo vệ trông xe cẩn thận"",""Images"":null,""When"":""""},{""Name"":""Ngô Minh Đức"",""ProfilePicture"":""https://lh3.googleusercontent.com/a/ACg8ocIUDjioPNsVABUTfhMRXf-0JojDM4wUN3GSKUmdm_cJapGlrQ=s120-c-rp-mo-br100"",""Rating"":5,""Description"":""Phòng tắm sạch, nước mạnh, đồ dùng cá nhân chuẩn bị đầy đủ, rất tiện"",""Images"":null,""When"":""""},{""Name"":""HÒA LÊ XUÂN"",""ProfilePicture"":""https://lh3.googleusercontent.com/a-/ALV-UjWi_9ZHJ7VG0HQwVZqVscRTwG-M7PDBfE-ZZELNHB2XxE0p6KF8=s120-c-rp-mo-br100"",""Rating"":5,""Description"":""Phòng ở cực kỳ sạch sẽ, không có mùi lạ, đồ dùng trong phòng mới và được chăm chút kỹ"",""Images"":null,""When"":""""},{""Name"":""Anh Tuấn Nguyễn"",""ProfilePicture"":""https://lh3.googleusercontent.com/a/ACg8ocJv4QDCsfQi2tC3zg9qzMvg8_PE_O7f0FD4I70UdDlWjFcKVQ=s120-c-rp-mo-br100"",""Rating"":5,""Description"":""Phòng thoáng, mùi thơm nhẹ dễ chịu, dọn dẹp kỹ nên cảm thấy rất an tâm"",""Images"":null,""When"":""""},{""Name"":""Tường Vy Nguyễn"",""ProfilePicture"":""https://lh3.googleusercontent.com/a/ACg8ocLGIX5ccKbsphbpF-wf9PYM7veEKm5WDzbQAurTaPGp4PRBPd4=s120-c-rp-mo-br100"",""Rating"":5,""Description"":""Ở rồi mới thấy đúng là đáng tiền, dịch vụ tốt và không khí rất dễ chịu"",""Images"":null,""When"":""""},{""Name"":""Chipp Chipp"",""ProfilePicture"":""https://lh3.googleusercontent.com/a/ACg8ocKoncx7kS57LLsXtllepWw6LcUI0BFy9J0AYnRowWp1bNSu6w=s120-c-rp-mo-br100"",""Rating"":5,""Description"":""Gửi xe miễn phí, bảo vệ trực cả ngày đêm nên thấy an tâm khi để xe ngoài"",""Images"":null,""When"":""""},{""Name"":""Truong Nguyen xuan"",""ProfilePicture"":""https://lh3.googleusercontent.com/a/ACg8ocIOE-JlcHuKevGRyWaDakVbE3g9AHTgYoR5QB9RH-KyzdN-8A=s120-c-rp-mo-br100"",""Rating"":5,""Description"":""Dịch vụ dọn phòng đều đặn, giữ phòng luôn sạch như mới"",""Images"":null,""When"":""""},{""Name"":""23- Sùng A Hoan"",""ProfilePicture"":""https://lh3.googleusercontent.com/a/ACg8ocKkmPE0GTVXVKd2qBQTFYopxX-0sXBen-JC6HkWrKtqMDU_aQ=s120-c-rp-mo-br100"",""Rating"":5,""Description"":""Phòng có cửa sổ thoáng, ánh sáng tự nhiên làm cho cảm giác dễ chịu"",""Images"":null,""When"":""""},{""Name"":""thông ass"",""ProfilePicture"":""https://lh3.googleusercontent.com/a/ACg8ocIX5uYj4t7qcjsZKB15Gn47ZQG6giaspM9LU4YeexciyZlnDA=s120-c-rp-mo-br100"",""Rating"":5,""Description"":""Không gian sáng sủa, nội thất đơn giản nhưng đủ dùng, ở thoải mái"",""Images"":null,""When"":""""},{""Name"":""nguyễn taikhoa"",""ProfilePicture"":""https://lh3.googleusercontent.com/a/ACg8ocJEcPL08NyMFO0ZSdNBFvTVhwkiG405O5BTm_vFg5CwIntRrg=s120-c-rp-mo-br100"",""Rating"":5,""Description"":""Phòng ốc sạch sẽ, không gian thoáng mát, cảm giác nghỉ ngơi rất dễ chịu"",""Images"":null,""When"":""""},{""Name"":""Dịch Vương"",""ProfilePicture"":""https://lh3.googleusercontent.com/a/ACg8ocI5dKOrbg7DqIjik2iWJ5mAQ6K0VXHRmQdWHMbyeyLVOpgqHg=s120-c-rp-mo-br100"",""Rating"":5,""Description"":""Trải nghiệm lưu trú rất hài lòng, mọi thứ đều gọn gàng, sạch sẽ và thân thiện"",""Images"":null,""When"":""""},{""Name"":""Mơ Thị"",""ProfilePicture"":""https://lh3.googleusercontent.com/a/ACg8ocKWY2ud3Hg6wZucxWBozsXe9EH5Wey6HHb68we_uOy255yHkQ=s120-c-rp-mo-br100"",""Rating"":5,""Description"":""Thang máy, wifi, nước nóng đều hoạt động tốt, không bị trục trặc gì"",""Images"":null,""When"":""""},{""Name"":""Vĩ Đăng Đoàn"",""ProfilePicture"":""https://lh3.googleusercontent.com/a/ACg8ocLPRW1mkDJnK0BuXU12q1Sh10G-rkBINQXtq_AL89KaeeOPSA=s120-c-rp-mo-br100"",""Rating"":5,""Description"":""Ở đây thấy thoáng, không bị hầm bí như một số chỗ khác. Mỗi tầng đều dọn dẹp kỹ càng"",""Images"":null,""When"":""""},{""Name"":""Hoang Nguyen"",""ProfilePicture"":""https://lh3.googleusercontent.com/a/ACg8ocKXHO4ZBSqjiLNBL7w32VjnUIrJQJTIQcU-1NLCEb9VF_eTvw=s120-c-rp-mo-br100"",""Rating"":5,""Description"":""Phòng ở sạch sẽ, trang thiết bị mới tinh và nhân viên cực kỳ thân thiện"",""Images"":null,""When"":""""},{""Name"":""nguyễn thiên"",""ProfilePicture"":""https://lh3.googleusercontent.com/a/ACg8ocJKrHydjSJ2dYjjvu4jJJCxYC7Bcn1ZYbB94P1Xz2o40a5ntg=s120-c-rp-mo-br100"",""Rating"":5,""Description"":""Dịch vụ dọn phòng linh hoạt, nhân viên vui vẻ không gây phiền khi đang nghỉ ngơi"",""Images"":null,""When"":""""},{""Name"":""Thiên Hoàng"",""ProfilePicture"":""https://lh3.googleusercontent.com/a-/ALV-UjVN3JQ8-QjgQ8cuMEOmW-WiI9ze5U11Spk2gdQu2c3Pv4n_bFY=s120-c-rp-mo-br100"",""Rating"":5,""Description"":""Nhân viên lễ tân nhiệt tình hỗ trợ, hướng dẫn tận tình khi tôi cần hỏi thông tin"",""Images"":null,""When"":""""},{""Name"":""Duy Hoàng"",""ProfilePicture"":""https://lh3.googleusercontent.com/a-/ALV-UjUrhCgOirjocVDfa8G40WukpmWlHAhrxIsx1-I_mCWBjGAyFVE=s120-c-rp-mo-br100"",""Rating"":5,""Description"":""Phòng ốc sạch sẽ, bước vào là thấy thoải mái ngay từ đầu"",""Images"":null,""When"":""""},{""Name"":""Duy Hữu"",""ProfilePicture"":""https://lh3.googleusercontent.com/a-/ALV-UjX_usRN4U6cQyqc2pX7_ombtKKyMMKwclBhQ3xhxr78kG5hDnA=s120-c-rp-mo-br100"",""Rating"":5,""Description"":""Bữa sáng ngon bất ngờ, đa dạng món và phục vụ tận tình"",""Images"":null,""When"":""""},{""Name"":""Tùy Duyên"",""ProfilePicture"":""https://lh3.googleusercontent.com/a-/ALV-UjXO7mN1vlk13EodIseft2N-JQfdXUG90mmUjLNLYyR97HVy0HIT=s120-c-rp-mo-ba12-br100"",""Rating"":5,""Description"":""Nhân viên lễ tân vui vẻ, hỗ trợ nhanh khi mình cần thêm đồ dùng"",""Images"":null,""When"":""""},{""Name"":""Thuc Chanh"",""ProfilePicture"":""https://lh3.googleusercontent.com/a/ACg8ocJDj-MPZeq2gc9Ka_Jhxbh2ZpCBT0IEIWulv69efVRQ32WfQg=s120-c-rp-mo-br100"",""Rating"":5,""Description"":""Nhân viên lễ tân thân thiện, hỗ trợ nhanh khi có thắc mắc"",""Images"":null,""When"":""""},{""Name"":""Long Nguyễn"",""ProfilePicture"":""https://lh3.googleusercontent.com/a/ACg8ocKmszRUIlbP0mLlycP0jwQZI9qmQB5IjA5FiK9Aksnu2JmI=s120-c-rp-mo-br100"",""Rating"":5,""Description"":""Khách sạn gọn gàng, hành lang thoáng, đi lại dễ dàng không bị bí bách"",""Images"":null,""When"":""""},{""Name"":""Ali Cubeo"",""ProfilePicture"":""https://lh3.googleusercontent.com/a/ACg8ocJh4TXb8DR19ABs5MuoiWCcvxxJ1V3EoVK3wFpFrwRe_V2YeQ=s120-c-rp-mo-br100"",""Rating"":5,""Description"":""Lần đầu tới mà cảm giác như đã quen, nhân viên trò chuyện tự nhiên"",""Images"":null,""When"":""""},{""Name"":""Nhị Tần"",""ProfilePicture"":""https://lh3.googleusercontent.com/a-/ALV-UjV6jmDULHqY8nSnz6mwnK7nGJ8rBdW__SVxOgowvRwgaCD2BlprFQ=s120-c-rp-mo-br100"",""Rating"":5,""Description"":""Phòng đẹp, sạch sẽ, rộng rãi, thoáng mát. Khách sạn ngay trung tâm thành phố đi lại rất thuận tiện. Nhân viên nhiệt tình, thân thiện, chawcs chắn sẽ quay lại vào lần sau"",""Images"":null,""When"":""""},{""Name"":""Tuankiet Pham"",""ProfilePicture"":""https://lh3.googleusercontent.com/a/ACg8ocKNFkNhKiEefnvVnj_wXnznMj588V5KOzTsE6XvpKZBxw4URg=s120-c-rp-mo-br100"",""Rating"":5,""Description"":""Nhân viên dọn phòng làm khá kỹ, mỗi ngày đều gọn gàng"",""Images"":null,""When"":""""},{""Name"":""Hiếu Trọng"",""ProfilePicture"":""https://lh3.googleusercontent.com/a-/ALV-UjVfFaRMHN8IraMdzMeD8TqnaYHDxQ7Vh1Ossgn_AZyAHDpYfRo=s120-c-rp-mo-br100"",""Rating"":5,""Description"":""Vị trí thuận tiện, gần nhiều quán ăn và địa điểm tham quan"",""Images"":null,""When"":""""},{""Name"":""Phúc Nguyễn Sĩ"",""ProfilePicture"":""https://lh3.googleusercontent.com/a-/ALV-UjWrqsi4wmGlDkAbC74hU0trh3JfSc6cJB2hBkZy9rgUrKOF1JU=s120-c-rp-mo-br100"",""Rating"":2,""Description"":""Phòng không đầy đủ tiện nghi, không có chỗ để xe ô tô (gửi ở bãi gần đấy khách phải chi thêm 60-70k), nhân viên thái độ không tốt.."",""Images"":null,""When"":""""},{""Name"":""Nguyễn Đăng"",""ProfilePicture"":""https://lh3.googleusercontent.com/a-/ALV-UjUL8Fr2UZbm4xZeDS7oFIP0gIkrEK9ANQpSmWc7Yb15vWHthecZ=s120-c-rp-mo-ba12-br100"",""Rating"":1,""Description"":""Phòng vệ sinh kém, nội thất trong phòng chắp vá tạm bợ, không xứng giá tiền. Không muốn thất vọng thì không nên đặt ở đây"",""Images"":null,""When"":""""},{""Name"":""Thong Hoang Van"",""ProfilePicture"":""https://lh3.googleusercontent.com/a/ACg8ocK40strn_2Eq0HqfB0tHGSsSabSquMojMCslttjA0zeKd6BlA=s120-c-rp-mo-br100"",""Rating"":5,""Description"":""Phòng ốc trang trí đẹp , nội thất cao cấp , dịch vụ làm phòng sạch sẽ , vị trí gần trung tâm , nhân viên thân thiện , giá phải chăng, sẽ quay lại khi ra công tác ở Hà Nội!"",""Images"":null,""When"":""""},{""Name"":""Thùy Dương"",""ProfilePicture"":""https://lh3.googleusercontent.com/a-/ALV-UjUkRE-w9jPD5-eIekQlFZk7bAUAkr54LNdyl3JAvsCgjbJQtkQB=s120-c-rp-mo-ba12-br100"",""Rating"":2,""Description"":""Thuê 1 ngày đêm 600k\nPhòng bé, tiện nghi không xứng đáng với giá tiền.\nCòn về địa điểm,cuối tuần mình không bàn đến"",""Images"":[""https://lh3.googleusercontent.com/grass-cs/ANxoTn3K8THkQjpORls6h1a60n7FOX88SSrCpdlSC07O-vkPbYJhW0DGlSEvs7ZMJkdfnSdnhZRNa67MEc8JfeJyVx_Ug1vRJHjZRyXoyHb4OQHTzCb2NiUUHZMMaJnbF5PyfEJMhecM=k-no"",""https://lh3.googleusercontent.com/grass-cs/ANxoTn31PhcGp3bpv-kmawQFxla5pFbEJewTRssnvONNij98MZUU48owexS-ZGhDS6Vf6EoyW9GTJq4ZZ32LXvXs0b8hHLlUtpruCpGn2QcuSqFhowXxAAKKvGgUe_d9gYmW03ibZ9M2=k-no"",""https://lh3.googleusercontent.com/grass-cs/ANxoTn2J2ntthuFFzxfHcV2terC_YYT8Yt9_1MRdMc5nV4NsY6AznPhGcMUGr1McbCrtEYamivxLbPXT8VMlTF-onVlka8uJ5e1zMGyw9VQcyBm6oKkGBLJZLTv_FlC0M9YexJheL50FpQ=k-no"",""https://lh3.googleusercontent.com/grass-cs/ANxoTn3TxZcbI_vVHcThKGYm1gvtls-o_23or_MFCTaONHGRMW75WqGZf8UJaro8o-b7QL6AjnX_p-uNuaSz15fbEdvwCMWftuxEEuOibrhf2HFfm5Mqj72K07cmvlts-Kmxp8s5m12n=k-no""],""When"":""2022-10-16""},{""Name"":""Thái Nguyễn"",""ProfilePicture"":""https://lh3.googleusercontent.com/a-/ALV-UjUcYG2tIvecVjyi16rOmwoSdr_dnL4MJ9OVfQSdXsPYduUtnwM=s120-c-rp-mo-br100"",""Rating"":5,""Description"":""Lễ tân thân thiện, check in và check out nhanh, không phải chờ lâu"",""Images"":null,""When"":""""},{""Name"":""uyên nhã"",""ProfilePicture"":""https://lh3.googleusercontent.com/a/ACg8ocIii5kVXXBpPRWol9WFJkPTWGEPkM8IfC_wMamrCAyuHKJz1A=s120-c-rp-mo-br100"",""Rating"":5,""Description"":""Trải nghiệm nghỉ dưỡng tuyệt vời, phòng ốc sạch sẽ, các bạn nhân viên rất thân thiện nhiệt tình giải đáp thắc mắc cho khách hàng. Sẽ còn quay lại nhiều lần !"",""Images"":null,""When"":""""},{""Name"":""Phuong nguyeh"",""ProfilePicture"":""https://lh3.googleusercontent.com/a-/ALV-UjVpi-_43rbDm7XnDrtcGT9OhlPZN3kfbnXsDqkwQ543XFsPk4c=s120-c-rp-mo-br100"",""Rating"":5,""Description"":""Nhà tắm rộng rãi, nước nóng ổn định, dùng buổi tối rất dễ chịu"",""Images"":null,""When"":""""},{""Name"":""thùy linh dương"",""ProfilePicture"":""https://lh3.googleusercontent.com/a/ACg8ocKcEPlnWdhv2zg3LiNziyz0GuFThgYAW91fGbpOBPzFps9B1g=s120-c-rp-mo-br100"",""Rating"":5,""Description"":""Tôi đã có 1 kỳ nghỉ rất xứng đáng, khách sạn mới, gần trung tâm thành phố cùng nhân viên thân thiện. Rất gần Đại học Kinh tế Quốc Dân nơi tôi công tác."",""Images"":null,""When"":""""},{""Name"":""Hung Manh Thuong"",""ProfilePicture"":""https://lh3.googleusercontent.com/a-/ALV-UjXCjwkE4YbCJqts2FvCFiTEwaDdIiQxjnF78AC1KG2UdqqjcL4u=s120-c-rp-mo-ba12-br100"",""Rating"":5,""Description"":""Khách sạn có trang bị đầy đủ tất cả nhu cầu cần thiết cho mọi người ở lại qua đêm, rất tuyệt."",""Images"":null,""When"":""""},{""Name"":""Lộc Đặng Thị"",""ProfilePicture"":""https://lh3.googleusercontent.com/a/ACg8ocIEwZP4-Y0fc6ZowQ7Q3zE9t0dIti1pJHVbVn-wT8BX7tMnkg=s120-c-rp-mo-br100"",""Rating"":5,""Description"":""Mình ấn tượng vì nhân viên chào hỏi và nở nụ cười suốt"",""Images"":null,""When"":""""},{""Name"":""Xinh Ni"",""ProfilePicture"":""https://lh3.googleusercontent.com/a/ACg8ocJ1Uu3D_ZX7mdWB4CZ4rOb6IRNO_RPguUt7UPAlZxtt06UD5Q=s120-c-rp-mo-br100"",""Rating"":5,""Description"":""Nhân viên thân thiện, hỗ trợ nhanh khi mình cần thêm vật dụng"",""Images"":null,""When"":""""},{""Name"":""Hà D Tân"",""ProfilePicture"":""https://lh3.googleusercontent.com/a/ACg8ocLahPDimYZdcDr8UUMBbPw12jWhf2axpypUFyNkutmOmoRzew=s120-c-rp-mo-br100"",""Rating"":5,""Description"":""Khách sạn thoáng mát, phòng ốc sạch sẽ, lễ tân chu đáo, đặc biệt giá cả hợp lí. Lần sau sẽ tới ủng hộ tiếp"",""Images"":null,""When"":""""},{""Name"":""Ha Doan"",""ProfilePicture"":""https://lh3.googleusercontent.com/a-/ALV-UjUAj5wUwmOFHdJkiH7r4LADa5SNUK86D3bj_UFdaCu8rMkD9ZEd=s120-c-rp-mo-br100"",""Rating"":5,""Description"":""Điểm đẹp, thoáng mát, phòng rộng rãi, dịch vụ đầy đủ chuyên nghiệp thích hợp để nghỉ ngơi cuối tuần."",""Images"":null,""When"":""""},{""Name"":""Duy Còn Nhỏ"",""ProfilePicture"":""https://lh3.googleusercontent.com/a/ACg8ocKUBJYp8b_PtBiKS1VEfDQ9zY7QDlle1OMNw4U6JB4ksFjCxQ=s120-c-rp-mo-br100"",""Rating"":5,""Description"":""Giường êm, ga gối thơm mùi dễ chịu, nằm rất dễ ngủ"",""Images"":null,""When"":""""},{""Name"":""tinh nguyen"",""ProfilePicture"":""https://lh3.googleusercontent.com/a/ACg8ocLWoAvJzmZBNjVHpEV0U0w3XVfvGsjSu9KQehiKpji0bdkJVsA=s120-c-rp-mo-br100"",""Rating"":1,""Description"":""phòng cũ, nhìn ko sạch sẽ,  ga giường bẩn, mình ngủ một tối mà ko giám nằm trên ga giường(có vết loang lổ) phải trải chăn ra nằm trên chăn. nói chung ở một đêm thấy hơi thất vọng,"",""Images"":null,""When"":""""},{""Name"":""Binh Bui Viet"",""ProfilePicture"":""https://lh3.googleusercontent.com/a/ACg8ocK4p45e07BJ_QgFtePQVWaTsg4DGRlVUjvrySEzi2H-BrD6mA=s120-c-rp-mo-ba12-br100"",""Rating"":1,""Description"":""Phòng 700k 1 đêm, phòng giống như 1 cái nhà nghỉ  bình thường mà giá quá đắt, không xứng đáng với giá tiền"",""Images"":null,""When"":""""},{""Name"":""Lê Tùng"",""ProfilePicture"":""https://lh3.googleusercontent.com/a-/ALV-UjWsyfR5br33NMus1Ff9b1SED0n2fFKqcAbkP2WFNA-mvEt_eJYe=s120-c-rp-mo-br100"",""Rating"":5,""Description"":""Nhân viên đa dạng ngôn ngữ, hỗ trợ khách du lịch quốc tế một cách hiệu quả."",""Images"":null,""When"":""""},{""Name"":""Hang Thai"",""ProfilePicture"":""https://lh3.googleusercontent.com/a/ACg8ocJMwzvuaXNOpfIcgLcbr2gsceBSlV3wvZwvtJ8ekh2zQ70YOQ=s120-c-rp-mo-br100"",""Rating"":1,""Description"":""Hotlle gì mÀ tầng 5 ko bắt đc . Chăn thì hôi . Phục vụ tốt nói chung là k có lần 2 gé qua"",""Images"":null,""When"":""""},{""Name"":""Hà anh Tuấn"",""ProfilePicture"":""https://lh3.googleusercontent.com/a-/ALV-UjWYoCgw9CXt6CqyqSfbTL34ZutCwKmjFhOl1I33228i2ochqgGj=s120-c-rp-mo-br100"",""Rating"":5,""Description"":""Ở đây thấy thoáng, không bị hầm bí như một số chỗ khác. Mỗi tầng đều dọn dẹp kỹ càng"",""Images"":null,""When"":""""},{""Name"":""Nguyễn Diễm My"",""ProfilePicture"":""https://lh3.googleusercontent.com/a-/ALV-UjV0NK7iF9DlWy7Xm8s7iRirZojMpgnkzKaICPBHGxm-F1Moyzpz=s120-c-rp-mo-br100"",""Rating"":5,""Description"":""Dịch vụ phòng 24/7, đảm bảo nhu cầu của khách hàng được đáp ứng mọi lúc."",""Images"":null,""When"":""""},{""Name"":""Uyên Tú"",""ProfilePicture"":""https://lh3.googleusercontent.com/a/ACg8ocJ8FCoADGfGgC6_2newLpfzwAhV7wYotDAOSVxSy3OVCY5fpw=s120-c-rp-mo-br100"",""Rating"":5,""Description"":""Khách sạn gọn gàng, hành lang thoáng, đi lại dễ dàng không bị bí bách"",""Images"":null,""When"":""""},{""Name"":""Ngọc Trân"",""ProfilePicture"":""https://lh3.googleusercontent.com/a/ACg8ocLl3uAgeXIlDft4B6Uss_jNC1hlI3FMYTYRf7U5WeK_JFZxEw=s120-c-rp-mo-br100"",""Rating"":5,""Description"":""Phòng sạch sẽ gọn gàng, rất hài lòng khi nghỉ qua đêm tại đây"",""Images"":null,""When"":""""},{""Name"":""8. Phạm Đức Duy"",""ProfilePicture"":""https://lh3.googleusercontent.com/a-/ALV-UjXCpCI7zB3t3dNUt9CahGtqi-7mxXB1wOI84FMtwsXJXFTtnVzP=s120-c-rp-mo-br100"",""Rating"":5,""Description"":""Giường êm, ga gối thơm mùi dễ chịu, nằm rất dễ ngủ"",""Images"":null,""When"":""""},{""Name"":""Hoang Huy"",""ProfilePicture"":""https://lh3.googleusercontent.com/a/ACg8ocIJ-18tcgES8U2g0_4u7UQN2-ya4T8SVKnRdUB2KxNFDEaFtA=s120-c-rp-mo-br100"",""Rating"":5,""Description"":""Giường êm, ga gối thơm mùi mới giặt, nằm rất dễ ngủ"",""Images"":null,""When"":""""},{""Name"":""Thu Hà"",""ProfilePicture"":""https://lh3.googleusercontent.com/a-/ALV-UjWi1GORc_AdUQRgdABvgPasQKDO_N-6Uhoo1hMyYMr5GgV250Th=s120-c-rp-mo-br100"",""Rating"":1,""Description"":""đểu vãi :))) phòng xấu ỉa bé tí mà 4 trăm !!!! đừng thuê ở đây"",""Images"":null,""When"":""""},{""Name"":""Just For Relax"",""ProfilePicture"":""https://lh3.googleusercontent.com/a-/ALV-UjWA9L-Tkhqxs_dB90hrm7q8HaT6RNGP4BUla34DIiTP40PAVVMZ=s120-c-rp-mo-br100"",""Rating"":3,""Description"":""Phòng sạch sẽ. Ok. Nhưng đắt. 250k qua đêm. Và 30k quá mỗi giờ. Cho 3 sao"",""Images"":null,""When"":""""},{""Name"":""VUng CAO VAN"",""ProfilePicture"":""https://lh3.googleusercontent.com/a/ACg8ocLlm0SnvmjvvaZMNYxfwA9mpNmSaWpb78dm8lsspmpNZ4XNkA=s120-c-rp-mo-br100"",""Rating"":5,""Description"":""Lễ tân thân thiện, check in và check out nhanh, không phải chờ lâu"",""Images"":null,""When"":""""},{""Name"":""Anh Thắng Lầu"",""ProfilePicture"":""https://lh3.googleusercontent.com/a/ACg8ocIVOzkQDX4s9fyazP7OoYeC-hvYRZIxd76NpWEeeU1hEmCfaA=s120-c-rp-mo-br100"",""Rating"":3,""Description"":""Phòng không đáng giá với số tiền.\nHơi thất vọng😞"",""Images"":null,""When"":""""},{""Name"":""Name Less"",""ProfilePicture"":""https://lh3.googleusercontent.com/a-/ALV-UjU90Iw0VWhnxHmkC7EyN9mGGnL1V0zV2GtmCLz8iKKb1eylcaE5=s120-c-rp-mo-ba12-br100"",""Rating"":3,""Description"":""Giá tốt, phục vụ tốt! Chất lượng phòng tạm chấp nhận được."",""Images"":null,""When"":""""},{""Name"":""Tinh Mac"",""ProfilePicture"":""https://lh3.googleusercontent.com/a/ACg8ocK5C39HZwq-8KgIX_QlFq8-GjmxmdA8J5FDhS3MmDiSDMsO2A=s120-c-rp-mo-br100"",""Rating"":4,""Description"":""Khu nhà tắm ko được sạch sẽ cho lắm"",""Images"":null,""When"":""""},{""Name"":""2020 Covit19"",""ProfilePicture"":""https://lh3.googleusercontent.com/a/ACg8ocLXnNI8y6V4klEub4pTLYHTLHdDtOvEMLBnO1ZyWOJeAKu4TA=s120-c-rp-mo-br100"",""Rating"":1,""Description"":""Giá chát mà phòng đểu…."",""Images"":null,""When"":""""},{""Name"":""J G."",""ProfilePicture"":""https://lh3.googleusercontent.com/a/ACg8ocK8HoJWF_wKyvHPe-vysImWUDW7DTPuwK6rBLedlrbBQoq4Ooc=s120-c-rp-mo-ba12-br100"",""Rating"":5,""Description"":""És molt bon hotel. Tenen un personal molt bo i acollidor. Recomanat!"",""Images"":null,""When"":""""},{""Name"":""Thành Đức (Thành Hiền)"",""ProfilePicture"":""https://lh3.googleusercontent.com/a-/ALV-UjUIe6aEcsWdQ4UnU0KHOw6lXrna3P9bmQIA0-9O-502mO3pjgO5=s120-c-rp-mo-ba12-br100"",""Rating"":5,""Description"":""Tốt.mùa đông có máy sưởi ấm áp"",""Images"":[""https://lh3.googleusercontent.com/grass-cs/ANxoTn2S6_MYEQHoExHplogmHb7yfiDX7KSmWt1RaaaxdEOclGorpZLu4SoczFTDOW3ROCqXUxVN01E9JB-zchgyFZoi_nyiZjP5dZRfqlpTJf58YES9iXnRgVV9GSKO_K9Ta7Q6hXeg8w=k-no"",""https://lh3.googleusercontent.com/grass-cs/ANxoTn1wMQXEIVofv7OzSWPSzYQ4dGqigLNb0tCVgNaPySZwdl9rt168VTxegK4pEuqT1u6nCjWNhvjeCsMkayDqiFqf-Xrjo-ktIcosWGmRSJUytCzzds2F_rfePgyKBYF0pM3_NLI=k-no""],""When"":""2018-12-15""},{""Name"":""Mai Nguyên"",""ProfilePicture"":""https://lh3.googleusercontent.com/a/ACg8ocIfd1G90icr4HKdYzATv5DsYK2By3KWIcWJ2MbU-KHqfd49Iw=s120-c-rp-mo-br100"",""Rating"":5,""Description"":""Nhân viên thân thiện ❤️"",""Images"":null,""When"":""""},{""Name"":""Lê Anh Manulife"",""ProfilePicture"":""https://lh3.googleusercontent.com/a-/ALV-UjV-0c-El1eqD_JGnGiEZAwB56lTR_XDQ4kfOG2mqXvGLlRa1c715w=s120-c-rp-mo-ba12-br100"",""Rating"":3,""Description"":""Hơi ít món ăn sáng"",""Images"":null,""When"":""""},{""Name"":""thanh lênho"",""ProfilePicture"":""https://lh3.googleusercontent.com/a-/ALV-UjXRlj2oBrQ_MeeszpFUZ38tavd6lH3N3u7A8nIOnQvosIOSL_Y=s120-c-rp-mo-ba12-br100"",""Rating"":5,""Description"":""Phục vụ tốt."",""Images"":null,""When"":""""},{""Name"":""06.15.5.3"",""ProfilePicture"":""https://lh3.googleusercontent.com/a-/ALV-UjUqvKvnJgZPDpWSIy2_a-O7pn0JS6_37Mn_FRhKGl1VXfn8FUrn=s120-c-rp-mo-br100"",""Rating"":1,""Description"":"""",""Images"":null,""When"":""""},{""Name"":""Tung Phan"",""ProfilePicture"":""https://lh3.googleusercontent.com/a/ACg8ocIEYJ0PTRiW_DLnWv87FMjOosfW4fb6PMnAQjpCv-7BhO3_1Q=s120-c-rp-mo-br100"",""Rating"":5,""Description"":"""",""Images"":null,""When"":""""},{""Name"":""Nguyễn Huỳnh"",""ProfilePicture"":""https://lh3.googleusercontent.com/a/ACg8ocIQ8yJaYiMnhemOUTzTE4MeNnFYxNFC7B_C-rqnYxsGO5aO7g=s120-c-rp-mo-br100"",""Rating"":5,""Description"":"""",""Images"":null,""When"":""""},{""Name"":""Đảng Hồngphi"",""ProfilePicture"":""https://lh3.googleusercontent.com/a/ACg8ocLRxFW73rZvKkKoh1S1A0D942ok9qM3Xt2tiSszcKsCpMpzVA=s120-c-rp-mo-br100"",""Rating"":5,""Description"":"""",""Images"":null,""When"":""""},{""Name"":""minh quân đào"",""ProfilePicture"":""https://lh3.googleusercontent.com/a-/ALV-UjVjKJaDRnC95cYYNhhETT6XFm6HX_8GwVCyj_XojAps5MfMTlQ=s120-c-rp-mo-br100"",""Rating"":5,""Description"":"""",""Images"":null,""When"":""""},{""Name"":""xiaofan wu"",""ProfilePicture"":""https://lh3.googleusercontent.com/a/ACg8ocIVP7AbYlF2Tvb3PBCcQYlzF4QQBoRF0KHaykbiW65UzcN1Aw=s120-c-rp-mo-br100"",""Rating"":2,""Description"":"""",""Images"":null,""When"":""""},{""Name"":""Long Phạm"",""ProfilePicture"":""https://lh3.googleusercontent.com/a-/ALV-UjWTbwMdWof451YbaRJNJm1ShW6pbiia7H1paxaA4VCa8mvT7Uw=s120-c-rp-mo-br100"",""Rating"":5,""Description"":"""",""Images"":null,""When"":""""},{""Name"":""Đức Mạnh"",""ProfilePicture"":""https://lh3.googleusercontent.com/a/ACg8ocKdMxAxvwbVF8iSHl82QzWQgsQBiWl0MicYzb4sbG_3CIpRKg=s120-c-rp-mo-br100"",""Rating"":5,""Description"":"""",""Images"":null,""When"":""""},{""Name"":""MinhSon Tong"",""ProfilePicture"":""https://lh3.googleusercontent.com/a-/ALV-UjUf8Zk9LeuYsrLXOnVpWlcYesovFk-A0Y_x3UyNDFgYzio9Afme=s120-c-rp-mo-ba12-br100"",""Rating"":4,""Description"":""Pk"",""Images"":null,""When"":""""},{""Name"":""Mạnh Nguyễn"",""ProfilePicture"":""https://lh3.googleusercontent.com/a/ACg8ocKjBISSskGq4VgYmqiz2FMkDElqPslNd3y1UhG57NRLYB89vw=s120-c-rp-mo-br100"",""Rating"":5,""Description"":"""",""Images"":null,""When"":""""},{""Name"":""Nhuần Nguyễn"",""ProfilePicture"":""https://lh3.googleusercontent.com/a/ACg8ocLgqvBRocY8JEik3eqBG9VkjnJByJ3Hj5M7JEa1eoS9GlPT6Q=s120-c-rp-mo-br100"",""Rating"":5,""Description"":"""",""Images"":null,""When"":""""},{""Name"":""Binh Nguyen Nam"",""ProfilePicture"":""https://lh3.googleusercontent.com/a/ACg8ocIVqlPEQY2BuuJpxn5OjxgiuNOvMbNL2xh8_QZsqjIXeb0l=s120-c-rp-mo-ba12-br100"",""Rating"":3,""Description"":"""",""Images"":null,""When"":""""},{""Name"":""phanthanhvu"",""ProfilePicture"":""https://lh3.googleusercontent.com/a/ACg8ocIsIdY5vLIW-ruIhmm0zDO4ZF4KJlLAyS-bQVdTN_F4IRA84Q=s120-c-rp-mo-br100"",""Rating"":5,""Description"":"""",""Images"":null,""When"":""""},{""Name"":""Minh Hiếu Bùi"",""ProfilePicture"":""https://lh3.googleusercontent.com/a/ACg8ocKA_ruswtjkKITqg8rsCHUnnJRNCkPq_XZveAP5rt1Z7z9qbg=s120-c-rp-mo-br100"",""Rating"":5,""Description"":"""",""Images"":null,""When"":""""},{""Name"":""Đức Mai Minh"",""ProfilePicture"":""https://lh3.googleusercontent.com/a-/ALV-UjVXouvZJyVdAE64SnkrVhdhp_pCHjO1EnnCMwQsS3AiJp9QZe0=s120-c-rp-mo-br100"",""Rating"":5,""Description"":"""",""Images"":null,""When"":""""},{""Name"":""Jazy Huỳnh"",""ProfilePicture"":""https://lh3.googleusercontent.com/a/ACg8ocJL86dBhAsCtmES0Z4KEdUCAexiZZcrDyejbRQe52021AbTLA=s120-c-rp-mo-br100"",""Rating"":5,""Description"":"""",""Images"":null,""When"":""""},{""Name"":""Chuyền Đặng"",""ProfilePicture"":""https://lh3.googleusercontent.com/a/ACg8ocL5mqo_rmv7XcNP6J4zjiJF26LeNBzq5Zc_lEvKcuib7kj0XA=s120-c-rp-mo-br100"",""Rating"":5,""Description"":"""",""Images"":null,""When"":""""},{""Name"":""Đức Anh Nguyễn Nguyễn Lưu Đức anh"",""ProfilePicture"":""https://lh3.googleusercontent.com/a-/ALV-UjWchg51J44J1jPh89rrgyWCI5wJ9X5pUBrpXPqiMW90jDnYrwY=s120-c-rp-mo-br100"",""Rating"":5,""Description"":"""",""Images"":null,""When"":""""},{""Name"":""24 06 07 Nguyễn Thành Đạt"",""ProfilePicture"":""https://lh3.googleusercontent.com/a-/ALV-UjUxP1q33MqvGWnpC0sSIc-tjI5NmLVO2dumLerg7NZoneiacds=s120-c-rp-mo-br100"",""Rating"":1,""Description"":"""",""Images"":null,""When"":""""},{""Name"":""Nhuận Nguyễn thị"",""ProfilePicture"":""https://lh3.googleusercontent.com/a-/ALV-UjWc-NBMDMeATx3KOlMQ0I4Kupp_9DujiRIkN4SUKYe9FKeUOiPl=s120-c-rp-mo-br100"",""Rating"":4,""Description"":"""",""Images"":null,""When"":""""},{""Name"":""Cuc Thu"",""ProfilePicture"":""https://lh3.googleusercontent.com/a-/ALV-UjXw--c0OZ3B2KLjxGZuhJhGtYGzMbSaEcR78cXRVPj4wNoTb7Jh=s120-c-rp-mo-br100"",""Rating"":5,""Description"":"""",""Images"":null,""When"":""""},{""Name"":""Phượng Nguyễn"",""ProfilePicture"":""https://lh3.googleusercontent.com/a/ACg8ocIgIvKD_EnUkcZFj0xfQqXMXP3yS50pxjpn48nC6E4Zk41wmQ=s120-c-rp-mo-br100"",""Rating"":5,""Description"":"""",""Images"":null,""When"":""""},{""Name"":""Ngọc Bùi Thị"",""ProfilePicture"":""https://lh3.googleusercontent.com/a-/ALV-UjXtyPUS4yObEptThN0CGJqj61FMSD8nDiYmtmFfC9gWIjGyhuA=s120-c-rp-mo-br100"",""Rating"":1,""Description"":"""",""Images"":null,""When"":""""},{""Name"":""Anh Đức Trần"",""ProfilePicture"":""https://lh3.googleusercontent.com/a-/ALV-UjVrEyXDDDv1Dv9XVVC8Gn7TnxbEZnhBJQcc-lxR-cS49QpxGuE=s120-c-rp-mo-br100"",""Rating"":5,""Description"":""Giá cả hợp lý so với chất lượng. Khách sạn có đầy đủ tiện nghi từ hồ bơi, nhà hàng đến phòng gym. Mọi thứ đều được chăm chút kỹ lưỡng, mang lại trải nghiệm rất đáng tiền."",""Images"":null,""When"":""""},{""Name"":""Long Mai"",""ProfilePicture"":""https://lh3.googleusercontent.com/a/ACg8ocJB77axuu0g3Jm2GWTbstSZrqAUH0QAmG_bhFBcIckJuGw9sA=s120-c-rp-mo-br100"",""Rating"":5,""Description"":""Phòng ốc sạch sẽ, đầy đủ tiện nghi: Ấn tượng đầu tiên là phòng cực kỳ gọn gàng. Trong phòng có sẵn tivi màn hình lớn để cày phim, bộ bàn ghế gỗ ngồi uống nước hay làm việc đều tiện. Nhà vệ sinh được ốp gạch trắng tinh, sạch sẽ, không gian sáng sủa khiến mình rất thoải mái"",""Images"":null,""When"":""""},{""Name"":""Ánh Đinh"",""ProfilePicture"":""https://lh3.googleusercontent.com/a-/ALV-UjUF65kzbt-sbsAR7eXsfGxNK77yips2Wy1yrNxGKPTCVFkmvPoAvg=s120-c-rp-mo-br100"",""Rating"":5,""Description"":"""",""Images"":null,""When"":""""},{""Name"":""Vinh Quang"",""ProfilePicture"":""https://lh3.googleusercontent.com/a/ACg8ocLWeuSsqjYADl87NNhPjd7JpfzGVWymraCzl4doxLfFsRr_=s120-c-rp-mo-br100"",""Rating"":5,""Description"":"""",""Images"":null,""When"":""""},{""Name"":""Tieu Ban"",""ProfilePicture"":""https://lh3.googleusercontent.com/a-/ALV-UjUK3IKgOkBe7STunGMMCjV7f6obtrl53xY1-V9hQi08G_oyR4z5Xw=s120-c-rp-mo-br100"",""Rating"":5,""Description"":"""",""Images"":null,""When"":""""},{""Name"":""Đông Trọng"",""ProfilePicture"":""https://lh3.googleusercontent.com/a-/ALV-UjV_Sj3fyh7k4G66sis2sqFShZ95wwX13vq2Bv1CaOfF-Gma4HXb=s120-c-rp-mo-br100"",""Rating"":5,""Description"":"""",""Images"":null,""When"":""""},{""Name"":""Quyết Phạm Tiến"",""ProfilePicture"":""https://lh3.googleusercontent.com/a-/ALV-UjWMG4VW1LQKFnaO5VU3AbWKBZ6blN57Wt1kvBw4k2Olc2Js_28c0A=s120-c-rp-mo-ba12-br100"",""Rating"":2,""Description"":"""",""Images"":null,""When"":""""},{""Name"":""Trường Trần Quang"",""ProfilePicture"":""https://lh3.googleusercontent.com/a-/ALV-UjWmNZhqQVvGaEi8K_IiXAdK4B-svYxXBJ-bmjkSqrK-N3gw6j6G=s120-c-rp-mo-br100"",""Rating"":1,""Description"":"""",""Images"":null,""When"":""""},{""Name"":""ELNOS"",""ProfilePicture"":""https://lh3.googleusercontent.com/a-/ALV-UjWRZT8e6E02paORRlCePs49Poq2s8l9Y7vIB9Nmrln_VGwl0Bct=s120-c-rp-mo-ba12-br100"",""Rating"":5,""Description"":"""",""Images"":null,""When"":""""},{""Name"":""Châu Châu chau"",""ProfilePicture"":""https://lh3.googleusercontent.com/a/ACg8ocIl9Nhv41MW4G6x7ymeQ0QupYYCGR2JN2ELrHilrI5oq0o3=s120-c-rp-mo-ba12-br100"",""Rating"":1,""Description"":"""",""Images"":null,""When"":""""},{""Name"":""Thành Nguyễn"",""ProfilePicture"":""https://lh3.googleusercontent.com/a-/ALV-UjWdAl_cenbQNNGsGawn2enA0nfqwH1T_elRMNiGka5btu2Mals=s120-c-rp-mo-ba12-br100"",""Rating"":5,""Description"":"""",""Images"":null,""When"":""""}]"
Nhà Nghỉ Hoàng Ngân,Nhà nghỉ trượt tuyết,0,0.000000,"{""1"":0,""2"":0,""3"":0,""4"":0,""5"":0}",0.000000,0.000000,[],null
Nhà Nghỉ Tây Đô,Nhà nghỉ trượt tuyết,39,3.400000,"{""1"":7,""2"":2,""3"":8,""4"":12,""5"":10}",0.000000,0.000000,"[{""Name"":""Park Đôbi"",""ProfilePicture"":""https://lh3.googleusercontent.com/a-/ALV-UjWVMdHYK7a3culmryrPaJevVY5xS1aZJvdJ25dBSsvFrYWNSdqV=s120-c-rp-mo-br100"",""Rating"":3,""Description"":""Từ 170k/1 đêm giờ tăng giá 250k/1 đêm. Giá ngang với nhà nghỉ khác nhưng phòng hẹp, tối, chật và cũ hơn. Nội thất chưa phù hợp với giá cả."",""Images"":null,""When"":""""},{""Name"":""Trần Quang Anh"",""ProfilePicture"":""https://lh3.googleusercontent.com/a-/ALV-UjUXHyduOJRfRSxBsJDdXqCLJsznB8qyNBDeonG1AOtiAYO3B3Kzaw=s120-c-rp-mo-br100"",""Rating"":1,""Description"":""Thấy có người lớn tuổi bệnh tật đi khám bệnh chém giá cao. Trong khi đó phòng thì xấu"",""Images"":[""https://lh3.googleusercontent.com/grass-cs/ANxoTn3Z1d3a7yYvoqSEvsng0FD6CnEYP75Jkf_S7LaHV9YT0O-S_KT9ez6uuuEnxjOWT3l7uvHcNhdAJq2eoiUf1I1tCXXjfJyt7sGExNquJvDI4C0vpDcrQhPrU1L23B_fA1SZ0q0HI7SJ1iI=k-no""],""When"":""2026-3-10""},{""Name"":""Vy Lê Yến Vy"",""ProfilePicture"":""https://lh3.googleusercontent.com/a-/ALV-UjXNCiEqlacfP_VZWJd09Cr12ZDiRwe9jbKnSOVLv4q0sz_bRbul=s120-c-rp-mo-br100"",""Rating"":5,""Description"":""Chủ nhiệt tình dễ mến phòng gọn gàng sạch sẽ"",""Images"":null,""When"":""""},{""Name"":""Quân Hà"",""ProfilePicture"":""https://lh3.googleusercontent.com/a/ACg8ocJiuHhRiLGGHjd7s6cKhPIa2yyBf8KicAfv9lAwOeVz53KQfQ=s120-c-rp-mo-br100"",""Rating"":1,""Description"":""1 tiếng 140k. phòng xấu còn đắt"",""Images"":null,""When"":""""},{""Name"":""Hằng Đoàn"",""ProfilePicture"":""https://lh3.googleusercontent.com/a/ACg8ocJgyN3XGgnuTos7wTa-SItPoBruqi26IdzmnFz-Ica1xLH6OA=s120-c-rp-mo-br100"",""Rating"":4,""Description"":""250k từ 9h tối 9h sáng . phòng sạch sẽ mỗi tội hết phòng phải leo lên tầng 4 hơi mệt"",""Images"":null,""When"":""""},{""Name"":""Việt Anh"",""ProfilePicture"":""https://lh3.googleusercontent.com/a-/ALV-UjUem907GgU0A1FxHT79iDdSo6fX96ONH62Fns8gMc6jqPwq3aai=s120-c-rp-mo-br100"",""Rating"":4,""Description"":""Phòng với giá vậy đúng giá. Mở cửa 24/24"",""Images"":null,""When"":""""},{""Name"":""哔哩哔哩国创"",""ProfilePicture"":""https://lh3.googleusercontent.com/a-/ALV-UjVPMaGfBhhf72hkgOsQH82AXgmdEJtTN_FCcae4fIq3YBwMSZc=s120-c-rp-mo-ba12-br100"",""Rating"":4,""Description"":""love love love Nhà Nghỉ Tây Đô\nTrở thành địa điểm VIP\nĐược quan tâm hown\nThu hút khách hàng hơn\nĐÁNH GIÁ NĂM SAO\nkhông chín ba một chín năm bảy một bốn chín"",""Images"":null,""When"":""""},{""Name"":""thúy hoàng"",""ProfilePicture"":""https://lh3.googleusercontent.com/a-/ALV-UjU_LXL5MPlQxFs_4TUIgjLx-dmxrJtqNHInK36pxQ8VdVS-Niqw0g=s120-c-rp-mo-br100"",""Rating"":4,""Description"":""m ở 8h- 3h chiều giá 200k"",""Images"":null,""When"":""""}]","[{""Name"":""Hoàng Lê"",""ProfilePicture"":""https://lh3.googleusercontent.com/a-/ALV-UjVTMVweWIaLGs9kIpMTh964vKoJmCsjr4vxAcBSF08xN1X8aQ0=s120-c-rp-mo-br100"",""Rating"":5,""Description"":""80k/2h, 170k/night. Pretty clean and quiet."",""Images"":null,""When"":""""},{""Name"":""dinh nguyen"",""ProfilePicture"":""https://lh3.googleusercontent.com/a/ACg8ocID2dUtMGTfXFxc0moUQbmyVDAQDqYqsenz-BOvid7JuPHseA=s120-c-rp-mo-ba12-br100"",""Rating"":4,""Description"":""Ok"",""Images"":null,""When"":""""},{""Name"":""dat nguyen tien"",""ProfilePicture"":""https://lh3.googleusercontent.com/a/ACg8ocLkllr4QNp4q7VaOOQfjSsYFi0ZN10wJYv8BVZb740IADGudA=s120-c-rp-mo-ba12-br100"",""Rating"":5,""Description"":""Good hostel"",""Images"":null,""When"":""""},{""Name"":""Hai Han thanh"",""ProfilePicture"":""https://lh3.googleusercontent.com/a-/ALV-UjXwd8Wgib8bV8JCIn2UpkiQbUqukmBS8Ml3Rd-LtpPDKYs9E7zn=s120-c-rp-mo-ba12-br100"",""Rating"":3,""Description"":""Simple"",""Images"":null,""When"":""""},{""Name"":""Park Đôbi"",""ProfilePicture"":""https://lh3.googleusercontent.com/a-/ALV-UjWVMdHYK7a3culmryrPaJevVY5xS1aZJvdJ25dBSsvFrYWNSdqV=s120-c-rp-mo-br100"",""Rating"":3,""Description"":""Từ 170k/1 đêm giờ tăng giá 250k/1 đêm. Giá ngang với nhà nghỉ khác nhưng phòng hẹp, tối, chật và cũ hơn. Nội thất chưa phù hợp với giá cả."",""Images"":null,""When"":""""},{""Name"":""Trần Quang Anh"",""ProfilePicture"":""https://lh3.googleusercontent.com/a-/ALV-UjUXHyduOJRfRSxBsJDdXqCLJsznB8qyNBDeonG1AOtiAYO3B3Kzaw=s120-c-rp-mo-br100"",""Rating"":1,""Description"":""Thấy có người lớn tuổi bệnh tật đi khám bệnh chém giá cao. Trong khi đó phòng thì xấu"",""Images"":[""https://lh3.googleusercontent.com/grass-cs/ANxoTn3Z1d3a7yYvoqSEvsng0FD6CnEYP75Jkf_S7LaHV9YT0O-S_KT9ez6uuuEnxjOWT3l7uvHcNhdAJq2eoiUf1I1tCXXjfJyt7sGExNquJvDI4C0vpDcrQhPrU1L23B_fA1SZ0q0HI7SJ1iI=k-no""],""When"":""2026-3-10""},{""Name"":""Vy Lê Yến Vy"",""ProfilePicture"":""https://lh3.googleusercontent.com/a-/ALV-UjXNCiEqlacfP_VZWJd09Cr12ZDiRwe9jbKnSOVLv4q0sz_bRbul=s120-c-rp-mo-br100"",""Rating"":5,""Description"":""Chủ nhiệt tình dễ mến phòng gọn gàng sạch sẽ"",""Images"":null,""When"":""""},{""Name"":""Quân Hà"",""ProfilePicture"":""https://lh3.googleusercontent.com/a/ACg8ocJiuHhRiLGGHjd7s6cKhPIa2yyBf8KicAfv9lAwOeVz53KQfQ=s120-c-rp-mo-br100"",""Rating"":1,""Description"":""1 tiếng 140k. phòng xấu còn đắt"",""Images"":null,""When"":""""},{""Name"":""Hằng Đoàn"",""ProfilePicture"":""https://lh3.googleusercontent.com/a/ACg8ocJgyN3XGgnuTos7wTa-SItPoBruqi26IdzmnFz-Ica1xLH6OA=s120-c-rp-mo-br100"",""Rating"":4,""Description"":""250k từ 9h tối 9h sáng . phòng sạch sẽ mỗi tội hết phòng phải leo lên tầng 4 hơi mệt"",""Images"":null,""When"":""""},{""Name"":""Việt Anh"",""ProfilePicture"":""https://lh3.googleusercontent.com/a-/ALV-UjUem907GgU0A1FxHT79iDdSo6fX96ONH62Fns8gMc6jqPwq3aai=s120-c-rp-mo-br100"",""Rating"":4,""Description"":""Phòng với giá vậy đúng giá. Mở cửa 24/24"",""Images"":null,""When"":""""},{""Name"":""哔哩哔哩国创"",""ProfilePicture"":""https://lh3.googleusercontent.com/a-/ALV-UjVPMaGfBhhf72hkgOsQH82AXgmdEJtTN_FCcae4fIq3YBwMSZc=s120-c-rp-mo-ba12-br100"",""Rating"":4,""Description"":""love love love Nhà Nghỉ Tây Đô\nTrở thành địa điểm VIP\nĐược quan tâm hown\nThu hút khách hàng hơn\nĐÁNH GIÁ NĂM SAO\nkhông chín ba một chín năm bảy một bốn chín"",""Images"":null,""When"":""""},{""Name"":""thúy hoàng"",""ProfilePicture"":""https://lh3.googleusercontent.com/a-/ALV-UjU_LXL5MPlQxFs_4TUIgjLx-dmxrJtqNHInK36pxQ8VdVS-Niqw0g=s120-c-rp-mo-br100"",""Rating"":4,""Description"":""m ở 8h- 3h chiều giá 200k"",""Images"":null,""When"":""""},{""Name"":""Phi Thái Duy"",""ProfilePicture"":""https://lh3.googleusercontent.com/a-/ALV-UjXPbDV525DUYndka9BN4UgvtXArDN3HlSDlV02iSDN7hs2nD6Y=s120-c-rp-mo-br100"",""Rating"":4,""Description"":""Giá cả 170000đ/đêm. 340000/ngày đêm. Phòng sạch, giá hợp lý."",""Images"":null,""When"":""""},{""Name"":""Trần Xuân Ngọc"",""ProfilePicture"":""https://lh3.googleusercontent.com/a-/ALV-UjUXfAeStTW7HjU9qRyVxgWLhd7a78G_XN_tUSRgUl6l9xvltWvj=s120-c-rp-mo-ba12-br100"",""Rating"":3,""Description"":""Gọi là để nghỉ"",""Images"":null,""When"":""""},{""Name"":""Vô Tình Củ chuối"",""ProfilePicture"":""https://lh3.googleusercontent.com/a-/ALV-UjXb0CjGztIMM7HsHn8rqBvWt6FQHhX4gnhPrwcudrcit68bfVQQ=s120-c-rp-mo-br100"",""Rating"":5,""Description"":""Anh chị chủ thân thiện...\nPhòng ốc bình dân thì k chê..."",""Images"":null,""When"":""""},{""Name"":""Camera Vũ Trường (Múa Thái Sơn La)"",""ProfilePicture"":""https://lh3.googleusercontent.com/a-/ALV-UjVJH1dGtQAQznVDfUmNzuhUicx4DgXcUEZonzqFsFAJh7MTpYMq=s120-c-rp-mo-br100"",""Rating"":4,""Description"":""Cảm ơn nhà chủ rất tốt bụng"",""Images"":null,""When"":""""},{""Name"":""Myloveu 206"",""ProfilePicture"":""https://lh3.googleusercontent.com/a-/ALV-UjVyHEeLTRNEMKpAV7KKA-2MnNG34TTsqaVJaSTCTLRJmT-BzAzD=s120-c-rp-mo-br100"",""Rating"":1,""Description"":""Nv thái độ, chặt chém"",""Images"":null,""When"":""""},{""Name"":""Tiến Đức Nguyễn"",""ProfilePicture"":""https://lh3.googleusercontent.com/a-/ALV-UjXqpME-Qez_ep8X0ndmkLn_IZ4DLEwXXPE-UPv7ST-qPDB9Acij7g=s120-c-rp-mo-ba12-br100"",""Rating"":1,""Description"":""Nhân viên thái độ."",""Images"":null,""When"":""""},{""Name"":""Nguyễn Thị Vân Anh"",""ProfilePicture"":""https://lh3.googleusercontent.com/a-/ALV-UjWF_EdnG_HS4OuuhHNvx0Z-NgvofPVTQUQ2z34YcUnuy0Liic9Y=s120-c-rp-mo-ba12-br100"",""Rating"":5,""Description"":""Nhà anh chị Toàn Chinh"",""Images"":null,""When"":""""},{""Name"":""lcmm Lcmm"",""ProfilePicture"":""https://lh3.googleusercontent.com/a/ACg8ocIf6YqSrAIrZXy_piplhPK2zwIVbyyJ9l1svercIoPXLP4RLQ=s120-c-rp-mo-ba12-br100"",""Rating"":4,""Description"":"""",""Images"":null,""When"":""""},{""Name"":""caibanla"",""ProfilePicture"":""https://lh3.googleusercontent.com/a-/ALV-UjVaTGQasyug0bglE-95TTtcMvInFPLU7z0t_REb_XP1fz3Mawjg=s120-c-rp-mo-ba12-br100"",""Rating"":5,""Description"":"""",""Images"":null,""When"":""""},{""Name"":""Lò Anh Tuấn"",""ProfilePicture"":""https://lh3.googleusercontent.com/a-/ALV-UjUiq-v1JlJbxVVxKiOKU5_2BxHsPFvKhLdt5w2kBPX0WeFFJqY=s120-c-rp-mo-ba12-br100"",""Rating"":5,""Description"":"""",""Images"":null,""When"":""""},{""Name"":""Hùng Tuấn"",""ProfilePicture"":""https://lh3.googleusercontent.com/a-/ALV-UjWf_wPDQQqfxA6MNpiBvR34z45EUU2Zc4Ha-JI76Q1_PRCRxufS=s120-c-rp-mo-ba12-br100"",""Rating"":2,""Description"":"""",""Images"":null,""When"":""""},{""Name"":""Ưng Hoàng Thành"",""ProfilePicture"":""https://lh3.googleusercontent.com/a-/ALV-UjXQy8vpN6XcIRg2PuRT8INENFO4-7Cp-ZDRBPHFanyiWrvu9v8=s120-c-rp-mo-ba12-br100"",""Rating"":5,""Description"":"""",""Images"":null,""When"":""""},{""Name"":""Anh Hoai"",""ProfilePicture"":""https://lh3.googleusercontent.com/a/ACg8ocIvnWen0hSlsFR6rN4LuyvIsdii-W7jDVxV4rE4NBqTr7z3NA=s120-c-rp-mo-ba12-br100"",""Rating"":3,""Description"":"""",""Images"":null,""When"":""""},{""Name"":""Lan Lương Thị"",""ProfilePicture"":""https://lh3.googleusercontent.com/a-/ALV-UjUdf-n0skcjzUouQMX_K6H7h-cw8TKi2-Wpdu-yuCpS0fnvmmA=s120-c-rp-mo-br100"",""Rating"":5,""Description"":"""",""Images"":null,""When"":""""},{""Name"":""Truong Duc"",""ProfilePicture"":""https://lh3.googleusercontent.com/a-/ALV-UjUxvWnkIZbZqsYytZF8wr8tiZB5aCe0Io5tkTB6uMKRKKC0itit=s120-c-rp-mo-br100"",""Rating"":4,""Description"":"""",""Images"":null,""When"":""""},{""Name"":""Thành Liêm"",""ProfilePicture"":""https://lh3.googleusercontent.com/a-/ALV-UjVwhTUjPwNP9uQlM-YtkcGRIAQYSvROeCT7LkuhcWbXpuDTWgN2=s120-c-rp-mo-ba12-br100"",""Rating"":3,""Description"":"""",""Images"":null,""When"":""""},{""Name"":""Bắc Phan Tiến"",""ProfilePicture"":""https://lh3.googleusercontent.com/a-/ALV-UjUD5Ae1xHD8SJXInAoRqALFRO-l-PjIMc_2WfyzdbI8cKOJ9foB=s120-c-rp-mo-br100"",""Rating"":1,""Description"":"""",""Images"":null,""When"":""""},{""Name"":""Viet Mr"",""ProfilePicture"":""https://lh3.googleusercontent.com/a-/ALV-UjUIQsu7GMZgAzSGshOgkK6w1s99_anhNMwVgBZ1vdGMr2ZB9d-aqg=s120-c-rp-mo-ba12-br100"",""Rating"":4,""Description"":"""",""Images"":null,""When"":""""},{""Name"":""Anh Dương"",""ProfilePicture"":""https://lh3.googleusercontent.com/a/ACg8ocKcKECJ2AJm_A8vIXkamVxLFzdWmh8OhJYPfFbYDy5C4M7zQg=s120-c-rp-mo-br100"",""Rating"":4,""Description"":"""",""Images"":null,""When"":""""},{""Name"":""Duc Luc Vu"",""ProfilePicture"":""https://lh3.googleusercontent.com/a/ACg8ocKj1kEXtUNrqUOd52kPNZTn9DrSLKApo1H-Il-JfX0EF0-u6Q=s120-c-rp-mo-br100"",""Rating"":3,""Description"":"""",""Images"":null,""When"":""""},{""Name"":""Bằng Phong Ngô"",""ProfilePicture"":""https://lh3.googleusercontent.com/a-/ALV-UjVfYhFao7UAaJrLFCMQeUp_N0xU7epGPXF6MkmQpqAjItSmMaVG=s120-c-rp-mo-ba12-br100"",""Rating"":3,""Description"":"""",""Images"":null,""When"":""""},{""Name"":""Huỳnh Đăng Phúc"",""ProfilePicture"":""https://lh3.googleusercontent.com/a-/ALV-UjXKxO4z5dMxrrGEjb5Lfamp4GFohDQgz8fHMhmt7f9nLPVy5ijS=s120-c-rp-mo-br100"",""Rating"":5,""Description"":"""",""Images"":null,""When"":""""},{""Name"":""Thu Hường Phạm"",""ProfilePicture"":""https://lh3.googleusercontent.com/a-/ALV-UjXffQ48YU-nX4ssnj2EM-ZdhbFjGQSFh6bXXEQP9r2e5hldhdmW=s120-c-rp-mo-br100"",""Rating"":2,""Description"":"""",""Images"":null,""When"":""""},{""Name"":""ngọc Long"",""ProfilePicture"":""https://lh3.googleusercontent.com/a/ACg8ocKDvo5I3K_tVyNnbwhD2dMUO7dgFbgSdJ5vpr_3iSq5F4H4=s120-c-rp-mo-br100"",""Rating"":1,""Description"":"""",""Images"":null,""When"":""""},{""Name"":""yb hung"",""ProfilePicture"":""https://lh3.googleusercontent.com/a-/ALV-UjU0D3XozgHd1O76dXn7d-hMlWapEqJa9MTkMgBbrhEPdpNd_Mc=s120-c-rp-mo-br100"",""Rating"":1,""Description"":"""",""Images"":null,""When"":""""},{""Name"":""Mạnh Văn Sỹ"",""ProfilePicture"":""https://lh3.googleusercontent.com/a-/ALV-UjXzCuuVq4Wo1lQ8OMgNgiLrmQm9UI4pgwWlkaWqdcpRIV4IJHo_=s120-c-rp-mo-ba12-br100"",""Rating"":3,""Description"":"""",""Images"":null,""When"":""""},{""Name"":""diep ly"",""ProfilePicture"":""https://lh3.googleusercontent.com/a-/ALV-UjXJ-NDiQkkP4wfeglTKo06Y4uLO-k7oXomwOp3LeiGgn-5_tIQ=s120-c-rp-mo-br100"",""Rating"":4,""Description"":"""",""Images"":null,""When"":""""}]"
Nhà nghỉ Thái Sơn,Nhà nghỉ trượt tuyết,18,4.300000,"{""1"":2,""2"":0,""3"":1,""4"":2,""5"":13}",0.000000,0.000000,"[{""Name"":""Diep Bich"",""ProfilePicture"":""https://lh3.googleusercontent.com/a/ACg8ocIZCz6_amkS44vXSv1sIbQ1rkbhS503KBZSaRKYuHHoGOw7Ww=s120-c-rp-mo-br100"",""Rating"":5,""Description"":""cho e xin sdt nhà nghỉ với ạ"",""Images"":null,""When"":""""},{""Name"":""Đức Thiện Nguyễn"",""ProfilePicture"":""https://lh3.googleusercontent.com/a/ACg8ocLoWrRSxmfy3buhIoR8w7Kc_Shg5LqS4tSN7LmOF59sU9FPDQ=s120-c-rp-mo-br100"",""Rating"":5,""Description"":""Chỉ có 150k từ 9 giờ đêm hôm trước đến 11 giờ trưa hôm sau mà tiện nghi rất đầy đủ."",""Images"":null,""When"":""""},{""Name"":""Hữu Đô Dương"",""ProfilePicture"":""https://lh3.googleusercontent.com/a-/ALV-UjUMnqtlyHpacOMJvd24ubwmzMSEloefncEaHL5qIC0E171XfQ5s=s120-c-rp-mo-br100"",""Rating"":5,""Description"":""Cho cháu xin số điện thoại của bên mình với ạ. Tks"",""Images"":null,""When"":""""},{""Name"":""Mr. Tuấn"",""ProfilePicture"":""https://lh3.googleusercontent.com/a-/ALV-UjXr_TeTU1EV5JG-blL-slrhErxcGJA75XELHTtkN-rewDzx5THH=s120-c-rp-mo-ba12-br100"",""Rating"":4,""Description"":""Ok trong tầm giá. P  đã cũ tuy nhiên vẫn đủ sạch sẽ"",""Images"":null,""When"":""""},{""Name"":""sơn nguyễn"",""ProfilePicture"":""https://lh3.googleusercontent.com/a/ACg8ocJ9m7uDuoXVgwTvfki-uQ2uRtbfzR90y5aWSIo2z4FK9hC9Qg=s120-c-rp-mo-br100"",""Rating"":5,""Description"":""Phòng sạch sẽ đầy đủ tiện nghi\nGiá cả hợp lý"",""Images"":null,""When"":""""},{""Name"":""Nguyễn Thị Hải Yến"",""ProfilePicture"":""https://lh3.googleusercontent.com/a/ACg8ocLDJ-4K8YvzhzDhRmuSTu3AkbIBZqWiJAnHJEpA-7i-tMLt7A=s120-c-rp-mo-br100"",""Rating"":5,""Description"":""Cho em xin số điện thoại với ạ"",""Images"":null,""When"":""""},{""Name"":""Thị Thùy Trang Đặng"",""ProfilePicture"":""https://lh3.googleusercontent.com/a/ACg8ocJZ9tj-Pr23_z4L-AEx8_UUgS1O8WQXbJWgX3Oscpjjq3JoWg=s120-c-rp-mo-br100"",""Rating"":5,""Description"":""Cho em xin số điện thoại với ạ"",""Images"":null,""When"":""""},{""Name"":""Luyen Do Thi"",""ProfilePicture"":""https://lh3.googleusercontent.com/a/ACg8ocKZQIz0V3wb1bQPdAzFzQzh-Ypj9nZ0x6SfrhE_n0WykXWXSw=s120-c-rp-mo-br100"",""Rating"":5,""Description"":""Sạch sẽ thoáng mát rất thoải mái"",""Images"":null,""When"":""""}]","[{""Name"":""Ánh Nguyễn Thị Ngọc"",""ProfilePicture"":""https://lh3.googleusercontent.com/a-/ALV-UjUXCD1Y6--wPj-cKLqGntxzmvAbZYUqmsH91rmDEFArwIJ8CTlLqQ=s120-c-rp-mo-ba12-br100"",""Rating"":5,""Description"":""Ok"",""Images"":null,""When"":""""},{""Name"":""Diep Bich"",""ProfilePicture"":""https://lh3.googleusercontent.com/a/ACg8ocIZCz6_amkS44vXSv1sIbQ1rkbhS503KBZSaRKYuHHoGOw7Ww=s120-c-rp-mo-br100"",""Rating"":5,""Description"":""cho e xin sdt nhà nghỉ với ạ"",""Images"":null,""When"":""""},{""Name"":""Đức Thiện Nguyễn"",""ProfilePicture"":""https://lh3.googleusercontent.com/a/ACg8ocLoWrRSxmfy3buhIoR8w7Kc_Shg5LqS4tSN7LmOF59sU9FPDQ=s120-c-rp-mo-br100"",""Rating"":5,""Description"":""Chỉ có 150k từ 9 giờ đêm hôm trước đến 11 giờ trưa hôm sau mà tiện nghi rất đầy đủ."",""Images"":null,""When"":""""},{""Name"":""Hữu Đô Dương"",""ProfilePicture"":""https://lh3.googleusercontent.com/a-/ALV-UjUMnqtlyHpacOMJvd24ubwmzMSEloefncEaHL5qIC0E171XfQ5s=s120-c-rp-mo-br100"",""Rating"":5,""Description"":""Cho cháu xin số điện thoại của bên mình với ạ. Tks"",""Images"":null,""When"":""""},{""Name"":""Mr. Tuấn"",""ProfilePicture"":""https://lh3.googleusercontent.com/a-/ALV-UjXr_TeTU1EV5JG-blL-slrhErxcGJA75XELHTtkN-rewDzx5THH=s120-c-rp-mo-ba12-br100"",""Rating"":4,""Description"":""Ok trong tầm giá. P  đã cũ tuy nhiên vẫn đủ sạch sẽ"",""Images"":null,""When"":""""},{""Name"":""sơn nguyễn"",""ProfilePicture"":""https://lh3.googleusercontent.com/a/ACg8ocJ9m7uDuoXVgwTvfki-uQ2uRtbfzR90y5aWSIo2z4FK9hC9Qg=s120-c-rp-mo-br100"",""Rating"":5,""Description"":""Phòng sạch sẽ đầy đủ tiện nghi\nGiá cả hợp lý"",""Images"":null,""When"":""""},{""Name"":""Nguyễn Thị Hải Yến"",""ProfilePicture"":""https://lh3.googleusercontent.com/a/ACg8ocLDJ-4K8YvzhzDhRmuSTu3AkbIBZqWiJAnHJEpA-7i-tMLt7A=s120-c-rp-mo-br100"",""Rating"":5,""Description"":""Cho em xin số điện thoại với ạ"",""Images"":null,""When"":""""},{""Name"":""Thị Thùy Trang Đặng"",""ProfilePicture"":""https://lh3.googleusercontent.com/a/ACg8ocJZ9tj-Pr23_z4L-AEx8_UUgS1O8WQXbJWgX3Oscpjjq3JoWg=s120-c-rp-mo-br100"",""Rating"":5,""Description"":""Cho em xin số điện thoại với ạ"",""Images"":null,""When"":""""},{""Name"":""Luyen Do Thi"",""ProfilePicture"":""https://lh3.googleusercontent.com/a/ACg8ocKZQIz0V3wb1bQPdAzFzQzh-Ypj9nZ0x6SfrhE_n0WykXWXSw=s120-c-rp-mo-br100"",""Rating"":5,""Description"":""Sạch sẽ thoáng mát rất thoải mái"",""Images"":null,""When"":""""},{""Name"":""Trường Trần Quang"",""ProfilePicture"":""https://lh3.googleusercontent.com/a-/ALV-UjXSEqZWxxT8TWCx3z_lgj7a5tmUsuIcWO89nyKoVrZ-FHbitBxO=s120-c-rp-mo-br100"",""Rating"":1,""Description"":""Nhà nghỉ làm giá linh tinh"",""Images"":null,""When"":""""},{""Name"":""codon kien"",""ProfilePicture"":""https://lh3.googleusercontent.com/a-/ALV-UjV4gjvN3rqW6jTs7c8nFl8Vs68KqoA4HWSfItAP8ZY3FziKAKQ=s120-c-rp-mo-ba12-br100"",""Rating"":5,""Description"":""Bình dân"",""Images"":null,""When"":""""},{""Name"":""asoka mila"",""ProfilePicture"":""https://lh3.googleusercontent.com/a-/ALV-UjWuElwPtZGFOa-2qw9iyomCaY8x_RaT4PNgjpDJXwA3nBVSA8UX=s120-c-rp-mo-br100"",""Rating"":3,""Description"":""Hơi khó tìm"",""Images"":null,""When"":""""},{""Name"":""ĐẠT QUỐC"",""ProfilePicture"":""https://lh3.googleusercontent.com/a/ACg8ocLZWb2P9SzQc2PTAHf3BB24gYPfaVwfYplAfRLoj_YqvSWOMg=s120-c-rp-mo-ba12-br100"",""Rating"":5,""Description"":"""",""Images"":null,""When"":""""},{""Name"":""Vân Anh Nguyễn"",""ProfilePicture"":""https://lh3.googleusercontent.com/a-/ALV-UjUaOxtf3gul7qx6HDMr-rGJYLpgtIeXJXLFDK_UYjarIrki372r=s120-c-rp-mo-ba12-br100"",""Rating"":5,""Description"":"""",""Images"":null,""When"":""""},{""Name"":""Thanh 38. Nguyễn Duy"",""ProfilePicture"":""https://lh3.googleusercontent.com/a-/ALV-UjUga44F8iMStMxoSPiqGmS9ngZxXpgLTcbD7aTpTEMvZecSx74=s120-c-rp-mo-ba12-br100"",""Rating"":5,""Description"":"""",""Images"":null,""When"":""""},{""Name"":""pump muscle"",""ProfilePicture"":""https://lh3.googleusercontent.com/a-/ALV-UjVbF3aadBETcZIKNi11M12s9bXKVcz7JLEc-eD2e-1HsOpsxHVD=s120-c-rp-mo-br100"",""Rating"":5,""Description"":"""",""Images"":null,""When"":""""},{""Name"":""Toàn Dương Văn"",""ProfilePicture"":""https://lh3.googleusercontent.com/a-/ALV-UjXTMAmh0s2oH1tUYlGF1-BOrGXR0CaQh5Zb44T9dJypN9v3edTUiA=s120-c-rp-mo-ba12-br100"",""Rating"":4,""Description"":"""",""Images"":null,""When"":""""},{""Name"":""Đỗ Khăc Tiệp"",""ProfilePicture"":""https://lh3.googleusercontent.com/a/ACg8ocIw0nOEO4-9m4G4jiFgTLhFUusl05mR8oEcYh_vNFaRTfP3cQ=s120-c-rp-mo-ba12-br100"",""Rating"":1,""Description"":"""",""Images"":null,""When"":""""}]"
Nhà Nghỉ Thanh Ngọc,Nhà nghỉ trượt tuyết,1,5.000000,"{""1"":0,""2"":0,""3"":0,""4"":0,""5"":1}",0.000000,0.000000,"[{""Name"":""Nhat Huy"",""ProfilePicture"":""https://lh3.googleusercontent.com/a/ACg8ocK6PiCAPxJjk9GZ7JqeEHB2wYZnJoUrOaky08dzNnBSXg3N-Q=s120-c-rp-mo-br100"",""Rating"":5,""Description"":"""",""Images"":null,""When"":""""}]","[{""Name"":""Nhat Huy"",""ProfilePicture"":""https://lh3.googleusercontent.com/a/ACg8ocK6PiCAPxJjk9GZ7JqeEHB2wYZnJoUrOaky08dzNnBSXg3N-Q=s120-c-rp-mo-br100"",""Rating"":5,""Description"":"""",""Images"":null,""When"":""""}]"
Nhà Nghỉ Minh Huyền,Nhà trọ,37,4.500000,"{""1"":3,""2"":2,""3"":0,""4"":2,""5"":30}",0.000000,0.000000,"[{""Name"":""Luong1964 Le"",""ProfilePicture"":""https://lh3.googleusercontent.com/a/ACg8ocKe7az9jhJG1Jt3iIvVFYB6es6rk4oxihD0k2LoFjkimwnRdA=s120-c-rp-mo-br100"",""Rating"":5,""Description"":""Nhà nghỉ minh huyền tuyệt vời  phòng sạch sẽ thoáng mát  giá cả rất phù hợp với  mọi người  chủ nhà nghỉ vui vẻ  hiền lành phúc hậu  luôn giúp đỡ nhiều nguòi   hoàn cảnh khó khăn"",""Images"":null,""When"":""""},{""Name"":""Quỳnh Lê"",""ProfilePicture"":""https://lh3.googleusercontent.com/a/ACg8ocKjB9uNIQgVWDlUt2QQqEhUYRCHDC9erB7h9lYYCwI5bjMYww=s120-c-rp-mo-br100"",""Rating"":4,""Description"":""Chủ nhà rất nhiệt tình, vui vẻ và giúp đỡ khách khi cần, phòng ốc cơ bản ổn, phù hợp giá cả và có vệ sinh trong nên an toàn . Mn nếu đi khám hay chăm sóc người bệnh ở gần đây nên lại nhà nghỉ này nhé."",""Images"":null,""When"":""""},{""Name"":""Trang Macthihuyen"",""ProfilePicture"":""https://lh3.googleusercontent.com/a/ACg8ocIsB_E3mKin8IhtecbDOFDQE9UDC5m7wTEJCd6SVyYRU74t6g=s120-c-rp-mo-br100"",""Rating"":1,""Description"":""Mọi người hãy hỏi kỹ về giá nhé lúc đầu mình đi hai người bà chủ nói 1 giờ 50k sau khi mình vào thấy phòng rất chật hẹp và cũng rất ồn bạn có thể nghe thấy 100% tiếng ồn của bên ngoài . Sau khi nghỉ bọn mình phản ánh lại với cô , cô nói :” nếu không muốn ở nữa thì cô thu 100k “ . Bọn mình đều hỏi tại sao lại thế cô bảo không ở nữa phải vậy , bọn mình cũng vội và cũng không muốn lằng nhằng nên thôi trả cô\n\n騙人， 空間小價格很高 本來我們談1個小時50 元越南錢 我來休的時候覺得裡面很吵沒辦法睡、出來跟老闆娘說要收100元 ， 態度不禮貌\n\nThe motel has a policy of not respecting others, the motel price is also very expensive, 100,000 VND per hour, a scam."",""Images"":null,""When"":""""},{""Name"":""Hoang Phat Nguyen"",""ProfilePicture"":""https://lh3.googleusercontent.com/a/ACg8ocLjJpac7YgWwwyI6G5klUPZRxaaLqbdOcyynea_n-KxO1CuAQ=s120-c-rp-mo-br100"",""Rating"":1,""Description"":""Phòng giường chăn ga gối hôi ko dám đắp"",""Images"":null,""When"":""""},{""Name"":""Phương Phạm"",""ProfilePicture"":""https://lh3.googleusercontent.com/a-/ALV-UjUIuSbW1lXbUgqvaNEtYWkTRmP2JadYQP7EpAzq8NziEijhEPQp=s120-c-rp-mo-ba12-br100"",""Rating"":5,""Description"":""Chị chủ thân thiện, phòng oke có điều hơi ồn tí. Vào nghỉ ngơi dừng chân oke nha mọi người. Điều hoà, chăn gối sạch sẽ đầy đủ"",""Images"":null,""When"":""""},{""Name"":""trang lý"",""ProfilePicture"":""https://lh3.googleusercontent.com/a-/ALV-UjVo6CtTUsQjc2ZtT7840knjDWtXm3KrJ3zDtdHXIx27xYl2yO4=s120-c-rp-mo-br100"",""Rating"":4,""Description"":""Cho mình hỏi nhà nghỉ có chỗ để xe cho khách ko ạ?"",""Images"":null,""When"":""""},{""Name"":""HD Vlog"",""ProfilePicture"":""https://lh3.googleusercontent.com/a-/ALV-UjUd3O3GmQZIjiBrGHbWfHvUIfKZUQ6vD__KbZ3rYUlVSfvUGWiX=s120-c-rp-mo-br100"",""Rating"":5,""Description"":""Mình ở đây 1 tuần để tiện đi thẩm mỹ viện. Mọi thứ rất dễ chịu thoải mái và an toàn. Gần trung tâm mua sắm Tops market có thể đi bộ nên rất đầy đủ.\nCó dịch vụ giặt sấy lấy ngay giá tốt."",""Images"":null,""When"":""""},{""Name"":""Fgvuhh Ygcf"",""ProfilePicture"":""https://lh3.googleusercontent.com/a/ACg8ocJspOaZDlFNQxO62r7F2mRC5uVglC26vFguC4zdGjKukE6P6w=s120-c-rp-mo-br100"",""Rating"":5,""Description"":""Bạn chủ rất nhiệt tình thân thiện. Phòng ốc sạch sẽ. 5 sao"",""Images"":null,""When"":""""}]","[{""Name"":""マイケルサトシ"",""ProfilePicture"":""https://lh3.googleusercontent.com/a-/ALV-UjXdVZsVIy2L99fAIov58kHBSSLH0Vg5oXREqz11leR4QPkFVAE3=s120-c-rp-mo-br100"",""Rating"":5,""Description"":""I spend good time in here.\nI recommend you guys!"",""Images"":null,""When"":""""},{""Name"":""Luong1964 Le"",""ProfilePicture"":""https://lh3.googleusercontent.com/a/ACg8ocKe7az9jhJG1Jt3iIvVFYB6es6rk4oxihD0k2LoFjkimwnRdA=s120-c-rp-mo-br100"",""Rating"":5,""Description"":""Nhà nghỉ minh huyền tuyệt vời  phòng sạch sẽ thoáng mát  giá cả rất phù hợp với  mọi người  chủ nhà nghỉ vui vẻ  hiền lành phúc hậu  luôn giúp đỡ nhiều nguòi   hoàn cảnh khó khăn"",""Images"":null,""When"":""""},{""Name"":""Quỳnh Lê"",""ProfilePicture"":""https://lh3.googleusercontent.com/a/ACg8ocKjB9uNIQgVWDlUt2QQqEhUYRCHDC9erB7h9lYYCwI5bjMYww=s120-c-rp-mo-br100"",""Rating"":4,""Description"":""Chủ nhà rất nhiệt tình, vui vẻ và giúp đỡ khách khi cần, phòng ốc cơ bản ổn, phù hợp giá cả và có vệ sinh trong nên an toàn . Mn nếu đi khám hay chăm sóc người bệnh ở gần đây nên lại nhà nghỉ này nhé."",""Images"":null,""When"":""""},{""Name"":""Trang Macthihuyen"",""ProfilePicture"":""https://lh3.googleusercontent.com/a/ACg8ocIsB_E3mKin8IhtecbDOFDQE9UDC5m7wTEJCd6SVyYRU74t6g=s120-c-rp-mo-br100"",""Rating"":1,""Description"":""Mọi người hãy hỏi kỹ về giá nhé lúc đầu mình đi hai người bà chủ nói 1 giờ 50k sau khi mình vào thấy phòng rất chật hẹp và cũng rất ồn bạn có thể nghe thấy 100% tiếng ồn của bên ngoài . Sau khi nghỉ bọn mình phản ánh lại với cô , cô nói :” nếu không muốn ở nữa thì cô thu 100k “ . Bọn mình đều hỏi tại sao lại thế cô bảo không ở nữa phải vậy , bọn mình cũng vội và cũng không muốn lằng nhằng nên thôi trả cô\n\n騙人， 空間小價格很高 本來我們談1個小時50 元越南錢 我來休的時候覺得裡面很吵沒辦法睡、出來跟老闆娘說要收100元 ， 態度不禮貌\n\nThe motel has a policy of not respecting others, the motel price is also very expensive, 100,000 VND per hour, a scam."",""Images"":null,""When"":""""},{""Name"":""Hoang Phat Nguyen"",""ProfilePicture"":""https://lh3.googleusercontent.com/a/ACg8ocLjJpac7YgWwwyI6G5klUPZRxaaLqbdOcyynea_n-KxO1CuAQ=s120-c-rp-mo-br100"",""Rating"":1,""Description"":""Phòng giường chăn ga gối hôi ko dám đắp"",""Images"":null,""When"":""""},{""Name"":""Phương Phạm"",""ProfilePicture"":""https://lh3.googleusercontent.com/a-/ALV-UjUIuSbW1lXbUgqvaNEtYWkTRmP2JadYQP7EpAzq8NziEijhEPQp=s120-c-rp-mo-ba12-br100"",""Rating"":5,""Description"":""Chị chủ thân thiện, phòng oke có điều hơi ồn tí. Vào nghỉ ngơi dừng chân oke nha mọi người. Điều hoà, chăn gối sạch sẽ đầy đủ"",""Images"":null,""When"":""""},{""Name"":""trang lý"",""ProfilePicture"":""https://lh3.googleusercontent.com/a-/ALV-UjVo6CtTUsQjc2ZtT7840knjDWtXm3KrJ3zDtdHXIx27xYl2yO4=s120-c-rp-mo-br100"",""Rating"":4,""Description"":""Cho mình hỏi nhà nghỉ có chỗ để xe cho khách ko ạ?"",""Images"":null,""When"":""""},{""Name"":""HD Vlog"",""ProfilePicture"":""https://lh3.googleusercontent.com/a-/ALV-UjUd3O3GmQZIjiBrGHbWfHvUIfKZUQ6vD__KbZ3rYUlVSfvUGWiX=s120-c-rp-mo-br100"",""Rating"":5,""Description"":""Mình ở đây 1 tuần để tiện đi thẩm mỹ viện. Mọi thứ rất dễ chịu thoải mái và an toàn. Gần trung tâm mua sắm Tops market có thể đi bộ nên rất đầy đủ.\nCó dịch vụ giặt sấy lấy ngay giá tốt."",""Images"":null,""When"":""""},{""Name"":""Fgvuhh Ygcf"",""ProfilePicture"":""https://lh3.googleusercontent.com/a/ACg8ocJspOaZDlFNQxO62r7F2mRC5uVglC26vFguC4zdGjKukE6P6w=s120-c-rp-mo-br100"",""Rating"":5,""Description"":""Bạn chủ rất nhiệt tình thân thiện. Phòng ốc sạch sẽ. 5 sao"",""Images"":null,""When"":""""},{""Name"":""Елена Тулякова"",""ProfilePicture"":""https://lh3.googleusercontent.com/a/ACg8ocIfMkDBahDPktHY2FJLkU7QfOL8uEIkOCIXaDGbnO4_OCFWkg=s120-c-rp-mo-br100"",""Rating"":5,""Description"":""Отличные комнаты практически в самом центре Ханоя. Гостеприимные хозяева. В комнатах чистота и порядок. А главное — тишина. Что в Ханое осень большая редкость.\nРекомендую от всей души. Здесь можно остановиться и на несколько часов и на месяц."",""Images"":null,""When"":""""},{""Name"":""Thuylinh Trần"",""ProfilePicture"":""https://lh3.googleusercontent.com/a/ACg8ocJSnqMT0pAEc5tpZvpQ0IOUQPJk39ZqkqKGtoTbupJOPvFDlg=s120-c-rp-mo-br100"",""Rating"":5,""Description"":""Cảm ơn anh chị chủ rất nhiều ak. Anh chị cực kì nhiệt tình ạ"",""Images"":null,""When"":""""},{""Name"":""Thương Nguyễn"",""ProfilePicture"":""https://lh3.googleusercontent.com/a-/ALV-UjUVScvpZBYFLRIspxcvRVQawIAsiKjEMn02VrV2cLL52-CdHJQ=s120-c-rp-mo-br100"",""Rating"":5,""Description"":""Giá phòng đơn 1 ngày bao nhiêu vậy ạ"",""Images"":null,""When"":""""},{""Name"":""Liên Vương Thị"",""ProfilePicture"":""https://lh3.googleusercontent.com/a/ACg8ocKQUsKgZ_9Vtsq13Tp41VdqSYYTwoYRjiCPwQpnALiYYrxmJA=s120-c-rp-mo-br100"",""Rating"":5,""Description"":""Nhà nghỉ chỗ nghỉ thoải mái, an ninh trật tự an toàn, thái độ phịc vụ chi đáo"",""Images"":null,""When"":""""},{""Name"":""Xuân Trường Nguyễn"",""ProfilePicture"":""https://lh3.googleusercontent.com/a/ACg8ocLv1t2YfMN06C1bA_tJk0FLoxdbOtFlCjtWuwXD1RFg3AsvDg=s120-c-rp-mo-br100"",""Rating"":5,""Description"":""Cơm ngon, ăn nghỉ giá hợp lý gần bệnh viện. Gia đình ông bà chủ niềm nở nhiệt tình."",""Images"":null,""When"":""""},{""Name"":""Hoàng Mr"",""ProfilePicture"":""https://lh3.googleusercontent.com/a-/ALV-UjVnVFqNzU9MKn5sO3Q4OCXvrNZSbuRxQIUrkGPoOdIA2ZftG6tQ=s120-c-rp-mo-br100"",""Rating"":1,""Description"":""Nuốt cọc ,gọi không chả đớp mất 3l $ cọc"",""Images"":null,""When"":""""},{""Name"":""Nguyễn Minh Quân"",""ProfilePicture"":""https://lh3.googleusercontent.com/a-/ALV-UjVp1RVescLP94LMDRWoWrlaXkd69ZbMKntd8LS1lr9OVT5nMdT3=s120-c-rp-mo-ba12-br100"",""Rating"":5,""Description"":""Xin giá phòng đôi ạ?"",""Images"":null,""When"":""""},{""Name"":""The nguyễn"",""ProfilePicture"":""https://lh3.googleusercontent.com/a-/ALV-UjWnAmdWnRPl4-foT5d63FXrzZVkLGar20gDwG38YuN3UA9brIo=s120-c-rp-mo-br100"",""Rating"":5,""Description"":""nhà ngỉ sạch sẽ,chủ thân thiện với khách.."",""Images"":null,""When"":""""},{""Name"":""Hoa Phạm"",""ProfilePicture"":""https://lh3.googleusercontent.com/a/ACg8ocLd1MGpvtIjwfpwkxOB8OU7LUFmzA4aL8MgLmVwVXTW8LQ4OA=s120-c-rp-mo-br100"",""Rating"":5,""Description"":""cơm ngon, rẻ, sạch sẽ. Chị chủ niềm nở, thân thiện, đáng yêu."",""Images"":null,""When"":""""},{""Name"":""Văn Thọ"",""ProfilePicture"":""https://lh3.googleusercontent.com/a-/ALV-UjVXrLToY8T5-3-8_1AvZpt1QdOjoPtQyv__711fZI8Tu4PDDGoqLg=s120-c-rp-mo-ba12-br100"",""Rating"":5,""Description"":""Cơm ngon, chủ nhà nhiệt tình, giá cả hợp lý"",""Images"":[""https://lh3.googleusercontent.com/grass-cs/ANxoTn2wVLIywLJyzdlLv7cZR2kN8tC7k7h3RuAu6cQEKPLJUyk-6IDXY8m5CjPN_zjSzewIu6ZkuK7TI9P0rzgPaEFgiMdFAEDSLYnEgXy2CkHaJRMHKZVz9WLYikjA2HZAeKFYIYkK=k-no""],""When"":""2022-5-9""},{""Name"":""Long Hoàng"",""ProfilePicture"":""https://lh3.googleusercontent.com/a-/ALV-UjX77eutcrcBDPDbmJewSAlAvFSMhHPX16fkonJdQojxxyR3x4w=s120-c-rp-mo-br100"",""Rating"":5,""Description"":""Xin giá phòng đơn ạ"",""Images"":null,""When"":""""},{""Name"":""Am Pham"",""ProfilePicture"":""https://lh3.googleusercontent.com/a/ACg8ocLkl5jUisYtXL16LxAdOFXkiBQQloQC9Zi2iccWMQsF9QgAog=s120-c-rp-mo-br100"",""Rating"":5,""Description"":""Rất an toàn thoáng mát\nSạch sẽ."",""Images"":null,""When"":""""},{""Name"":""Hải Đới"",""ProfilePicture"":""https://lh3.googleusercontent.com/a/ACg8ocJOhLESPaR8gja88Doat9l6N-Tkf0LD7n_ov3N4D6Fuy-rXkA=s120-c-rp-mo-br100"",""Rating"":5,""Description"":""Nhà sạch sẽ . Chủ nhà nhiệt tình vui vẻ"",""Images"":null,""When"":""""},{""Name"":""Xuân Tiệp Triệu"",""ProfilePicture"":""https://lh3.googleusercontent.com/a-/ALV-UjWqxPWCDNveelwW_Vvv4rfYHK53PuWWcQoGkUH54nXfKqlamOE=s120-c-rp-mo-ba12-br100"",""Rating"":5,""Description"":""Đắt show"",""Images"":null,""When"":""""},{""Name"":""Lam Nguyễn"",""ProfilePicture"":""https://lh3.googleusercontent.com/a/ACg8ocIq7_KSZM37hi1zaCLbtYDiQTwmRDm7G5ed_2q8qi3k9g5hbA=s120-c-rp-mo-br100"",""Rating"":5,""Description"":""nhà nghỉ chất lượng tốt"",""Images"":null,""When"":""""},{""Name"":""Hoa Nguyễn"",""ProfilePicture"":""https://lh3.googleusercontent.com/a/ACg8ocKXCZ26BJkxmr0rD2csP2tmyVv8IW7QxPoM_RF5TJXRpYPXFQ=s120-c-rp-mo-br100"",""Rating"":5,""Description"":""Vui vẻ"",""Images"":null,""When"":""""},{""Name"":""Lieu Nguyen Thi"",""ProfilePicture"":""https://lh3.googleusercontent.com/a/ACg8ocLLAHh9zC31U6PFPR_jLIO1QzlB_WOqyNGM4kv6Sjq428AY_w=s120-c-rp-mo-br100"",""Rating"":5,""Description"":""Tot chaat luong sach se"",""Images"":null,""When"":""""},{""Name"":""huy hoàng"",""ProfilePicture"":""https://lh3.googleusercontent.com/a-/ALV-UjXJ3UxeqJ4rgIN-ToZNs7SGY5QrGfS97to3rp9H9La3WQ5P-Fo=s120-c-rp-mo-br100"",""Rating"":5,""Description"":""Chất lượng ok"",""Images"":null,""When"":""""},{""Name"":""Hoc Seo"",""ProfilePicture"":""https://lh3.googleusercontent.com/a/ACg8ocKakWRxFZvx_eP0Q7f2Hc4YH-6UkJSs6aCZm9AXHSoZxZY2lg=s120-c-rp-mo-br100"",""Rating"":5,""Description"":""cơm nóng hổi ,ngon"",""Images"":null,""When"":""""},{""Name"":""Bùi Công Quyết"",""ProfilePicture"":""https://lh3.googleusercontent.com/a-/ALV-UjWGh3gC0zmGJoDNUl9SGngWKQmwRoNsBclVAQtGCpI9upu6GHBw3g=s120-c-rp-mo-ba12-br100"",""Rating"":5,""Description"":"""",""Images"":null,""When"":""""},{""Name"":""Quyen Dau trong"",""ProfilePicture"":""https://lh3.googleusercontent.com/a/ACg8ocJ1UebuxC0gdHQl2L_dlTHwo5jqKetWHVuIQJ42ewGrH0VKeA=s120-c-rp-mo-br100"",""Rating"":5,""Description"":""1 ngày 1 đêm tổng 24h là bao nhiêu tiền vậy chị"",""Images"":null,""When"":""""},{""Name"":""Trà linh Hoàng"",""ProfilePicture"":""https://lh3.googleusercontent.com/a/ACg8ocJmJLxw040zr92bkomV3xaKQmosUsEOBhYglv_HLdXxSED0cA=s120-c-rp-mo-ba12-br100"",""Rating"":5,""Description"":"""",""Images"":null,""When"":""""},{""Name"":""Thao Bang thi"",""ProfilePicture"":""https://lh3.googleusercontent.com/a-/ALV-UjXjDjEVq0YH_EDtfGnvXONBd4Dg93psHardIFoZKNL3t-29kZc=s120-c-rp-mo-br100"",""Rating"":2,""Description"":"""",""Images"":null,""When"":""""},{""Name"":""Cd Abc"",""ProfilePicture"":""https://lh3.googleusercontent.com/a/ACg8ocIrx5TN223cQJIsaLup0UpIg-YwMr91RAFRcdWEQaMkAQ0mAA=s120-c-rp-mo-br100"",""Rating"":5,""Description"":"""",""Images"":null,""When"":""""},{""Name"":""Đàm Phú"",""ProfilePicture"":""https://lh3.googleusercontent.com/a/ACg8ocJ_GC8Oy8OGHNz3dWmiUotqL94cmCleX9WQAKzddAdA4GFE2Bc=s120-c-rp-mo-ba12-br100"",""Rating"":5,""Description"":"""",""Images"":null,""When"":""""},{""Name"":""Thị Thu Trần"",""ProfilePicture"":""https://lh3.googleusercontent.com/a/ACg8ocIcu-iq-5wCpeJxcWhxwNSlY-VDPmm13xbkSo5aafJIPzBEjQ=s120-c-rp-mo-br100"",""Rating"":5,""Description"":"""",""Images"":null,""When"":""""},{""Name"":""Hoàng Đức Cường"",""ProfilePicture"":""https://lh3.googleusercontent.com/a-/ALV-UjWFPdZmdwhWXyf7ZqobGCLxV2-W52IwejbLsGU6HqE9JmKNqjX-bQ=s120-c-rp-mo-br100"",""Rating"":2,""Description"":"""",""Images"":null,""When"":""""},{""Name"":""Bùi Viết Đạt"",""ProfilePicture"":""https://lh3.googleusercontent.com/a-/ALV-UjVXNzbo04r6vYnwtZhs4QrwhOzmEAkmXl_hu79VsEAbRkrD7b2y=s120-c-rp-mo-br100"",""Rating"":5,""Description"":"""",""Images"":null,""When"":""""}]"
Nhà nghỉ,Nhà trọ,4,4.800000,"{""1"":0,""2"":0,""3"":0,""4"":1,""5"":3}",0.000000,0.000000,"[{""Name"":""Trung Lã"",""ProfilePicture"":""https://lh3.googleusercontent.com/a-/ALV-UjWgbheM4aW8jHE24QLNUBlcoYBNi8n03o8g0NHDgKrBNtMI_7U=s120-c-rp-mo-br100"",""Rating"":5,""Description"":""quán đẹp ktv nhiệt tình"",""Images"":null,""When"":""""},{""Name"":""baba giống vĩnh phúc (Ryan)"",""ProfilePicture"":""https://lh3.googleusercontent.com/a-/ALV-UjWMPxcVhgQCX_cfVibb3gK-IFLP4ScYlX0SNx5cb5PNoT6Wij5h=s120-c-rp-mo-br100"",""Rating"":5,""Description"":"""",""Images"":null,""When"":""""},{""Name"":""Vu Ta vun"",""ProfilePicture"":""https://lh3.googleusercontent.com/a/ACg8ocKG1eKmVc9OWcxgAkznP-gLDOg9SbZmndmgxhQZkegZ3Eha1w=s120-c-rp-mo-br100"",""Rating"":4,""Description"":"""",""Images"":null,""When"":""""},{""Name"":""Điện lạnh Cường"",""ProfilePicture"":""https://lh3.googleusercontent.com/a/ACg8ocI9sxY0u38-CI12iabV3ApeI0BaY-zbs9RA2R1LI-W9qrSFGw=s120-c-rp-mo-br100"",""Rating"":5,""Description"":"""",""Images"":null,""When"":""""}]","[{""Name"":""Trung Lã"",""ProfilePicture"":""https://lh3.googleusercontent.com/a-/ALV-UjWgbheM4aW8jHE24QLNUBlcoYBNi8n03o8g0NHDgKrBNtMI_7U=s120-c-rp-mo-br100"",""Rating"":5,""Description"":""quán đẹp ktv nhiệt tình"",""Images"":null,""When"":""""},{""Name"":""vĩnh phúc baba giống (Ryan)"",""ProfilePicture"":""https://lh3.googleusercontent.com/a-/ALV-UjWMPxcVhgQCX_cfVibb3gK-IFLP4ScYlX0SNx5cb5PNoT6Wij5h=s120-c-rp-mo-br100"",""Rating"":5,""Description"":"""",""Images"":null,""When"":""""},{""Name"":""Vu Ta vun"",""ProfilePicture"":""https://lh3.googleusercontent.com/a/ACg8ocKG1eKmVc9OWcxgAkznP-gLDOg9SbZmndmgxhQZkegZ3Eha1w=s120-c-rp-mo-br100"",""Rating"":4,""Description"":"""",""Images"":null,""When"":""""},{""Name"":""Điện lạnh Cường"",""ProfilePicture"":""https://lh3.googleusercontent.com/a/ACg8ocI9sxY0u38-CI12iabV3ApeI0BaY-zbs9RA2R1LI-W9qrSFGw=s120-c-rp-mo-br100"",""Rating"":5,""Description"":"""",""Images"":null,""When"":""""}]"
Nhà nghỉ G7 Hotel,Khách sạn tình yêu,32,4.900000,"{""1"":1,""2"":0,""3"":0,""4"":0,""5"":31}",0.000000,0.000000,"[{""Name"":""Toàn Đỗ"",""ProfilePicture"":""https://lh3.googleusercontent.com/a/ACg8ocJ3NVfKDUuO1qi1-JOuQuLKs2Ux6GK1qymdqP57XeoESFWONQ=s120-c-rp-mo-br100"",""Rating"":1,""Description"":""Hết phòng lại nói là còn phòng để khách đến nơi xong đuổi khách về????"",""Images"":null,""When"":""""},{""Name"":""Đạt Phạm Văn"",""ProfilePicture"":""https://lh3.googleusercontent.com/a/ACg8ocIo8TKNqQVWX9aYn_O9xd21vK0d57bKnCYVnREJnagFPSYvEA=s120-c-rp-mo-br100"",""Rating"":5,""Description"":""Phòng sạch đẹp,nhân viên rất nhiệt tình"",""Images"":null,""When"":""""},{""Name"":""Nam Phương"",""ProfilePicture"":""https://lh3.googleusercontent.com/a-/ALV-UjVI2YVTliHZ13ciXDTkTgHeQT3nlJDRZpYwOl_jbSXS4aES_h0=s120-c-rp-mo-br100"",""Rating"":5,""Description"":""Phòng mới đẹp , tiện nghi đầy đủ , sẽ quay lại và ủng hộ 😗"",""Images"":[""https://lh3.googleusercontent.com/grass-cs/ANxoTn1aUz1oXarvWyxkkYxm0yUZLcmkvxgiO5m6M75AhJswG6TNGkyZnGraGcBJchi8y49YyUoi1GO59L_W8sZHI-mp6hpOT0xUFkMZExDMRiy9yuCjuOZ8AhkfS8x-LKcJBSEJTiiuoYPqnAMc=k-no"",""https://lh3.googleusercontent.com/grass-cs/ANxoTn2bams5mBi4sEhAXnVXptnFdpzAY5DDUUdWCdZskVcsdPzBiCRVsRFrwHtiqyFVxRIs_An5Nh8u6QPoiN2psyJW0jmtbkAhw0zpYsIaAWl6PiIkogzPWdDYch5IR6QJtsUa5r_iH0xggXS0=k-no""],""When"":""2025-11-11""},{""Name"":""Thịnh Nguyễn Đức"",""ProfilePicture"":""https://lh3.googleusercontent.com/a/ACg8ocIpt264hGm3MRtX1pXTIriU68Po3rGWJqCckayxqfZjqNIzJw=s120-c-rp-mo-br100"",""Rating"":5,""Description"":""Phòng sạch sẽ . Giá cả ok . Gần trường bách khoa"",""Images"":[""https://lh3.googleusercontent.com/grass-cs/ANxoTn0fyUr6IMA447KrukObieLW5dW6aylg4cJ4dYgEfKxuamWXwT50rWTF7GnKUpYgMuQLulO_cgbsEDglaO7M2T-F4gcQAbqh59kMOZ8KWLWJKssf651GG1dyJdJjmVTw_lwpsibF8Eb2NRAp=k-no""],""When"":""2026-4-29""},{""Name"":""Dũng Đặng Thái"",""ProfilePicture"":""https://lh3.googleusercontent.com/a-/ALV-UjUy-IpNuHccja3S0tVhoG8-CAuZQajeb4oKurTyKdFqOxxzMKsx=s120-c-rp-mo-ba12-br100"",""Rating"":5,""Description"":""Phòng mới sạch sẽ, mạng ổn, tivi đầy đủ chức năng."",""Images"":[""https://lh3.googleusercontent.com/grass-cs/ANxoTn1YhExh4yMyMCQjlpmzbRPmBCL3mdkwhlpJx9HWkXmRd_Sy6ZMIPnbF59HfuQqIskchWMYSBmoSsC__8O-lfLisCf4YjsEdYhC3w6NtqjcR2e8I1NB8QrwhC3LGVbmJ-i6B9me2-nTEv20=k-no""],""When"":""2026-2-15""},{""Name"":""Nam Nguyễn Khắc"",""ProfilePicture"":""https://lh3.googleusercontent.com/a-/ALV-UjWxas-euqGjz66BSV94L413TvXNF95VGqLLKHcNRtDHznWxtezZ=s120-c-rp-mo-br100"",""Rating"":5,""Description"":""Vừa trải nghiệm xong , ah chủ tốt tính 1h vẫn vui vẻ dậy mở cửa hộ mình lấy đồ ăn. phòng sạch sẽ thơm tho đầy đủ như homestay luôn 😳. chắc chắn sẽ nơi lý tưởng luôn"",""Images"":[""https://lh3.googleusercontent.com/grass-cs/ANxoTn0Zd7k8VwynSJMIZEdo8Pyl_CnhS9NEH5LfDilfsIKh15QzIIoYNKRYNXvj3lDMUTZrJ5gzKffBXxutwGROf8T5Fdf7xQscq-Po6rHknkr3DwwKBwKf3NZUv0SUD8O1JQqEoEmKFrEbNNU=k-no""],""When"":""2025-12-16""},{""Name"":""Tiền Trần"",""ProfilePicture"":""https://lh3.googleusercontent.com/a/ACg8ocKZU0Hr3muYpP-IM2ZGSi_VVEZIawNcZ53WgaflcvXREmk_FQ=s120-c-rp-mo-br100"",""Rating"":5,""Description"":""Nhà nghỉ sạch sẽ thoáng mát phục vụ nhiệt tình chu đáo"",""Images"":[""https://lh3.googleusercontent.com/grass-cs/ANxoTn0fkJA9CojzIG0r8SmJe343brkb9JRCAWSDgRLTe5Nl0iZBP3IXgcBcOBXXcvO3xXDt-3L9HsX0fKeEt6t8va3CJqs-YDRDRwe_Qfd2_Vu4e72-9gez80HhMVAoL24zlTZBtsm71GxaWxMb=k-no"",""https://lh3.googleusercontent.com/grass-cs/ANxoTn1BvpNfqAuew9iz9kuetJve1S5-GgGAY1dO_7G8wUMm_bxQ9xWelsvH1tgM_wS6eEBr4TIgEsBPg0tCueoH5g-PaLtvdxCXbHmnrNv1vv3BmKYMxIQJZXFVWDLWjl0W1vDw7q_Jx20miCxs=k-no"",""https://lh3.googleusercontent.com/grass-cs/ANxoTn3QAh9dSM_zxbC1KnrxBPtX0cgkBkrdyQbRi41Pl5Xg0R6de0ypV56SEKFbFRXwMS7MK_hFO1_GPFbBKxYVdhWxYiiqat-R6JBgBqb1GL5FCBRVk_CZXue8gBzSWDzr8NLSO296G50nIgA=k-no"",""https://lh3.googleusercontent.com/grass-cs/ANxoTn2Jb1G3y5GTxJvwnbK-KwCQn7cabpCvHx05DOvEv7mg26aUxHz5qeBnzMbPfS5vAT9BClU5OnB6w9CFi1CpMbnXoWwQuudXMXFEmwLd917HQuM1KgQZH5WVs0Qs0u1SZMaMyY1JD0MGuPnA=k-no""],""When"":""2025-12-26""},{""Name"":""Cuc Nguyen"",""ProfilePicture"":""https://lh3.googleusercontent.com/a-/ALV-UjVjyzFwqDrma-44erssr6E-Rhz1m2UBNTCnC9I0UoL_kdJoG-CJ=s120-c-rp-mo-br100"",""Rating"":5,""Description"":""Phòng sạch sẽ, nhiệt tình, chu đáo\n10đ k có nhưng"",""Images"":null,""When"":""""}]","[{""Name"":""Toàn Đỗ"",""ProfilePicture"":""https://lh3.googleusercontent.com/a/ACg8ocJ3NVfKDUuO1qi1-JOuQuLKs2Ux6GK1qymdqP57XeoESFWONQ=s120-c-rp-mo-br100"",""Rating"":1,""Description"":""Hết phòng lại nói là còn phòng để khách đến nơi xong đuổi khách về????"",""Images"":null,""When"":""""},{""Name"":""Đạt Phạm Văn"",""ProfilePicture"":""https://lh3.googleusercontent.com/a/ACg8ocIo8TKNqQVWX9aYn_O9xd21vK0d57bKnCYVnREJnagFPSYvEA=s120-c-rp-mo-br100"",""Rating"":5,""Description"":""Phòng sạch đẹp,nhân viên rất nhiệt tình"",""Images"":null,""When"":""""},{""Name"":""Nam Phương"",""ProfilePicture"":""https://lh3.googleusercontent.com/a-/ALV-UjVI2YVTliHZ13ciXDTkTgHeQT3nlJDRZpYwOl_jbSXS4aES_h0=s120-c-rp-mo-br100"",""Rating"":5,""Description"":""Phòng mới đẹp , tiện nghi đầy đủ , sẽ quay lại và ủng hộ 😗"",""Images"":[""https://lh3.googleusercontent.com/grass-cs/ANxoTn1aUz1oXarvWyxkkYxm0yUZLcmkvxgiO5m6M75AhJswG6TNGkyZnGraGcBJchi8y49YyUoi1GO59L_W8sZHI-mp6hpOT0xUFkMZExDMRiy9yuCjuOZ8AhkfS8x-LKcJBSEJTiiuoYPqnAMc=k-no"",""https://lh3.googleusercontent.com/grass-cs/ANxoTn2bams5mBi4sEhAXnVXptnFdpzAY5DDUUdWCdZskVcsdPzBiCRVsRFrwHtiqyFVxRIs_An5Nh8u6QPoiN2psyJW0jmtbkAhw0zpYsIaAWl6PiIkogzPWdDYch5IR6QJtsUa5r_iH0xggXS0=k-no""],""When"":""2025-11-11""},{""Name"":""Thịnh Nguyễn Đức"",""ProfilePicture"":""https://lh3.googleusercontent.com/a/ACg8ocIpt264hGm3MRtX1pXTIriU68Po3rGWJqCckayxqfZjqNIzJw=s120-c-rp-mo-br100"",""Rating"":5,""Description"":""Phòng sạch sẽ . Giá cả ok . Gần trường bách khoa"",""Images"":[""https://lh3.googleusercontent.com/grass-cs/ANxoTn0fyUr6IMA447KrukObieLW5dW6aylg4cJ4dYgEfKxuamWXwT50rWTF7GnKUpYgMuQLulO_cgbsEDglaO7M2T-F4gcQAbqh59kMOZ8KWLWJKssf651GG1dyJdJjmVTw_lwpsibF8Eb2NRAp=k-no""],""When"":""2026-4-29""},{""Name"":""Dũng Đặng Thái"",""ProfilePicture"":""https://lh3.googleusercontent.com/a-/ALV-UjUy-IpNuHccja3S0tVhoG8-CAuZQajeb4oKurTyKdFqOxxzMKsx=s120-c-rp-mo-ba12-br100"",""Rating"":5,""Description"":""Phòng mới sạch sẽ, mạng ổn, tivi đầy đủ chức năng."",""Images"":[""https://lh3.googleusercontent.com/grass-cs/ANxoTn1YhExh4yMyMCQjlpmzbRPmBCL3mdkwhlpJx9HWkXmRd_Sy6ZMIPnbF59HfuQqIskchWMYSBmoSsC__8O-lfLisCf4YjsEdYhC3w6NtqjcR2e8I1NB8QrwhC3LGVbmJ-i6B9me2-nTEv20=k-no""],""When"":""2026-2-15""},{""Name"":""Nam Nguyễn Khắc"",""ProfilePicture"":""https://lh3.googleusercontent.com/a-/ALV-UjWxas-euqGjz66BSV94L413TvXNF95VGqLLKHcNRtDHznWxtezZ=s120-c-rp-mo-br100"",""Rating"":5,""Description"":""Vừa trải nghiệm xong , ah chủ tốt tính 1h vẫn vui vẻ dậy mở cửa hộ mình lấy đồ ăn. phòng sạch sẽ thơm tho đầy đủ như homestay luôn 😳. chắc chắn sẽ nơi lý tưởng luôn"",""Images"":[""https://lh3.googleusercontent.com/grass-cs/ANxoTn0Zd7k8VwynSJMIZEdo8Pyl_CnhS9NEH5LfDilfsIKh15QzIIoYNKRYNXvj3lDMUTZrJ5gzKffBXxutwGROf8T5Fdf7xQscq-Po6rHknkr3DwwKBwKf3NZUv0SUD8O1JQqEoEmKFrEbNNU=k-no""],""When"":""2025-12-16""},{""Name"":""Tiền Trần"",""ProfilePicture"":""https://lh3.googleusercontent.com/a/ACg8ocKZU0Hr3muYpP-IM2ZGSi_VVEZIawNcZ53WgaflcvXREmk_FQ=s120-c-rp-mo-br100"",""Rating"":5,""Description"":""Nhà nghỉ sạch sẽ thoáng mát phục vụ nhiệt tình chu đáo"",""Images"":[""https://lh3.googleusercontent.com/grass-cs/ANxoTn0fkJA9CojzIG0r8SmJe343brkb9JRCAWSDgRLTe5Nl0iZBP3IXgcBcOBXXcvO3xXDt-3L9HsX0fKeEt6t8va3CJqs-YDRDRwe_Qfd2_Vu4e72-9gez80HhMVAoL24zlTZBtsm71GxaWxMb=k-no"",""https://lh3.googleusercontent.com/grass-cs/ANxoTn1BvpNfqAuew9iz9kuetJve1S5-GgGAY1dO_7G8wUMm_bxQ9xWelsvH1tgM_wS6eEBr4TIgEsBPg0tCueoH5g-PaLtvdxCXbHmnrNv1vv3BmKYMxIQJZXFVWDLWjl0W1vDw7q_Jx20miCxs=k-no"",""https://lh3.googleusercontent.com/grass-cs/ANxoTn3QAh9dSM_zxbC1KnrxBPtX0cgkBkrdyQbRi41Pl5Xg0R6de0ypV56SEKFbFRXwMS7MK_hFO1_GPFbBKxYVdhWxYiiqat-R6JBgBqb1GL5FCBRVk_CZXue8gBzSWDzr8NLSO296G50nIgA=k-no"",""https://lh3.googleusercontent.com/grass-cs/ANxoTn2Jb1G3y5GTxJvwnbK-KwCQn7cabpCvHx05DOvEv7mg26aUxHz5qeBnzMbPfS5vAT9BClU5OnB6w9CFi1CpMbnXoWwQuudXMXFEmwLd917HQuM1KgQZH5WVs0Qs0u1SZMaMyY1JD0MGuPnA=k-no""],""When"":""2025-12-26""},{""Name"":""Cuc Nguyen"",""ProfilePicture"":""https://lh3.googleusercontent.com/a-/ALV-UjVjyzFwqDrma-44erssr6E-Rhz1m2UBNTCnC9I0UoL_kdJoG-CJ=s120-c-rp-mo-br100"",""Rating"":5,""Description"":""Phòng sạch sẽ, nhiệt tình, chu đáo\n10đ k có nhưng"",""Images"":null,""When"":""""},{""Name"":""Loi Dang Xuan"",""ProfilePicture"":""https://lh3.googleusercontent.com/a/ACg8ocLhg_7_KaSuYM6TdY1cRSnu2jSCEF8d1OepRoyj0d4rXH8O9Q=s120-c-rp-mo-br100"",""Rating"":5,""Description"":""Nhà mới sạch sẽ sang trong nhân viên phục vụ nhiệt tình"",""Images"":[""https://lh3.googleusercontent.com/grass-cs/ANxoTn1Fv9mlJPN8g4TsDKTJ7mzZtgtD_cA-T9HLbF5-MNmtjcTOFRoAXUAg9TJEjySgAVhre9TTQ-24OdUb-MEPArEZpUyYGLOkAtxQBGjrzFOWAqQIIzeme4FJFpNrOT2_HTqzAjcnryJiblvy=k-no"",""https://lh3.googleusercontent.com/grass-cs/ANxoTn21_bcBo85nFAEzCtyRV0jFsHUzhRNsj0nLM_-i8M_ANQvt6yf3Icgw-7e-uzBmIo7-YqsG9UV0NSIHd1Du3kn6PcNmoR_PHyesLEyBNfeVAEGZbdAeClyogdcTWkQPD7VKI3ye6ZrYtI4=k-no"",""https://lh3.googleusercontent.com/grass-cs/ANxoTn3eY_5zFhxGAEU_7b76FnjRTp2J_09S8giCk2l2nj7H9FsMRgUVOBLQQiPG2QvdOWl-v9qpLJ_ydbo1bJ4fBIue7dGPRpY8ibYaR74tjz0upRAlLLuQSyWvPOU9NuYifgF4fFxk0oDqI22Q=k-no""],""When"":""2025-11-19""},{""Name"":""trần đức bắc"",""ProfilePicture"":""https://lh3.googleusercontent.com/a-/ALV-UjUNlQM2Q7CoLMBeUns18vjAQRFiF0pf7D-IyK00wmcyxPV_9vNP=s120-c-rp-mo-br100"",""Rating"":5,""Description"":""Nhân viên thân thiện phòng sạch sẽ"",""Images"":[""https://lh3.googleusercontent.com/grass-cs/ANxoTn1sxJP8J07NDCRiaVdjZryJYcXRZSelkILBFMmmKwV-cgIH9gBFbOXStB9VzGNfNWv5PSaS9aSkYHlRW_5FofZpUzBnWbr88eb35gYZWA9Ruhd4TE1WjW5dbUDwqclvunnp2HyVTpQIh8H9=k-no""],""When"":""2025-12-26""},{""Name"":""Thimo Bui"",""ProfilePicture"":""https://lh3.googleusercontent.com/a/ACg8ocIzVHx8X1ePxhpcJEAfzHEHFMGuxnuOwXd6AY2rHGWE-BYr=s120-c-rp-mo-br100"",""Rating"":5,""Description"":""Phòng đẹp sạch sẽ giá cả phù hợp nhân viên thân thiện sẽ quay lại. Lần sau"",""Images"":[""https://lh3.googleusercontent.com/grass-cs/ANxoTn0LVXZKC4a2PWt6fwPZkJnJTCwNU7r18NHl0YeCJmPjFnnOHQmomDcXVXnrTDMNeUZhzq3d5KhL2eDwGJ-FNTGW-uvN1Rtl_wMEc_gYdrkDfeyQQCCMa9hVEvmUEjAppvKAtBPHKcQuhvg=k-no"",""https://lh3.googleusercontent.com/grass-cs/ANxoTn0iFtVuflkWZ4K4xOcl-02wHpcppTK5W0hLqfDpB9xeFl8hu9ehj9ezFDQuU38Em1dFOj2SbZ4PLhZ4A6cRWT41f8_U27kPFHIcOXjIgyTqf4Orcyu4R1wdZCkddluWRFHCreiwPJnrz5g=k-no""],""When"":""2025-11-12""},{""Name"":""Tien Tran"",""ProfilePicture"":""https://lh3.googleusercontent.com/a/ACg8ocLgkH7-6vtRz8dqR37R3Z849TkXjf6tWpodrAUaXXdboCRbbA=s120-c-rp-mo-br100"",""Rating"":5,""Description"":""Phòng sạch sẽ\nPhục vụ nhiệt tình\nGiá cả dịch vụ hợp lý"",""Images"":[""https://lh3.googleusercontent.com/grass-cs/ANxoTn2a2Ek40hPF_I00jPqRPjpFZ18HzjbPICVYl0dPNvbUX8Vuhv9X_fAIXwMCCvaCcCLasuJ4k2nI7R1tklHr0O5q9x_Dhmk4gOS8gsPbKjnylU7o_5xFCgAq41FaLY9y1_BF50bWgRUB5rA=k-no"",""https://lh3.googleusercontent.com/grass-cs/ANxoTn1ZEqb5lmWdVkA9lc71H4DBmkP-ZIJhsdDA90xXfgB1sATykp0d5Ou5o35vaVJaSIRu48ZV7CmXJuexWGIG5dP2gZ9izLolUHBuHLYG_N1-RnRJyee1ezlFoBZA3qz2ySy5NKTY54Lr9nI=k-no""],""When"":""2025-12-10""},{""Name"":""Nhan Nguyễn thi"",""ProfilePicture"":""https://lh3.googleusercontent.com/a/ACg8ocKhhVunKAYcVEHnm5GZ_gWLUbUBRpTcD18dWLGwwHFsmCSAHQ=s120-c-rp-mo-br100"",""Rating"":5,""Description"":""Phòng sạch sẽ thoáng mát nhân viên phục vụ chu đáo"",""Images"":null,""When"":""""},{""Name"":""Hiếu Phạm"",""ProfilePicture"":""https://lh3.googleusercontent.com/a/ACg8ocK8bPWMUTbPitwfx2zHLiNeVrlcgaePYD6grCid5PhyyIW4cA=s120-c-rp-mo-br100"",""Rating"":5,""Description"":""Nhân viên nhiệt tình phòng đẹp sạnh sẽ lần sau sẽ quay lại"",""Images"":[""https://lh3.googleusercontent.com/grass-cs/ANxoTn0VXoqZ_Jpx5i0SQeJCbmRoBH6Yn6dHTOesZN08zliYWuu-zlTHWo4GspiiLbmPC_2oyxloS75QikLmF_aibk64Cdz_zLDIsYv7cntRN3emNmZFQivW82JhbwFCZrOWBAcuDCCWetvTF-Y=k-no""],""When"":""2025-11-19""},{""Name"":""Toan Trân"",""ProfilePicture"":""https://lh3.googleusercontent.com/a-/ALV-UjVgVTgRJbfAVz1DXStDX4o8tZMMbHlDG0NxMAcI5qI4S3vtJGA=s120-c-rp-mo-br100"",""Rating"":5,""Description"":""Phòng sạch sẽ, tiện nghi đầy đủ, thiết kế ấm cúng, giường êm ái, phòng tắm sạch sẽ, và dịch vụ thân thiện."",""Images"":[""https://lh3.googleusercontent.com/grass-cs/ANxoTn3YfIzxJ8PgP3yKKvbvoj41Seov-xXeVMP1Ji0ij5FMAMg0rMTWoArtwLs_NPns6krTCAIGfwqkbeNHyUa8PpaPr4psY3h7fEvqR6_EVSna54WHL4zZxCFT1lMDwoKo1qlbtMsaT2o4cejJ=k-no"",""https://lh3.googleusercontent.com/grass-cs/ANxoTn2YCwqOjM8LovPh47hP-O1dqYUb5HiwRtcztC_VOEb1A8ZyW2vlTpuU3j8t5jWZw1Md6RjDiXEmg5CY8pMRMi4y8H_HgElamH0kFvi0nvNzBHjvkU-NKybmLo8PHztoulzOi2CW_jlPJEE=k-no"",""https://lh3.googleusercontent.com/grass-cs/ANxoTn3PcoWjS2-topV9hjnZTAsAno6zItEd3j7fY4dtRwCNw5Gq3YXyfw2aqd-EEvmfeYdlLyAJSpZsmZ6NkFmYizTLtvmKOmZD4m55FLyAOod0f6d9EL6UJOv0CUDXmsAseoskbhDM7KF-aoIq=k-no""],""When"":""2025-11-11""},{""Name"":""Hoàn Đỗ"",""ProfilePicture"":""https://lh3.googleusercontent.com/a/ACg8ocILRAiI5twKViX0-gAmeThk5htE6gU_grENKAdgqmpkGvKvSso=s120-c-rp-mo-br100"",""Rating"":5,""Description"":""Phòng sạch sẽ thơm tho thoáng mát lễ tân nhiệt tình"",""Images"":null,""When"":""""},{""Name"":""Hotel Cici"",""ProfilePicture"":""https://lh3.googleusercontent.com/a/ACg8ocInTEnwUwPwq7NDy26tGmRlZSzXiXrmoKgbmxpx5OZhtedA=s120-c-rp-mo-br100"",""Rating"":5,""Description"":""Phòng đẹp nv nhiệt tình.5sao"",""Images"":null,""When"":""""},{""Name"":""Nga Phạm"",""ProfilePicture"":""https://lh3.googleusercontent.com/a/ACg8ocK_MI4doJEtd59B6hEarirZtQ1JCQjNdxnmMlmAdErtr9NEcg=s120-c-rp-mo-br100"",""Rating"":5,""Description"":""Phòng đẹp,sạch sẽ,giá lại hợp lý sẽ quay lại"",""Images"":null,""When"":""""},{""Name"":""Lê Phong"",""ProfilePicture"":""https://lh3.googleusercontent.com/a-/ALV-UjVfZWbhquj95ftJxqGn8ks8AUVHUJOqpZvpAMejKWYm_78YvgCc=s120-c-rp-mo-br100"",""Rating"":5,""Description"":""Giá thành hợp lý phòng sạch sẽ"",""Images"":[""https://lh3.googleusercontent.com/grass-cs/ANxoTn1UdZpKNx4KAICWndfvDHGpbr2m4miGs7q_6DxuKPeA0q1nO2YHW0m01TJqhYxZ3A8lvwq60Fp8sPMFOsGEdtvyq08lrHpU6XWzAerI9171ZT7-e0QQyTa3V3aTPtxNphuKDv9c5rZyV9m0=k-no""],""When"":""2025-12-9""},{""Name"":""Hoàng Long Nguyễn"",""ProfilePicture"":""https://lh3.googleusercontent.com/a-/ALV-UjUzObx3V-DXlBMs65KIek8MHNVgyJIOkgVyIZ0kBjxs6GjrV_Di=s120-c-rp-mo-br100"",""Rating"":5,""Description"":""Nhà nghỉ dễ tìm, sạch đẹp, có máy chiếu và chỗ để xe"",""Images"":null,""When"":""""},{""Name"":""Kim Anh Lê"",""ProfilePicture"":""https://lh3.googleusercontent.com/a/ACg8ocKf_p9AseYEYgaAdtk0fD89iRLt1oV75iKij5y0f-TGcDe0NQ=s120-c-rp-mo-br100"",""Rating"":5,""Description"":""Phòng đẹp sạch sẽ"",""Images"":null,""When"":""""},{""Name"":""Ngọc tuyết Đặng"",""ProfilePicture"":""https://lh3.googleusercontent.com/a/ACg8ocLwgsHrZjpe1rExUa-C2xeDaoypGHvafsHFOAKpTRDO41ZzCw=s120-c-rp-mo-br100"",""Rating"":5,""Description"":""Sang trọng và sạch sẽ"",""Images"":[""https://lh3.googleusercontent.com/grass-cs/ANxoTn1IunyUtp8x8TutYKXjKBG2fjM6R-WmLbRHlMCEkTCh8vXezOmIUPUPpMbwopswmCn6qBZ1m56bUv_kgVViJoUIUNG4YWC2eDm6GCxD2lK3xLq-SGAgDrTcW3nPzAwOuAcyUCuCSgVtGfg=k-no"",""https://lh3.googleusercontent.com/grass-cs/ANxoTn18_ThKxCCjkQFSUrEQuHIdoSTHnOHd8V-8LnQ8LFtKQ8zbK52kNt4oaoChNHPfP68KPyTC7fPxM21xS727d_Qs4CmmJ9YauYqbpcmbNWXud_c55KpvjK7Ivi8aRvP6GOXHnLDyku1ylmOJ=k-no"",""https://lh3.googleusercontent.com/grass-cs/ANxoTn2rT6JwL49OUIuvc2mlNxPxYJTOg34IbSf2bep9NiTaMOUxzKS42Y0i5Oztzr55Ht_FK9cDfsy4RDo84N7KcWzXQSyWmahfRjfkhxHaBcwcbxwUSuIj6vQ1dsWIaSDJYS9M96J7PrLUqI8d=k-no""],""When"":""2025-11-19""},{""Name"":""Hồng Khổng"",""ProfilePicture"":""https://lh3.googleusercontent.com/a-/ALV-UjVkAf_d-dFBn7O4in3hLjj5N6zRkdkNn3ALVDfQ-QRSQLIJrHv7=s120-c-rp-mo-br100"",""Rating"":5,""Description"":""Nhà nghỉ sạch sẽ vẫn còn mới"",""Images"":[""https://lh3.googleusercontent.com/grass-cs/ANxoTn1nQiEgyurvUJd6AKAwFAYqohsttUfEPADPiEu1VjksH9kRkqcYC11Lm0pyhGetYoDzX06md0TrfhQAoqoCQ_hkIOD2nF2WZVBeTBnj9lmIEVoBYttwS14t4dSuMIKnB1WAmqmY7fdvcFkt=k-no""],""When"":""2025-12-2""},{""Name"":""Duc Du Manh"",""ProfilePicture"":""https://lh3.googleusercontent.com/a/ACg8ocKLkmqK12p5CtydwVNmbCpR2sErxeczbvx1cLtOpLR-ygwIwQ=s120-c-rp-mo-br100"",""Rating"":5,""Description"":""Tuệt vời lắm các tình yêu"",""Images"":null,""When"":""""},{""Name"":""Thịnh Nguyễn"",""ProfilePicture"":""https://lh3.googleusercontent.com/a/ACg8ocKz6LvXXg5WfBoNyQcn5Mt8cSINmu94MD676gKbZf9hG3S-GA=s120-c-rp-mo-br100"",""Rating"":5,""Description"":""Ngõ hơi nhỏ . Đc cái phòng rộng sạch sẽ , đệm êm ái . Cửa cách âm ngủ sâu giấc"",""Images"":[""https://lh3.googleusercontent.com/grass-cs/ANxoTn3jQ-Ca9MixCzxqEIzeAmiK2kojHj2pNqCjGJ4zm-mQ1FMjN-fq98ohnrNARC7cQWfXGJTWFpqY7GJQX4HR2jgbXcd_A6eb-T0oOdXU8Eu3tPvfBSqyU1IJFhEQjSM4CHY5lYDQUAoivFk=k-no"",""https://lh3.googleusercontent.com/grass-cs/ANxoTn0FuUH9W60-133wTQD3OlnqHxqA5Ht4xqshOPy-VT1GjUM7Fk7QSB0PGVjkXZpZX7Gj0VkkgECmsFs06QCKQzstxp8mbVdX7mZDG2UbNPfn55L-zJ6bIsUZETj6Y3yE6PpFhq3n-O4yfz62=k-no""],""When"":""2026-4-29""},{""Name"":""Thu Le Hoai"",""ProfilePicture"":""https://lh3.googleusercontent.com/a-/ALV-UjVI3aJ5taGxsUzqqJ4KZASQ7KP_P5jQWUhhr1tk_CoQSuZ25ZLW=s120-c-rp-mo-ba12-br100"",""Rating"":5,""Description"":""Sạch sẽ,  ko ầm, ngủ ngon"",""Images"":null,""When"":""""},{""Name"":""Hoạt Phạm"",""ProfilePicture"":""https://lh3.googleusercontent.com/a/ACg8ocKPete8Whr5J89T5EsP_uIuUTw5f7Wy6ZtmVKno298cOb0mDw=s120-c-rp-mo-br100"",""Rating"":5,""Description"":"""",""Images"":null,""When"":""""},{""Name"":""cong bui"",""ProfilePicture"":""https://lh3.googleusercontent.com/a/ACg8ocIh6dL7BXXDjGl9p_mOSXJdSHFUwN8JqNkK9AAvpN_RjT0kqA=s120-c-rp-mo-br100"",""Rating"":5,""Description"":"""",""Images"":null,""When"":""""},{""Name"":""thắng trần"",""ProfilePicture"":""https://lh3.googleusercontent.com/a-/ALV-UjUE6mQD64M5SxOAo6POLFkEgv8nMfkn6FtWky9lDBi_xzOk_lYZ=s120-c-rp-mo-br100"",""Rating"":5,""Description"":""Phòng ốc sạch sẽ, yên tĩnh, giá rẻ. Khách sạn khá ok"",""Images"":null,""When"":""""},{""Name"":""Phạm Quí Phong"",""ProfilePicture"":""https://lh3.googleusercontent.com/a-/ALV-UjW0E0bC4K7WGI67uyxxpVW0n6EwWtnkOOhkk5Rtd8icIxqFDnvx=s120-c-rp-mo-br100"",""Rating"":5,""Description"":"""",""Images"":null,""When"":""""},{""Name"":""Quỳnh Bùi"",""ProfilePicture"":""https://lh3.googleusercontent.com/a/ACg8ocKu2CCFi_7PlGXWZ00st5my8lyvwxUm_IdrlSqsf3mDcEr0SQ=s120-c-rp-mo-br100"",""Rating"":5,""Description"":"""",""Images"":null,""When"":""""},{""Name"":""phuong thanh"",""ProfilePicture"":""https://lh3.googleusercontent.com/a/ACg8ocLY8QBuVxPYa3i-kpqBCFQozBm7cDaFOBH_eG4v9-6ws7hZow=s120-c-rp-mo-br100"",""Rating"":5,""Description"":"""",""Images"":null,""When"":""""}]"
Nhà Nghỉ Thế Kỷ Mới,Nhà nghỉ trượt tuyết,0,0.000000,"{""1"":0,""2"":0,""3"":0,""4"":0,""5"":0}",0.000000,0.000000,[],null
Nhà Nghỉ Huyền Trang,Khách sạn,45,2.100000,"{""1"":26,""2"":4,""3"":7,""4"":2,""5"":6}",0.000000,0.000000,"[{""Name"":""Huyền Khánh"",""ProfilePicture"":""https://lh3.googleusercontent.com/a/ACg8ocKXYxTeeU7DrZdWnDMgifoUudYnEr8tsnppzJF15fDnx8vucw=s120-c-rp-mo-ba12-br100"",""Rating"":1,""Description"":""Thái độ phục vụ tệ, nói chuyện không ra làm sao thanh toán thì lúc chuyển xong quay ra nói lật lọng trong khi trừ tiền tk vẫn kêu phải có chữ thành công mới chịu"",""Images"":null,""When"":""""},{""Name"":""Hoàng Diệu"",""ProfilePicture"":""https://lh3.googleusercontent.com/a-/ALV-UjUVwpVmka2Otk3nP5cfWXwb-FqeWGrlFWX73X5XOJrYbDnt5Zd6=s120-c-rp-mo-br100"",""Rating"":5,""Description"":""Nhà nghỉ sạch sẽ gọn gàng giá cả phù hợp, nhân viên nhã nhặn lịch sự"",""Images"":null,""When"":""""},{""Name"":""Anh Đức"",""ProfilePicture"":""https://lh3.googleusercontent.com/a-/ALV-UjUW0t-I4NOEBrOR2B4CU3yLF1MiKJK_YLnLKk-f0S-wvW1k2Qgz=s120-c-rp-mo-br100"",""Rating"":1,""Description"":""Phòng bẩn thỉu, lễ tân thì vô văn hoá. Trông người nhà bệnh ở viện đã mệt mỏi lại gặp ngay cái khách sạn làm ăn mất dạy."",""Images"":[""https://lh3.googleusercontent.com/grass-cs/ANxoTn2PE3kybHNnolia_YkSQPYT88DDNXuHSPOj9d0YwEx6bPSFw3CjRB6jXcklCaXfpdZypDvNaP7jftgk7FhHdlCXqAqarWZWdDlubPdfPH_AFNT8CFQIhMnVYCGjTl0r5OBWpzg1L9OjL-Vg=k-no""],""When"":""2025-8-6""},{""Name"":""Phuc Hoang"",""ProfilePicture"":""https://lh3.googleusercontent.com/a-/ALV-UjVxG3rYFaiVPElnrp8AjamNbgUTgZa0ar1iwSaQuxZN1qMdbA0=s120-c-rp-mo-br100"",""Rating"":1,""Description"":""Thái độ nv phục vụ kém, khách cần phòng chứ nhà nghỉ ko cần khách, có ai nói như vậy không?? Nhà nghỉ yêu cầu thu tiền trước, quạt, điều hòa kêu như công nông"",""Images"":[""https://lh3.googleusercontent.com/grass-cs/ANxoTn0copLHk8ckvPqiau4FC3x70Jv85rzw4upxH0JvTI5B6ZpBIzxO1Tm6lnCsaobfPmgJYXd--DID5jv2lDpTQ0qtG9YyOSAbcGl5PSySXfsdS2xKwhuLS8w5UB_cBTaGIT16dLFoykQhKhGr=k-no""],""When"":""2025-8-10""},{""Name"":""Linh LUU"",""ProfilePicture"":""https://lh3.googleusercontent.com/a-/ALV-UjW4vf1kUDjKBeVKCMqbCfaiwqBg7_hV79GAtr_raF69g_JWwVG9=s120-c-rp-mo-ba12-br100"",""Rating"":1,""Description"":""Thái độ nhân viên quá tệ, phòng bẩn, đồ dùng bẩn"",""Images"":null,""When"":""""},{""Name"":""Huyphuong Lê"",""ProfilePicture"":""https://lh3.googleusercontent.com/a/ACg8ocJd8I4CW1zIi6F-uh_oaa2c-qDw4tPCfdtabFv7oNd-UN7WQQ=s120-c-rp-mo-br100"",""Rating"":1,""Description"":""Thái độ nhân viên láo nháo coi thường khách hàng, thu tiền xong k có trách nhiệm, phòng hỏng khóa báo với lễ tân thì bảo kệ không sao"",""Images"":null,""When"":""""},{""Name"":""chung Chung"",""ProfilePicture"":""https://lh3.googleusercontent.com/a-/ALV-UjVDmppwBYzxtwstQy6vyKLAKjrHBtYbobZIwYCRdk3QLIQc3jot=s120-c-rp-mo-br100"",""Rating"":1,""Description"":""Bẩn, nhiều muỗi. Mình ko để ý giá hỏi xem qua đêm bao nhiêu bảo 200k và trả trk 7h sáng. Hôm sau thì bảo 230k rồi chỉ bảng giá khác gì lừa nhau. Thà đắt thêm tý đi vào nn bên trong còn sạch sẽ."",""Images"":null,""When"":""""},{""Name"":""Dũng Bùi"",""ProfilePicture"":""https://lh3.googleusercontent.com/a/ACg8ocI7hTL3XCSFnw7KWgmFKtOsNKRlBuui7vUZYVhvW-Hw9KLiqQ=s120-c-rp-mo-br100"",""Rating"":1,""Description"":""Phòng ốc dơ, có muỗi. Nhân viên thiếu nhiệt tình, tiền thì thu trước thu xong thì kệ khách."",""Images"":null,""When"":""""}]","[{""Name"":""Toi Anh"",""ProfilePicture"":""https://lh3.googleusercontent.com/a-/ALV-UjXcowljv1MQbNX147UiIDhjBNLu7lX8kXmyHiIp5HGhVf_jLcbl=s120-c-rp-mo-br100"",""Rating"":3,""Description"":""Ok"",""Images"":null,""When"":""""},{""Name"":""Hoàn Hà"",""ProfilePicture"":""https://lh3.googleusercontent.com/a-/ALV-UjV61rHJl2w6wJZd29nnnhCrFQF1C86XCfSev_AGHqbCdyD-O48o=s120-c-rp-mo-ba12-br100"",""Rating"":3,""Description"":""Good"",""Images"":null,""When"":""""},{""Name"":""RBS hoang"",""ProfilePicture"":""https://lh3.googleusercontent.com/a-/ALV-UjWlpcRvktL--tGE42Axy0Pg6VzsWEdnnpGLBTl3LLDjasNrCtdK=s120-c-rp-mo-ba12-br100"",""Rating"":3,""Description"":""Ok"",""Images"":null,""When"":""""},{""Name"":""Huyền Khánh"",""ProfilePicture"":""https://lh3.googleusercontent.com/a/ACg8ocKXYxTeeU7DrZdWnDMgifoUudYnEr8tsnppzJF15fDnx8vucw=s120-c-rp-mo-ba12-br100"",""Rating"":1,""Description"":""Thái độ phục vụ tệ, nói chuyện không ra làm sao thanh toán thì lúc chuyển xong quay ra nói lật lọng trong khi trừ tiền tk vẫn kêu phải có chữ thành công mới chịu"",""Images"":null,""When"":""""},{""Name"":""Hoàng Diệu"",""ProfilePicture"":""https://lh3.googleusercontent.com/a-/ALV-UjUVwpVmka2Otk3nP5cfWXwb-FqeWGrlFWX73X5XOJrYbDnt5Zd6=s120-c-rp-mo-br100"",""Rating"":5,""Description"":""Nhà nghỉ sạch sẽ gọn gàng giá cả phù hợp, nhân viên nhã nhặn lịch sự"",""Images"":null,""When"":""""},{""Name"":""Anh Đức"",""ProfilePicture"":""https://lh3.googleusercontent.com/a-/ALV-UjUW0t-I4NOEBrOR2B4CU3yLF1MiKJK_YLnLKk-f0S-wvW1k2Qgz=s120-c-rp-mo-br100"",""Rating"":1,""Description"":""Phòng bẩn thỉu, lễ tân thì vô văn hoá. Trông người nhà bệnh ở viện đã mệt mỏi lại gặp ngay cái khách sạn làm ăn mất dạy."",""Images"":[""https://lh3.googleusercontent.com/grass-cs/ANxoTn2PE3kybHNnolia_YkSQPYT88DDNXuHSPOj9d0YwEx6bPSFw3CjRB6jXcklCaXfpdZypDvNaP7jftgk7FhHdlCXqAqarWZWdDlubPdfPH_AFNT8CFQIhMnVYCGjTl0r5OBWpzg1L9OjL-Vg=k-no""],""When"":""2025-8-6""},{""Name"":""Phuc Hoang"",""ProfilePicture"":""https://lh3.googleusercontent.com/a-/ALV-UjVxG3rYFaiVPElnrp8AjamNbgUTgZa0ar1iwSaQuxZN1qMdbA0=s120-c-rp-mo-br100"",""Rating"":1,""Description"":""Thái độ nv phục vụ kém, khách cần phòng chứ nhà nghỉ ko cần khách, có ai nói như vậy không?? Nhà nghỉ yêu cầu thu tiền trước, quạt, điều hòa kêu như công nông"",""Images"":[""https://lh3.googleusercontent.com/grass-cs/ANxoTn0copLHk8ckvPqiau4FC3x70Jv85rzw4upxH0JvTI5B6ZpBIzxO1Tm6lnCsaobfPmgJYXd--DID5jv2lDpTQ0qtG9YyOSAbcGl5PSySXfsdS2xKwhuLS8w5UB_cBTaGIT16dLFoykQhKhGr=k-no""],""When"":""2025-8-10""},{""Name"":""Linh LUU"",""ProfilePicture"":""https://lh3.googleusercontent.com/a-/ALV-UjW4vf1kUDjKBeVKCMqbCfaiwqBg7_hV79GAtr_raF69g_JWwVG9=s120-c-rp-mo-ba12-br100"",""Rating"":1,""Description"":""Thái độ nhân viên quá tệ, phòng bẩn, đồ dùng bẩn"",""Images"":null,""When"":""""},{""Name"":""Huyphuong Lê"",""ProfilePicture"":""https://lh3.googleusercontent.com/a/ACg8ocJd8I4CW1zIi6F-uh_oaa2c-qDw4tPCfdtabFv7oNd-UN7WQQ=s120-c-rp-mo-br100"",""Rating"":1,""Description"":""Thái độ nhân viên láo nháo coi thường khách hàng, thu tiền xong k có trách nhiệm, phòng hỏng khóa báo với lễ tân thì bảo kệ không sao"",""Images"":null,""When"":""""},{""Name"":""chung Chung"",""ProfilePicture"":""https://lh3.googleusercontent.com/a-/ALV-UjVDmppwBYzxtwstQy6vyKLAKjrHBtYbobZIwYCRdk3QLIQc3jot=s120-c-rp-mo-br100"",""Rating"":1,""Description"":""Bẩn, nhiều muỗi. Mình ko để ý giá hỏi xem qua đêm bao nhiêu bảo 200k và trả trk 7h sáng. Hôm sau thì bảo 230k rồi chỉ bảng giá khác gì lừa nhau. Thà đắt thêm tý đi vào nn bên trong còn sạch sẽ."",""Images"":null,""When"":""""},{""Name"":""Dũng Bùi"",""ProfilePicture"":""https://lh3.googleusercontent.com/a/ACg8ocI7hTL3XCSFnw7KWgmFKtOsNKRlBuui7vUZYVhvW-Hw9KLiqQ=s120-c-rp-mo-br100"",""Rating"":1,""Description"":""Phòng ốc dơ, có muỗi. Nhân viên thiếu nhiệt tình, tiền thì thu trước thu xong thì kệ khách."",""Images"":null,""When"":""""},{""Name"":""Rua Tao"",""ProfilePicture"":""https://lh3.googleusercontent.com/a/ACg8ocItuXmYT1v-6nkwOlG7hiYRcK9F8cJmN9QQA07xYPHTVs5rjQ=s120-c-rp-mo-ba12-br100"",""Rating"":2,""Description"":""Xác nhận ngay và luôn Ks phòng ốc , thái độ nv tệ hại"",""Images"":null,""When"":""""},{""Name"":""Hương Phạm"",""ProfilePicture"":""https://lh3.googleusercontent.com/a-/ALV-UjXm5NH-vVcSkhjN_7DDDdgUbAG_qdvBmf68ek7MPDNc3FhyYOJs=s120-c-rp-mo-br100"",""Rating"":1,""Description"":""phòng hôi, bẩn, thái độ nhân viên bất lịch sự"",""Images"":null,""When"":""""},{""Name"":""Quân"",""ProfilePicture"":""https://lh3.googleusercontent.com/a-/ALV-UjXkIvE__GE6x4JZcNKLu54X-KuEk8qguVpJQ5IN25wys9UEXCcw=s120-c-rp-mo-ba12-br100"",""Rating"":1,""Description"":""Bẩn, có muỗi, Vệ sinh không dọn mà mùi, phòng khá ẩm thấp. 230k cho 1 đêm"",""Images"":null,""When"":""""},{""Name"":""PHAM DUC"",""ProfilePicture"":""https://lh3.googleusercontent.com/a-/ALV-UjW_HSyEdx1iDQsGXlhMzM4tg521CCZo2MzBUSPlYu-DhAyd-14=s120-c-rp-mo-ba12-br100"",""Rating"":1,""Description"":""Thái độ nhân viên không tốt, phòng ko dc sạch sẽ"",""Images"":null,""When"":""""},{""Name"":""Vu Tuan"",""ProfilePicture"":""https://lh3.googleusercontent.com/a-/ALV-UjXRle8H7IpiDcOl2yZNcrNZ-0eA5oG3GYZjgvyfe31-3RraeI-D9g=s120-c-rp-mo-ba12-br100"",""Rating"":1,""Description"":""Giấy vệ sinh không có,  khăn mặt ko có mà giá cao,  nhân viên thì cứng nhắc,  thái độ"",""Images"":null,""When"":""""},{""Name"":""Minh Thanh Nar"",""ProfilePicture"":""https://lh3.googleusercontent.com/a-/ALV-UjXR_3PwyFb5nen2RrkCAqS1jllA2yI-Iox9_wH7Jzd0XG5PypY=s120-c-rp-mo-br100"",""Rating"":1,""Description"":""wifi yếu gần như k dùng được, muỗi như ong, chăn hôi, khăn tắm ít, điều hoà không có sưởi. tệ"",""Images"":null,""When"":""""},{""Name"":""Văn Công TV Việt Nam"",""ProfilePicture"":""https://lh3.googleusercontent.com/a/ACg8ocLvy-TpWEWrM4VfZuhjw9XhqfGdizzagZGnBuJK6-u8Y1zrmGHL=s120-c-rp-mo-br100"",""Rating"":1,""Description"":""Làm ăn vớ vẩn. 5p tính tiền 1 tiếng. Phòng thì hôi bí"",""Images"":null,""When"":""""},{""Name"":""xuan Pham"",""ProfilePicture"":""https://lh3.googleusercontent.com/a-/ALV-UjX0KyAlaz6N4HzcTIvqDpZoEjUGP1BbuQonKnuNWOj_wnmKvDQ=s120-c-rp-mo-br100"",""Rating"":1,""Description"":""ugly  and dirty motel, the atitude of staff was too bad. the price not good.\nxấu và bẩn, thái độ nhân viên bố láo, giá thì đắt,\nvote  -1 sao"",""Images"":null,""When"":""""},{""Name"":""Hương Thảo Đinh"",""ProfilePicture"":""https://lh3.googleusercontent.com/a/ACg8ocLPtm6i82HbiF0Ea-mDPk7vyAxwuDrLw_V2AzxBMbpOwAKiLg=s120-c-rp-mo-br100"",""Rating"":1,""Description"":""Phòng cũ và bẩn quá nhiều muỗi k ngủ nổi"",""Images"":null,""When"":""""},{""Name"":""Trần Văn Cường"",""ProfilePicture"":""https://lh3.googleusercontent.com/a-/ALV-UjWvWavlr-LUDWNVfxms9SSvtV51xVbNI7FkCgAL_Yq03mBQ5GLz=s120-c-rp-mo-ba12-br100"",""Rating"":1,""Description"":""Nhà nghỉ bẩn và thối kinh khủng. Muốn ói khi đi vệ sinh"",""Images"":null,""When"":""""},{""Name"":""Thắng Phí"",""ProfilePicture"":""https://lh3.googleusercontent.com/a/ACg8ocKf52A99WDclcKC1RTjBcZ7Oo-0QbexFBDI12ZTBrt4zW7p4g=s120-c-rp-mo-br100"",""Rating"":1,""Description"":""Nên cân nhắc trước khi vào!"",""Images"":null,""When"":""""},{""Name"":""LDK NETWORK Công ty TNHH"",""ProfilePicture"":""https://lh3.googleusercontent.com/a-/ALV-UjXc4v1mq7hnwzKgnMLgAUW7TIvewCo20GaoB5lpC6QZTev3hVr0=s120-c-rp-mo-br100"",""Rating"":1,""Description"":""Dịch vụ kém ."",""Images"":null,""When"":""""},{""Name"":""Dev NH"",""ProfilePicture"":""https://lh3.googleusercontent.com/a/ACg8ocKAALQYp1NBgrp8QI5sL84WjRcsvFPCgm-ryUdYDH2_1Jc51Q=s120-c-rp-mo-br100"",""Rating"":5,""Description"":""300k 1 ngày đêm"",""Images"":null,""When"":""""},{""Name"":""Ánh Nguyễn"",""ProfilePicture"":""https://lh3.googleusercontent.com/a/ACg8ocIajKOP_c8tUB0f2uzecpEcQbuO2-9j6jKG1xn_ej8Jf25rbQ=s120-c-rp-mo-ba12-br100"",""Rating"":2,""Description"":""Ko đủ khăn tắm"",""Images"":null,""When"":""""},{""Name"":""Nghĩa Đại"",""ProfilePicture"":""https://lh3.googleusercontent.com/a-/ALV-UjV3KDoJSX9zlJZMQogIK2yqLU0NIDKph5m6h8Bp6NXCeqr8EJ49=s120-c-rp-mo-br100"",""Rating"":1,""Description"":""Dịch vụ kém"",""Images"":null,""When"":""""},{""Name"":""Thanh Trúc"",""ProfilePicture"":""https://lh3.googleusercontent.com/a/ACg8ocJI68Fgfx6XdXbjYxr3L7M07yxYFo-tT5ayZSD927hA2b0hDNc=s120-c-rp-mo-ba12-br100"",""Rating"":3,""Description"":""Cũng tạm được"",""Images"":null,""When"":""""},{""Name"":""Đinh Vinh"",""ProfilePicture"":""https://lh3.googleusercontent.com/a-/ALV-UjXvlwyEn17vc_Nxm7PlLXn4341TeeV4ZekuWynJSntGqHGOmZTE=s120-c-rp-mo-ba12-br100"",""Rating"":3,""Description"":""Được"",""Images"":null,""When"":""""},{""Name"":""Thành Công"",""ProfilePicture"":""https://lh3.googleusercontent.com/a-/ALV-UjVNCKGh0FkZGJipnuVE8fjnl9hTvqCDd6TiUybw33wu2d1eFZ0h4w=s120-c-rp-mo-ba12-br100"",""Rating"":1,""Description"":""Thường"",""Images"":null,""When"":""""},{""Name"":""Nguyễn Chi"",""ProfilePicture"":""https://lh3.googleusercontent.com/a-/ALV-UjUj2cS-_zAw6DN0SyOkZsgVW7FD_ms66pv-l2Pw0MbDDx9LA2Q=s120-c-rp-mo-ba12-br100"",""Rating"":1,""Description"":""Nhà Nghỉ Huyền Trang"",""Images"":null,""When"":""""},{""Name"":""Cao Nghi"",""ProfilePicture"":""https://lh3.googleusercontent.com/a-/ALV-UjWUQMWYKwt4iy_NidlqucteIbQm1rbzwQ1Ubb8E6c52YU_i54wzIQ=s120-c-rp-mo-ba12-br100"",""Rating"":5,""Description"":"""",""Images"":null,""When"":""""},{""Name"":""Biên Nguyễn"",""ProfilePicture"":""https://lh3.googleusercontent.com/a/ACg8ocKKp8BkUvLqH7gam62ExquFGSxhehGXKD7AFXQgCqsY_X_qoQ=s120-c-rp-mo-br100"",""Rating"":5,""Description"":"""",""Images"":null,""When"":""""},{""Name"":""Lê Thống"",""ProfilePicture"":""https://lh3.googleusercontent.com/a/ACg8ocKI_eU9jpn_pyCWcWR25OKwyGkYqJNx_tVFpqZkGZ45vhH9mg=s120-c-rp-mo-br100"",""Rating"":1,""Description"":"""",""Images"":null,""When"":""""},{""Name"":""nhan hoanghan1080"",""ProfilePicture"":""https://lh3.googleusercontent.com/a/ACg8ocJLa8fOrDBKjKbVMCGwQMoBtoa6NzlQjInAODg7lcFaAYBwqw=s120-c-rp-mo-br100"",""Rating"":1,""Description"":"""",""Images"":null,""When"":""""},{""Name"":""Oliver Boss"",""ProfilePicture"":""https://lh3.googleusercontent.com/a/ACg8ocJK9hzuOGnV0eICHKEegg-dXCePqgoCbw0cQJCRFItJiUs35Q=s120-c-rp-mo-br100"",""Rating"":1,""Description"":"""",""Images"":null,""When"":""""},{""Name"":""Độ Phạm Quang"",""ProfilePicture"":""https://lh3.googleusercontent.com/a-/ALV-UjU8Lykq16MuGZTNtxOCxzEtHFm24LFLGoer8l9g2SSAt9s_0bjY=s120-c-rp-mo-br100"",""Rating"":5,""Description"":"""",""Images"":null,""When"":""""},{""Name"":""Giang Hoàng"",""ProfilePicture"":""https://lh3.googleusercontent.com/a-/ALV-UjWt-1-SKOzS-i08lEtBVTBKAVW2BgTLMcTfbqRHAogmXc8DwqxV=s120-c-rp-mo-br100"",""Rating"":1,""Description"":"""",""Images"":null,""When"":""""},{""Name"":""Nam Bui"",""ProfilePicture"":""https://lh3.googleusercontent.com/a/ACg8ocKt43Ne7YgP1toWNJ7JlukMfDnVoqN8vm1R7iKpBwxdA9ItEA=s120-c-rp-mo-br100"",""Rating"":1,""Description"":"""",""Images"":null,""When"":""""},{""Name"":""Quiet Australian"",""ProfilePicture"":""https://lh3.googleusercontent.com/a/ACg8ocJ4FjX4wyC_BuziB-0qSsjh2HCfWXhb8uS_99W2rtbJvXjp9w=s120-c-rp-mo-ba12-br100"",""Rating"":4,""Description"":"""",""Images"":null,""When"":""""},{""Name"":""Phúc Đỗ Văn"",""ProfilePicture"":""https://lh3.googleusercontent.com/a/ACg8ocKCYnPByniv4i7wICAU2sIEFsyQB1KYGsCQBPKC_1YdhVID4g=s120-c-rp-mo-ba12-br100"",""Rating"":2,""Description"":"""",""Images"":null,""When"":""""},{""Name"":""An Nguyen"",""ProfilePicture"":""https://lh3.googleusercontent.com/a-/ALV-UjU1zBrc7kQiZFftk7MpYCP3wBMGQCgxGC0MAnwzfm3ulWzZCOWR=s120-c-rp-mo-br100"",""Rating"":3,""Description"":"""",""Images"":null,""When"":""""},{""Name"":""MINH NGUYEN TRONG"",""ProfilePicture"":""https://lh3.googleusercontent.com/a-/ALV-UjUkquC1v2sJLpLtyFz_FsXu1KTaS9xrPd7cUJ3aUDm703mfqKo59w=s120-c-rp-mo-ba12-br100"",""Rating"":3,""Description"":"""",""Images"":null,""When"":""""},{""Name"":""Gia Bảo"",""ProfilePicture"":""https://lh3.googleusercontent.com/a/ACg8ocKkWIwWkrTC6j8QdMeD6ELmAKB-9r1yY2NxvDqIYTKR3Z8OHw=s120-c-rp-mo-ba12-br100"",""Rating"":2,""Description"":"""",""Images"":null,""When"":""""},{""Name"":""Thang Tran"",""ProfilePicture"":""https://lh3.googleusercontent.com/a-/ALV-UjUf7Jqo9cMbMUMp3_lZYKaaOuXKSPBmjjzJ_t884hdL7sArn7n5=s120-c-rp-mo-br100"",""Rating"":4,""Description"":"""",""Images"":null,""When"":""""},{""Name"":""KÒi Kiểm"",""ProfilePicture"":""https://lh3.googleusercontent.com/a-/ALV-UjXxS5lErDdfCEDLTQeygOd2HsYYJRZ-ksQMJBY64fPxoUu1uWm5Iw=s120-c-rp-mo-br100"",""Rating"":5,""Description"":"""",""Images"":null,""When"":""""}]"
Nhà Nghỉ Ngọc Huyền,Nhà nghỉ trượt tuyết,33,4.500000,"{""1"":3,""2"":0,""3"":2,""4"":0,""5"":28}",0.000000,0.000000,"[{""Name"":""Hoàng Bình"",""ProfilePicture"":""https://lh3.googleusercontent.com/a-/ALV-UjUhbbCHn_JnAFAcgKaFLqINhfxZzNlqp9twZJSPqJ9hG5Y8k3yP=s120-c-rp-mo-ba12-br100"",""Rating"":5,""Description"":""Mình quên không chụp ảnh, nhưng giống trong các bài đăng trước, sạch sẽ và sáng.\nGiá cả hợp phải nói là rẻ so với mặt bằng chung ( dưới 2 lít), bù lại cho giá rẻ là không trang bị máy sấy, tủ lạnh, tivi, ghế ty, sáng sớm nghe tiếng chim cu báo thức.\nThích hợp để người nhà bệnh nhân ngủ lại qua đêm vì cũng không quá xa bệnh viện Đh Y, với mức giá này rất hợp 5*\nAnh chủ cũng rất nice và nhiệt tình"",""Images"":null,""When"":""""},{""Name"":""Phương Nguyễn Công"",""ProfilePicture"":""https://lh3.googleusercontent.com/a/ACg8ocJJTC6jt-Szd2Je31Qc_vwNO-q8raa8IzhURHNPlCPbciLy4A=s120-c-rp-mo-br100"",""Rating"":1,""Description"":""Thái độ anh con trai của 2 bác chủ nhà rất tệ, xe đạp của mình bị lủng phải bơm tạm để đi tìm chỗ vá nhưng quyết không cho mình bơm xe trong sân nhà nghỉ đuổi bê xe mình phải ra ngoài bằng được mặc dù mình đã đang bơm 2-3 cái nữa là xong, thái độ làm dịch vụ quá tệ. Đáng lẽ mình ở thêm tại cũng lười chuyển chỗ mà vậy cái mình lượn nhanh cho khoẻ. Trải nghiệm quá tệ."",""Images"":null,""When"":""""},{""Name"":""Shop Bảo Ngọc"",""ProfilePicture"":""https://lh3.googleusercontent.com/a/ACg8ocKirIXLk4ErTmAfZTEAZGRkTV_NtN-OOJtuHE_xs8838d7pwg=s120-c-rp-mo-br100"",""Rating"":5,""Description"":""Giá qua đêm với thêm giờ tính như nào vậy ông chủ"",""Images"":null,""When"":""""},{""Name"":""Quy Phạm"",""ProfilePicture"":""https://lh3.googleusercontent.com/a-/ALV-UjUkb_MWbSUxWDVfrucB9t3BfQ5mAIi-tPVb0LfipDoH-cNR2LVy_g=s120-c-rp-mo-ba12-br100"",""Rating"":1,""Description"":""Giao tiếp của lễ tân (có lẽ là chủ nhà) quá kém và không thân thiện\n\n#Cập nhật\nSau khi đọc phản hồi thì tôi sửa đánh giá từ 2 sao về còn 1 sao vì cái cách trả lời đổ vấn đề lên khách hàng.\nHôm đó tôi và vợ thuê tạm một phòng trọn một ngày để giải quyết công việc.\n\nKhi đi ra ngoài, vì nhiều đồ đạc giá trị để trong phòng, tôi khoá phòng lại nhưng ko biết cách khoá, tôi hỏi và nhận được câu trả lời đại loại như sau:\n- Khoá đó mà cũng ko biết xài à? bấm vào là được. Khoá đó có từ thời lâu năm rồi chứ có phải mới đâu.\n(Không hài lòng lần 1)\n\nRa đến cổng, tôi lại hỏi vì không biết cách mở cổng.\nThì cũng nhận được câu trả lời và không quên càu nhàu rằng cổng cũng không biết mở\n(Không hài lòng lần 2)\n\nNhà của bạn, bạn biết, chứ tôi thì chịu.\nTôi đến trả tiền để thuê phòng, ko phải trả tiền để nghe sự phàn nàn.\n\nTôi ko rảnh đi đôi co với bạn rằng đây tài khoản thật hay ảo, đối thủ hay ko đối thủ. Đó là trải nghiệm của tôi, nếu làm dịch vụ mà với thái độ như này thì trước sau gì cũng nên dẹp tiệm."",""Images"":null,""When"":""""},{""Name"":""hai Ngo"",""ProfilePicture"":""https://lh3.googleusercontent.com/a-/ALV-UjUrMVb5aggcvbxyrMCXYvgp-QkrI3Wx4IzEQ2pQt_TEeOkhsG8=s120-c-rp-mo-br100"",""Rating"":5,""Description"":""Phòng sạch sẽ, chăn ga gối rất thơm. Giá bình dân, lần sau lên Hà nội công tác sẽ lại qua đây nghỉ"",""Images"":null,""When"":""""},{""Name"":""VTL"",""ProfilePicture"":""https://lh3.googleusercontent.com/a-/ALV-UjUbMzQRopXZN-RPY5G1ok7hJROF5fv2wSCkV9OpDFURRtxF8ESy=s120-c-rp-mo-br100"",""Rating"":3,""Description"":""300k 1 đêm đắt, mà tiện nghi quá bth. còn ko có thang máy"",""Images"":null,""When"":""""},{""Name"":""huyen Vu"",""ProfilePicture"":""https://lh3.googleusercontent.com/a/ACg8ocLvulb1SxPJrDVPKbWrzxycMiv_JW_IZobVhfSAsB61Y4mc=s120-c-rp-mo-br100"",""Rating"":5,""Description"":""Giá phòng bên mk bao nhiêu vậy ạ"",""Images"":null,""When"":""""},{""Name"":""Lối Lạc"",""ProfilePicture"":""https://lh3.googleusercontent.com/a/ACg8ocL0kKLv1nX4mtqyu3jDqeCd5Xnlb7uDIpELth5KJuDUg3OiLg=s120-c-rp-mo-br100"",""Rating"":5,""Description"":""Phòng sạch sẽ.giá cả bình dân.lễ tân nhiêt tình."",""Images"":null,""When"":""""}]","[{""Name"":""Hoàng Bình"",""ProfilePicture"":""https://lh3.googleusercontent.com/a-/ALV-UjUhbbCHn_JnAFAcgKaFLqINhfxZzNlqp9twZJSPqJ9hG5Y8k3yP=s120-c-rp-mo-ba12-br100"",""Rating"":5,""Description"":""Mình quên không chụp ảnh, nhưng giống trong các bài đăng trước, sạch sẽ và sáng.\nGiá cả hợp phải nói là rẻ so với mặt bằng chung ( dưới 2 lít), bù lại cho giá rẻ là không trang bị máy sấy, tủ lạnh, tivi, ghế ty, sáng sớm nghe tiếng chim cu báo thức.\nThích hợp để người nhà bệnh nhân ngủ lại qua đêm vì cũng không quá xa bệnh viện Đh Y, với mức giá này rất hợp 5*\nAnh chủ cũng rất nice và nhiệt tình"",""Images"":null,""When"":""""},{""Name"":""Phương Nguyễn Công"",""ProfilePicture"":""https://lh3.googleusercontent.com/a/ACg8ocJJTC6jt-Szd2Je31Qc_vwNO-q8raa8IzhURHNPlCPbciLy4A=s120-c-rp-mo-br100"",""Rating"":1,""Description"":""Thái độ anh con trai của 2 bác chủ nhà rất tệ, xe đạp của mình bị lủng phải bơm tạm để đi tìm chỗ vá nhưng quyết không cho mình bơm xe trong sân nhà nghỉ đuổi bê xe mình phải ra ngoài bằng được mặc dù mình đã đang bơm 2-3 cái nữa là xong, thái độ làm dịch vụ quá tệ. Đáng lẽ mình ở thêm tại cũng lười chuyển chỗ mà vậy cái mình lượn nhanh cho khoẻ. Trải nghiệm quá tệ."",""Images"":null,""When"":""""},{""Name"":""Shop Bảo Ngọc"",""ProfilePicture"":""https://lh3.googleusercontent.com/a/ACg8ocKirIXLk4ErTmAfZTEAZGRkTV_NtN-OOJtuHE_xs8838d7pwg=s120-c-rp-mo-br100"",""Rating"":5,""Description"":""Giá qua đêm với thêm giờ tính như nào vậy ông chủ"",""Images"":null,""When"":""""},{""Name"":""Quy Phạm"",""ProfilePicture"":""https://lh3.googleusercontent.com/a-/ALV-UjUkb_MWbSUxWDVfrucB9t3BfQ5mAIi-tPVb0LfipDoH-cNR2LVy_g=s120-c-rp-mo-ba12-br100"",""Rating"":1,""Description"":""Giao tiếp của lễ tân (có lẽ là chủ nhà) quá kém và không thân thiện\n\n#Cập nhật\nSau khi đọc phản hồi thì tôi sửa đánh giá từ 2 sao về còn 1 sao vì cái cách trả lời đổ vấn đề lên khách hàng.\nHôm đó tôi và vợ thuê tạm một phòng trọn một ngày để giải quyết công việc.\n\nKhi đi ra ngoài, vì nhiều đồ đạc giá trị để trong phòng, tôi khoá phòng lại nhưng ko biết cách khoá, tôi hỏi và nhận được câu trả lời đại loại như sau:\n- Khoá đó mà cũng ko biết xài à? bấm vào là được. Khoá đó có từ thời lâu năm rồi chứ có phải mới đâu.\n(Không hài lòng lần 1)\n\nRa đến cổng, tôi lại hỏi vì không biết cách mở cổng.\nThì cũng nhận được câu trả lời và không quên càu nhàu rằng cổng cũng không biết mở\n(Không hài lòng lần 2)\n\nNhà của bạn, bạn biết, chứ tôi thì chịu.\nTôi đến trả tiền để thuê phòng, ko phải trả tiền để nghe sự phàn nàn.\n\nTôi ko rảnh đi đôi co với bạn rằng đây tài khoản thật hay ảo, đối thủ hay ko đối thủ. Đó là trải nghiệm của tôi, nếu làm dịch vụ mà với thái độ như này thì trước sau gì cũng nên dẹp tiệm."",""Images"":null,""When"":""""},{""Name"":""hai Ngo"",""ProfilePicture"":""https://lh3.googleusercontent.com/a-/ALV-UjUrMVb5aggcvbxyrMCXYvgp-QkrI3Wx4IzEQ2pQt_TEeOkhsG8=s120-c-rp-mo-br100"",""Rating"":5,""Description"":""Phòng sạch sẽ, chăn ga gối rất thơm. Giá bình dân, lần sau lên Hà nội công tác sẽ lại qua đây nghỉ"",""Images"":null,""When"":""""},{""Name"":""VTL"",""ProfilePicture"":""https://lh3.googleusercontent.com/a-/ALV-UjUbMzQRopXZN-RPY5G1ok7hJROF5fv2wSCkV9OpDFURRtxF8ESy=s120-c-rp-mo-br100"",""Rating"":3,""Description"":""300k 1 đêm đắt, mà tiện nghi quá bth. còn ko có thang máy"",""Images"":null,""When"":""""},{""Name"":""huyen Vu"",""ProfilePicture"":""https://lh3.googleusercontent.com/a/ACg8ocLvulb1SxPJrDVPKbWrzxycMiv_JW_IZobVhfSAsB61Y4mc=s120-c-rp-mo-br100"",""Rating"":5,""Description"":""Giá phòng bên mk bao nhiêu vậy ạ"",""Images"":null,""When"":""""},{""Name"":""Lối Lạc"",""ProfilePicture"":""https://lh3.googleusercontent.com/a/ACg8ocL0kKLv1nX4mtqyu3jDqeCd5Xnlb7uDIpELth5KJuDUg3OiLg=s120-c-rp-mo-br100"",""Rating"":5,""Description"":""Phòng sạch sẽ.giá cả bình dân.lễ tân nhiêt tình."",""Images"":null,""When"":""""},{""Name"":""Quynh Vu"",""ProfilePicture"":""https://lh3.googleusercontent.com/a/ACg8ocJigYbt2fEAm2lnnHJdKny2tru6Pk-CO2PhMBHXxCGtiicaJQ=s120-c-rp-mo-br100"",""Rating"":5,""Description"":""Cho mk xin giá phòng đơn 1 ngày ạ.\nHoặc cho mk xin zalo"",""Images"":null,""When"":""""},{""Name"":""Duy Phạm"",""ProfilePicture"":""https://lh3.googleusercontent.com/a/ACg8ocJokgT4_TFmTULtZi4EWQfplVh7vmqG3XT2yR8huBT8HcnbVQ=s120-c-rp-mo-br100"",""Rating"":5,""Description"":""Nhà nghỉ sạch sẽ, yên tĩnh, nhân viên nhiệt tình."",""Images"":null,""When"":""""},{""Name"":""Long Duy"",""ProfilePicture"":""https://lh3.googleusercontent.com/a/ACg8ocIjD8dYj09Vjl5kNk9m6e5QkYCAGVBiyiFfEfY8LIofSd8PRw=s120-c-rp-mo-br100"",""Rating"":5,""Description"":""Mk xin sdt liên hệ đặt phòng,zalo càng tốt"",""Images"":null,""When"":""""},{""Name"":""Linh Trinh"",""ProfilePicture"":""https://lh3.googleusercontent.com/a-/ALV-UjXKWHOdvl3-IgTPXgQRoucPYrwSBTn_G7H-tbg-pmXj4kD9RcsI=s120-c-rp-mo-br100"",""Rating"":5,""Description"":""Đã trải nghiệm sạch sẽ đẹp 10/10 nha"",""Images"":null,""When"":""""},{""Name"":""ßành"",""ProfilePicture"":""https://lh3.googleusercontent.com/a-/ALV-UjVzA1FA_hjnhYZ3PXW8VfIjvRr2ftdBaYTarpPkC6AnOBlAYw_h=s120-c-rp-mo-br100"",""Rating"":5,""Description"":""Phòng sạch sẽ thoáng mát quá tuyệt vời"",""Images"":null,""When"":""""},{""Name"":""Anh Trần Lê"",""ProfilePicture"":""https://lh3.googleusercontent.com/a-/ALV-UjUEtfcfIBkihbo2KzS92aY04KQzx_EpucWF2JO8Xbg8FpESprpb=s120-c-rp-mo-br100"",""Rating"":5,""Description"":""Phòng ốc sáng sủa, sạch sẽ, thoáng. Có cách âm. Giá phù hợp."",""Images"":null,""When"":""""},{""Name"":""Thịnh Phan Đình"",""ProfilePicture"":""https://lh3.googleusercontent.com/a-/ALV-UjWqok_ggmngGh-vFHZn8LOLSEIA0PBIon6l_ncyNSA9qu6R-Vc=s120-c-rp-mo-ba12-br100"",""Rating"":5,""Description"":""Phù hợp ae đi công tác bằng xe máy"",""Images"":null,""When"":""""},{""Name"":""Xuan Nam Tran"",""ProfilePicture"":""https://lh3.googleusercontent.com/a-/ALV-UjUOND9fPlb-RRu9RVkTMjvpo471lt1WoKQvlmPePoWRG9YNjcXD=s120-c-rp-mo-br100"",""Rating"":5,""Description"":""Địa chỉ tin cậy, phòng đẹp \u0026 dịch vụ tốt"",""Images"":null,""When"":""""},{""Name"":""DUY NGUYEN"",""ProfilePicture"":""https://lh3.googleusercontent.com/a/ACg8ocL91yCOKF3i3f934z9noGOvEK42yYQgZHEykBPUqngE0-O0YA=s120-c-rp-mo-br100"",""Rating"":1,""Description"":""Thái độ phục vụ kém"",""Images"":null,""When"":""""},{""Name"":""sống chậm"",""ProfilePicture"":""https://lh3.googleusercontent.com/a-/ALV-UjWOBplyW_FcXYFxWRY3fVlFcArWJQpBR_jQnUMZcI8x1JfClvY=s120-c-rp-mo-ba12-br100"",""Rating"":5,""Description"":""Phòng ốc sạch sẽ, an ninh tốt"",""Images"":[""https://lh3.googleusercontent.com/grass-cs/ANxoTn2k5foDl2fF8wmedqQClF85tD_Bn7Sq5mQOTxs8z4l_yceoSc8Pcm7dTtF1maZrPM5iCJ3uGm5LgsbdiGExQfQr3mikJImWyWzQTurDr2F7r3KhrZbxAHwQQgZ6B_pXTqwtKJvV=k-no""],""When"":""2020-9-20""},{""Name"":""Nam Sóc"",""ProfilePicture"":""https://lh3.googleusercontent.com/a-/ALV-UjV_hevMJQAobecaE0G5BZhIB7rZ6Up5wqQ-XBVXkX4iMReLfssC=s120-c-rp-mo-br100"",""Rating"":5,""Description"":""Sạch sẽ yên tĩnh ok lắm"",""Images"":null,""When"":""""},{""Name"":""Đức Tùng Trần"",""ProfilePicture"":""https://lh3.googleusercontent.com/a-/ALV-UjVIHDgOLNIM33AhkRqTDf6M3GaJiEkvkL7eva1C2SauaR0ErOxD=s120-c-rp-mo-br100"",""Rating"":5,""Description"":""Chất lượng tuyệt vời"",""Images"":null,""When"":""""},{""Name"":""Trong Nguyenvan"",""ProfilePicture"":""https://lh3.googleusercontent.com/a-/ALV-UjXzth444n84XW7Pp7FQZUOhUnjLrKLJW7Lpe5q0q2AI1gIHglHf=s120-c-rp-mo-br100"",""Rating"":5,""Description"":""Tốt"",""Images"":null,""When"":""""},{""Name"":""Dong Chu"",""ProfilePicture"":""https://lh3.googleusercontent.com/a-/ALV-UjXgqCT4qqyI84wqUK8IxnrRyNpzBcGMGQ_WL7eYX_Pkd1A8A7KE=s120-c-rp-mo-br100"",""Rating"":5,""Description"":""Dv tuyệt vời"",""Images"":null,""When"":""""},{""Name"":""Ngọc Anh"",""ProfilePicture"":""https://lh3.googleusercontent.com/a/ACg8ocKrw_O_kmjkk0pT0hWWXK-GCURcyhjZFCo_LAZRnMf_CoY9hA=s120-c-rp-mo-br100"",""Rating"":3,""Description"":"""",""Images"":null,""When"":""""},{""Name"":""Đặng Ninh"",""ProfilePicture"":""https://lh3.googleusercontent.com/a/ACg8ocIPS056_QiDNcR0DXYvsWk7YTmtpkMgBoUZsSCJfOlERUpEAw=s120-c-rp-mo-br100"",""Rating"":5,""Description"":"""",""Images"":null,""When"":""""},{""Name"":""Duat Tran"",""ProfilePicture"":""https://lh3.googleusercontent.com/a/ACg8ocKPo4jitqELU40ET4FB4R5HInWoIY2-YxY-sOaf_44DaHBZNA=s120-c-rp-mo-br100"",""Rating"":5,""Description"":"""",""Images"":null,""When"":""""},{""Name"":""GAME TV"",""ProfilePicture"":""https://lh3.googleusercontent.com/a-/ALV-UjUXa1HYK2ro6JsA2EZ0371HJWXaBoHhts7vcVw_9JwF90dcXEX1=s120-c-rp-mo-br100"",""Rating"":5,""Description"":"""",""Images"":null,""When"":""""},{""Name"":""Tôn Hoàng"",""ProfilePicture"":""https://lh3.googleusercontent.com/a-/ALV-UjWMEthlzMGPCiIGnfmxyZ5cHq2ULXE_x7MOcF1n5XAjy7vCQv9e=s120-c-rp-mo-br100"",""Rating"":5,""Description"":"""",""Images"":null,""When"":""""},{""Name"":""Dũng Nguyễn"",""ProfilePicture"":""https://lh3.googleusercontent.com/a-/ALV-UjXX-Wlphsg2DP8MnUs-xDFuPJmyvo3GlUTKdLD8k_T-exmAfb9x=s120-c-rp-mo-br100"",""Rating"":5,""Description"":"""",""Images"":null,""When"":""""},{""Name"":""Đặng Trung Hi"",""ProfilePicture"":""https://lh3.googleusercontent.com/a-/ALV-UjXOyAGWJb2DhXtsgt90yOINr5vajg3An0lj85uR95kkHQgiJzx4=s120-c-rp-mo-br100"",""Rating"":5,""Description"":"""",""Images"":null,""When"":""""},{""Name"":""trung phạm"",""ProfilePicture"":""https://lh3.googleusercontent.com/a/ACg8ocIH6CNazm5R-j-dwiP9erpaTWkrrh3H93DUF7-8bR_87Aqp6Q=s120-c-rp-mo-br100"",""Rating"":5,""Description"":"""",""Images"":null,""When"":""""},{""Name"":""Pháp Nguyễn Trọng"",""ProfilePicture"":""https://lh3.googleusercontent.com/a-/ALV-UjV3LzhZ0W4F0DgA0ohh08-_1CES-3aOlEU9AYVH3Qn8pMVY9gSefw=s120-c-rp-mo-ba12-br100"",""Rating"":5,""Description"":"""",""Images"":null,""When"":""""},{""Name"":""High light"",""ProfilePicture"":""https://lh3.googleusercontent.com/a-/ALV-UjWLUmmHYAY2DF-xjdTnR3ZStzqla14cFmY8twHhR_nkd5SIcvVV=s120-c-rp-mo-br100"",""Rating"":5,""Description"":"""",""Images"":null,""When"":""""},{""Name"":""kien tran"",""ProfilePicture"":""https://lh3.googleusercontent.com/a/ACg8ocJxxuO5VPvtbFg-OOvVhAHvQuFSnpiBZ9eUhw2h8wxH3tjFTw=s120-c-rp-mo-br100"",""Rating"":5,""Description"":"""",""Images"":null,""When"":""""}]"
Nhà Nghỉ ABC,Nhà khách,29,4.100000,"{""1"":6,""2"":0,""3"":1,""4"":1,""5"":21}",0.000000,0.000000,"[{""Name"":""†rần †ú"",""ProfilePicture"":""https://lh3.googleusercontent.com/a-/ALV-UjXfsWnPDAy4-Ok4H3aXV9H1D0ddeNmQFTtjiwMLKLDI4kvnIoUsMg=s120-c-rp-mo-br100"",""Rating"":3,""Description"":""Mình nghỉ ở nhà nghỉ này nhiều nhà sạch. Với giá gần khu trung tâm Hà nội như thế là cũng đc. Phòng nhỏ chỉ đc 2 người nếu ở gia đình thêm con thì ko đủ."",""Images"":null,""When"":""""},{""Name"":""Phan Hữu Hạnh"",""ProfilePicture"":""https://lh3.googleusercontent.com/a-/ALV-UjXtFdwN6DgGlr-KPf248uJdXv9jb4po-YjJeOSdHfDOJU8osXoF=s120-c-rp-mo-br100"",""Rating"":1,""Description"":""thái độ nhân viên rất tệ , chửi khách, bảng giá ghi 130k 2h nhưng thu lên 160k trong khi chưa được 2h , mọi người nên né xa"",""Images"":null,""When"":""""},{""Name"":""Thuỳ Dung Nguyễn"",""ProfilePicture"":""https://lh3.googleusercontent.com/a/ACg8ocIn2_EPU66qIIOBa-bUn5R_euWd1mbkTL7KwVVKI4KsOgu-bg=s120-c-rp-mo-br100"",""Rating"":1,""Description"":""Thật sự rất bức xúc kb tại sao lại mn lại cho 5 sao\nMình từ nơi xa về dag cần tìm phòg gấp xem ảnh trên gg thấy nơi này cx oke nma sự thật hoàn toàn hụt hẫng\nĐược mỗi cái vỏ bề ngoài phòng thì cx rộng rãi thoải mái 🙂nhưng chăn quá mỏng như cái mền giường bệnh viện\nNhà tắm đèn tối đóng cửa vào là tối om\nKhăn tắm có đúng 1 cái nếu cần mua 10k/chiếc\nK có sữa tắm cho đúng 4 gói dầu gội đầu vs cái bánh xà phòng bé\nK có cốc nước để đánh răng\nTivi nhoè sóng kém\n350k quá đắt"",""Images"":null,""When"":""""},{""Name"":""hiền tạ"",""ProfilePicture"":""https://lh3.googleusercontent.com/a/ACg8ocJKfxtN5CXJCf3R-qBjmzG70xJRmQVUEaVV2YKjwJJsfIVAQA=s120-c-rp-mo-br100"",""Rating"":5,""Description"":""Nhà nghỉ ABC này tôi thấy sạch sẽ , đẹp  k kém phần các khách sạn 4 sao, nhận viên nói năng rất kiêm tốn và nhẹ nhàng, mong sao các bạn cứ phát huy  và giữ gìn các nét đẹp ấy  nhé . Hẹn có dịp tôi lai đc quay lại  nhà nghỉ của các bạn"",""Images"":null,""When"":""""},{""Name"":""Trang Nguyễn thị minh"",""ProfilePicture"":""https://lh3.googleusercontent.com/a/ACg8ocJqYv187oAXNUy2BjA1QJo2xA52-vmDpaNzh1LLXxpfU6Eiag=s120-c-rp-mo-br100"",""Rating"":5,""Description"":""Nhà nghỉ ABC đặt chân đến lần đầu tôi rất ấn tượng lễ tân nhiệt tình, phòng ốc sạch sẽ, đẹp, giá hợp lý"",""Images"":null,""When"":""""},{""Name"":""Bách Nguyễn"",""ProfilePicture"":""https://lh3.googleusercontent.com/a/ACg8ocKkjd3JtqSU78aQfMRezghrD6_fgbhJ7csOdJDSFlL9hzuGHA=s120-c-rp-mo-br100"",""Rating"":1,""Description"":""Trc khi thuê phòng phải trả tiền trước khách về trước 12h theo đúng quy định gọi cửa thì mắng khách khách có nói xl e kb rồi vẫn tiếp tục mắng😃😃"",""Images"":null,""When"":""""},{""Name"":""Beo Ttang"",""ProfilePicture"":""https://lh3.googleusercontent.com/a/ACg8ocLLGn3kgno6EFLAZ9ils-0yySC5d6zNlw8Db1qVpVI4Lz-1EA=s120-c-rp-mo-br100"",""Rating"":1,""Description"":""Thái độ nhân viên rất tệ. Không bao giờ muốn quay lại đây quá tệ"",""Images"":null,""When"":""""},{""Name"":""Ha Lucy"",""ProfilePicture"":""https://lh3.googleusercontent.com/a-/ALV-UjVvhSV8WGNQ1VmfIa5XJAKFhCHsNFUHe4j1yyF-QgrRKqRyb3Lo=s120-c-rp-mo-br100"",""Rating"":5,""Description"":""Rất kín đáo cho 13 và cả 13promax, chủ nhiệt tình tốt bụng, chăn gôi sạch và thơm"",""Images"":null,""When"":""""}]","[{""Name"":""†rần †ú"",""ProfilePicture"":""https://lh3.googleusercontent.com/a-/ALV-UjXfsWnPDAy4-Ok4H3aXV9H1D0ddeNmQFTtjiwMLKLDI4kvnIoUsMg=s120-c-rp-mo-br100"",""Rating"":3,""Description"":""Mình nghỉ ở nhà nghỉ này nhiều nhà sạch. Với giá gần khu trung tâm Hà nội như thế là cũng đc. Phòng nhỏ chỉ đc 2 người nếu ở gia đình thêm con thì ko đủ."",""Images"":null,""When"":""""},{""Name"":""Phan Hữu Hạnh"",""ProfilePicture"":""https://lh3.googleusercontent.com/a-/ALV-UjXtFdwN6DgGlr-KPf248uJdXv9jb4po-YjJeOSdHfDOJU8osXoF=s120-c-rp-mo-br100"",""Rating"":1,""Description"":""thái độ nhân viên rất tệ , chửi khách, bảng giá ghi 130k 2h nhưng thu lên 160k trong khi chưa được 2h , mọi người nên né xa"",""Images"":null,""When"":""""},{""Name"":""Thuỳ Dung Nguyễn"",""ProfilePicture"":""https://lh3.googleusercontent.com/a/ACg8ocIn2_EPU66qIIOBa-bUn5R_euWd1mbkTL7KwVVKI4KsOgu-bg=s120-c-rp-mo-br100"",""Rating"":1,""Description"":""Thật sự rất bức xúc kb tại sao lại mn lại cho 5 sao\nMình từ nơi xa về dag cần tìm phòg gấp xem ảnh trên gg thấy nơi này cx oke nma sự thật hoàn toàn hụt hẫng\nĐược mỗi cái vỏ bề ngoài phòng thì cx rộng rãi thoải mái 🙂nhưng chăn quá mỏng như cái mền giường bệnh viện\nNhà tắm đèn tối đóng cửa vào là tối om\nKhăn tắm có đúng 1 cái nếu cần mua 10k/chiếc\nK có sữa tắm cho đúng 4 gói dầu gội đầu vs cái bánh xà phòng bé\nK có cốc nước để đánh răng\nTivi nhoè sóng kém\n350k quá đắt"",""Images"":null,""When"":""""},{""Name"":""hiền tạ"",""ProfilePicture"":""https://lh3.googleusercontent.com/a/ACg8ocJKfxtN5CXJCf3R-qBjmzG70xJRmQVUEaVV2YKjwJJsfIVAQA=s120-c-rp-mo-br100"",""Rating"":5,""Description"":""Nhà nghỉ ABC này tôi thấy sạch sẽ , đẹp  k kém phần các khách sạn 4 sao, nhận viên nói năng rất kiêm tốn và nhẹ nhàng, mong sao các bạn cứ phát huy  và giữ gìn các nét đẹp ấy  nhé . Hẹn có dịp tôi lai đc quay lại  nhà nghỉ của các bạn"",""Images"":null,""When"":""""},{""Name"":""Trang Nguyễn thị minh"",""ProfilePicture"":""https://lh3.googleusercontent.com/a/ACg8ocJqYv187oAXNUy2BjA1QJo2xA52-vmDpaNzh1LLXxpfU6Eiag=s120-c-rp-mo-br100"",""Rating"":5,""Description"":""Nhà nghỉ ABC đặt chân đến lần đầu tôi rất ấn tượng lễ tân nhiệt tình, phòng ốc sạch sẽ, đẹp, giá hợp lý"",""Images"":null,""When"":""""},{""Name"":""Bách Nguyễn"",""ProfilePicture"":""https://lh3.googleusercontent.com/a/ACg8ocKkjd3JtqSU78aQfMRezghrD6_fgbhJ7csOdJDSFlL9hzuGHA=s120-c-rp-mo-br100"",""Rating"":1,""Description"":""Trc khi thuê phòng phải trả tiền trước khách về trước 12h theo đúng quy định gọi cửa thì mắng khách khách có nói xl e kb rồi vẫn tiếp tục mắng😃😃"",""Images"":null,""When"":""""},{""Name"":""Beo Ttang"",""ProfilePicture"":""https://lh3.googleusercontent.com/a/ACg8ocLLGn3kgno6EFLAZ9ils-0yySC5d6zNlw8Db1qVpVI4Lz-1EA=s120-c-rp-mo-br100"",""Rating"":1,""Description"":""Thái độ nhân viên rất tệ. Không bao giờ muốn quay lại đây quá tệ"",""Images"":null,""When"":""""},{""Name"":""Ha Lucy"",""ProfilePicture"":""https://lh3.googleusercontent.com/a-/ALV-UjVvhSV8WGNQ1VmfIa5XJAKFhCHsNFUHe4j1yyF-QgrRKqRyb3Lo=s120-c-rp-mo-br100"",""Rating"":5,""Description"":""Rất kín đáo cho 13 và cả 13promax, chủ nhiệt tình tốt bụng, chăn gôi sạch và thơm"",""Images"":null,""When"":""""},{""Name"":""tuyen ngo"",""ProfilePicture"":""https://lh3.googleusercontent.com/a/ACg8ocIpt3xz6SITr3xnwsbDdiEwmQ8UAojh9ypJpnP0fz42mMQW1w=s120-c-rp-mo-br100"",""Rating"":5,""Description"":""phòng sạch sẽ. nhân viên nồng nhiệt."",""Images"":null,""When"":""""},{""Name"":""Đào Hải Hà"",""ProfilePicture"":""https://lh3.googleusercontent.com/a-/ALV-UjWRgMIfgv5nJBZInhlXg9jcvYjQMSQyMq05lq4qbOiw7giCFsaheg=s120-c-rp-mo-ba12-br100"",""Rating"":5,""Description"":""Rất ônt"",""Images"":null,""When"":""""},{""Name"":""hoang hiep"",""ProfilePicture"":""https://lh3.googleusercontent.com/a/ACg8ocK76Bp7WKjv77vhY_u6UrmDBo0kn_i9fH7ye8LibXOqNn3Vqg=s120-c-rp-mo-br100"",""Rating"":5,""Description"":""Nhà đẹp, sạch. Phong cách phục vụ lịch sự, chủ nhiệt tình."",""Images"":null,""When"":""""},{""Name"":""Vũ Mai Anh"",""ProfilePicture"":""https://lh3.googleusercontent.com/a-/ALV-UjU_1d0MUwkGjTzynbNYl67rMxsIi4eMJWydEdQcepjaCIs1X7I=s120-c-rp-mo-br100"",""Rating"":5,""Description"":""Phòng ốc sạch sẽ, nhân viên nhiệt tình"",""Images"":null,""When"":""""},{""Name"":""Hoàng Tạ"",""ProfilePicture"":""https://lh3.googleusercontent.com/a-/ALV-UjXaf-XxiOQgTi4t-Wq4aifdT_Zfl0fXWm7DwYsqqEBSctvEQ9z_=s120-c-rp-mo-br100"",""Rating"":5,""Description"":""Sạch sẽ. Giá ok"",""Images"":null,""When"":""""},{""Name"":""Nguyen Nguyen"",""ProfilePicture"":""https://lh3.googleusercontent.com/a/ACg8ocJggmOTA8C5iR1jmwLrCdPXYMvsbMnfd0LiW7pOQhOwtTpznA=s120-c-rp-mo-br100"",""Rating"":5,""Description"":""Rất tuyệt vời, tôi sẽ trở thành khách quen"",""Images"":null,""When"":""""},{""Name"":""Xuân Bách Nguyễn"",""ProfilePicture"":""https://lh3.googleusercontent.com/a/ACg8ocJklFbgwY49LJQGFRF6PcSEdVFZ5IIhimUDYF8Vba4M2Hunpw=s120-c-rp-mo-br100"",""Rating"":5,""Description"":""Ok phết thử đi :)))"",""Images"":null,""When"":""""},{""Name"":""Nam Nguyen"",""ProfilePicture"":""https://lh3.googleusercontent.com/a-/ALV-UjWDWatmrwxRJjZuy6bRGy-KqLx26vyVAXJLYNRu6dHjAiKIl099=s120-c-rp-mo-br100"",""Rating"":5,""Description"":""Sạch sẽ,riêng tư"",""Images"":null,""When"":""""},{""Name"":""Luận Lê Tường"",""ProfilePicture"":""https://lh3.googleusercontent.com/a-/ALV-UjVxKiHKwHHcZgL90EPHtKo9VI0R72l0Rould28NsGf2fhwsjD4=s120-c-rp-mo-ba12-br100"",""Rating"":5,""Description"":"""",""Images"":null,""When"":""""},{""Name"":""pham nhu Hai"",""ProfilePicture"":""https://lh3.googleusercontent.com/a-/ALV-UjWfQBxJYej3j4EUpmj3_jJxRbC1MzfwHYbS6uRapI9o_S-b6sI=s120-c-rp-mo-br100"",""Rating"":1,""Description"":"""",""Images"":null,""When"":""""},{""Name"":""Techconnect 2024"",""ProfilePicture"":""https://lh3.googleusercontent.com/a/ACg8ocIDFCnMYNdJYbxbQnD7d2rEb1fCQuPM5vTOcmazpqOn5mzwBA=s120-c-rp-mo-br100"",""Rating"":5,""Description"":"""",""Images"":null,""When"":""""},{""Name"":""Hường Nguyễn"",""ProfilePicture"":""https://lh3.googleusercontent.com/a-/ALV-UjUKZ82lgPVnyIuy-rtnwj3uFbASs2Md0PES35pOM__hCgXIoiKh=s120-c-rp-mo-br100"",""Rating"":1,""Description"":"""",""Images"":null,""When"":""""},{""Name"":""Tô Hội"",""ProfilePicture"":""https://lh3.googleusercontent.com/a-/ALV-UjXqEtOzZANlYO7sPOU0lYT29n0cpoDknEY9Uv7F2GhnEUopWrIiug=s120-c-rp-mo-br100"",""Rating"":5,""Description"":"""",""Images"":null,""When"":""""},{""Name"":""Tuấn Nguyễn"",""ProfilePicture"":""https://lh3.googleusercontent.com/a-/ALV-UjXcr7K63mGxL_8rrEFOV_NzRDstUz7YhaTcxNiJuSCwRKCLOhva0Q=s120-c-rp-mo-br100"",""Rating"":5,""Description"":"""",""Images"":null,""When"":""""},{""Name"":""Huy nguyen van"",""ProfilePicture"":""https://lh3.googleusercontent.com/a-/ALV-UjXY18-aZxjxi6D4lttn9x8oMWFbFBInVorlj-mv2JhZCwCqtCHD=s120-c-rp-mo-ba12-br100"",""Rating"":4,""Description"":"""",""Images"":null,""When"":""""},{""Name"":""quy ngoc"",""ProfilePicture"":""https://lh3.googleusercontent.com/a-/ALV-UjUIc8PJ_B40mk9uHe8uhtSuZZXvwcWxbOa6TC_W8jj2_3PUQNp9=s120-c-rp-mo-br100"",""Rating"":5,""Description"":"""",""Images"":null,""When"":""""},{""Name"":""Huyenmy Nguyen"",""ProfilePicture"":""https://lh3.googleusercontent.com/a-/ALV-UjW5OZd4muHcLgxyO5tNwJ7RciwL1rU3jNIKf1m4NpHiM08guk8=s120-c-rp-mo-br100"",""Rating"":5,""Description"":"""",""Images"":null,""When"":""""},{""Name"":""Giap Hoang"",""ProfilePicture"":""https://lh3.googleusercontent.com/a/ACg8ocIbZGfK9Viw5z0rREDKEa9OYhXOKk0LU8N7YdCJXprp08SPzg=s120-c-rp-mo-br100"",""Rating"":5,""Description"":"""",""Images"":null,""When"":""""},{""Name"":""Tung Vo thanh"",""ProfilePicture"":""https://lh3.googleusercontent.com/a/ACg8ocLcWpUxuTAf6Y2PoCQqogrx0WzxnE0QYuRPuaLtHZ6Ams0NSw=s120-c-rp-mo-br100"",""Rating"":5,""Description"":"""",""Images"":null,""When"":""""},{""Name"":""quan doan"",""ProfilePicture"":""https://lh3.googleusercontent.com/a-/ALV-UjXG1pc-G5rm9-B_UhZKVVwUw1y7yuQP_GhZSq6Z34eCJ-X20I8=s120-c-rp-mo-br100"",""Rating"":5,""Description"":"""",""Images"":null,""When"":""""},{""Name"":""THI HA MY NGO"",""ProfilePicture"":""https://lh3.googleusercontent.com/a-/ALV-UjXSHF7avBdrASBkXrj1rI3SBARi5xn2xYvs5UVe_DgfT32pFFw=s120-c-rp-mo-br100"",""Rating"":5,""Description"":"""",""Images"":null,""When"":""""}]"
Nhà Nghỉ Hoa Hồng,Nhà nghỉ trượt tuyết,52,4.000000,"{""1"":6,""2"":5,""3"":4,""4"":4,""5"":33}",0.000000,0.000000,"[{""Name"":""Anh Nguyen"",""ProfilePicture"":""https://lh3.googleusercontent.com/a-/ALV-UjUThPEdVZ3oc_OTVDhQFWaGOuhw2s7y8pD-8TFEm59TCDbKUA=s120-c-rp-mo-br100"",""Rating"":5,""Description"":""Cho mình xin sdt zalo để đặt phòng được không ak. Mình đang ở nước ngoài không gọi điện được ak"",""Images"":null,""When"":""""},{""Name"":""8-Phạm Văn Chiều"",""ProfilePicture"":""https://lh3.googleusercontent.com/a-/ALV-UjWm5vxBQHzBCXPVFab68VDEg-PXeupad_mR7iTebdkbwiwNuxk=s120-c-rp-mo-br100"",""Rating"":5,""Description"":""Anh chủ thân thiện, phòng giá bình dân, sạch sẽ đầy đủ"",""Images"":null,""When"":""""},{""Name"":""Trieu Quynh"",""ProfilePicture"":""https://lh3.googleusercontent.com/a-/ALV-UjXpF9OpJ65Wae9Z7gPhWkBI4SciMHPDpe4OSKnAZwmKIwV5SFhM=s120-c-rp-mo-ba12-br100"",""Rating"":4,""Description"":""Nhà nghỉ do gia đình quản lý. Lễ tân là 2 nhóc nhỏ con chú chủ ngoan ngoãn, lễ phép. Không gian hẹp, phòng khá cũ, đôi khi có muỗi. Giá cả phù hợp với chất lượng (qua đêm 350k/phòng)"",""Images"":[""https://lh3.googleusercontent.com/grass-cs/ANxoTn3iRqP9qYTCjNVSuwf6hpeys8YBy5_RVswTZDqE913OLlI7hD1n_YVLS3OOIelcxqgXA3kdDy6ElTq3crgOTALj9MPOBDSbg3Q7aeD-ITEviR6e_5AjLEteTFwgpPO3eqhNfp6N=k-no""],""When"":""2025-3-29""},{""Name"":""Phung Khoa"",""ProfilePicture"":""https://lh3.googleusercontent.com/a-/ALV-UjVRx4zlxYJBk3L4gSuWe8t-DhfZoULPKIrftsHsw7TD5CO04VuQog=s120-c-rp-mo-ba12-br100"",""Rating"":5,""Description"":""Anh chủ đẹp trai thân thiện và luôn hỗ trợ khách nhiệt tình, phòng ốc đa dạng nhiều lựa chọn, giá cả hợp lý, khu vực an ninh, an toàn và thuận tiện với nhiều tiện ích xung quanh."",""Images"":[""https://lh3.googleusercontent.com/grass-cs/ANxoTn3hoOGtzAJZnOf70CQJaPAbAoEDZgWFn3VJXb8BGf-hNOza0-o6EBnZmjonWcW5EzSIpg4oqQp9QPqYDbujcnZkHZdDKMaBoxQV84D-QnTSJNfQmkYfCwL_o9Rpu2g3zBu7SYRA1Hhzlnw=k-no"",""https://lh3.googleusercontent.com/grass-cs/ANxoTn3B8YI-s00fXkYYMKaGW1ce3qT1qXmrfsTlJxzSjTQ2DbBEwekZsEiDlLrnMEyA_8xLIW9JDmMMLkoYfkRUTeVQ-bSfVLvKYpNaSVqU8j2k7ipQiQIGoj25ah--dUHJHeqRkp5iiC7Uvhhr=k-no"",""https://lh3.googleusercontent.com/grass-cs/ANxoTn3sulbPTY3BQ8rxCONr3Fc-QE1iH6AJIYVMp88U4gC0-YcNgLiwmZsLBkouKzPj2-IE10LEeahYd0isA8Vr3wff1lfpuim4X0gzEzN2Q6xZ8-fTQ5QpIev_QTJ9yVFHrZD__zjXbIzek-6i=k-no"",""https://lh3.googleusercontent.com/grass-cs/ANxoTn3FkKvinMG-qcb5vMrNxF6s0wOTuHlc7eO8bnYLhsJBJp7E7gr-90thjzkS7UNDei02zvCYbN2NOt9Axm22aViW9lxUUXgF-qASkJOcISbyfxwkdJF2CGlDjc45lmOCcG7PYdkqaxcuTj2n=k-no"",""https://lh3.googleusercontent.com/grass-cs/ANxoTn2_9aN1d07dAd3AYjZdvpd6b2LOTvz9rT9yHysIlmDGHe0WQfyq7clGZTuBloU0C4eQ71X10gj1Vxgl4BGgYBdPq4RJOOraLwnayFqOts8edyZBYuVFT2sQ40GcEksrsnTA4yLYPZPRFDXL=k-no"",""https://lh3.googleusercontent.com/grass-cs/ANxoTn2ewjcKYwjUXt4LvOY97DbZmkvTZDJQFNMiXulagI18KzKjJuuysRs0l6V3JSXNeQsA43VgI_4VaMWZD4HY7T3NsgKUjiiDetHjJNr7lJ7CW_fw3jhg45Gkqnm3xHoBlJtlb5wdyhCvQdBE=k-no"",""https://lh3.googleusercontent.com/grass-cs/ANxoTn3taDJNxwAewT100ItpDYY9X3aASWTZP84zQkMEVuAiuEaWEzbzvF_Fm1pcpeF3ja07s4pw6ZZKBKnFZle9gQTs7ObuqewpZkRnbhsfRjuu63xSKrFrXt-n1Qal_MMmf0sAYcgkTQwmfzY=k-no"",""https://lh3.googleusercontent.com/grass-cs/ANxoTn3TdNQzgIH6C-ehTUDfhDCzrUnkCCayPXnVqYIIPXDyQVnVwXYgt7A1DxBk4LGtr9ofrP6SDslmD88VX4RcPGNA14D8fIX1YdhBRiibevhHBYkugQoj7EE45fZ4JnrImA7c0CrdkA2gXKdO=k-no"",""https://lh3.googleusercontent.com/grass-cs/ANxoTn0toaR-RTxzy6qoO9Z3ZlwV29SM7bLSQ8UEgjIXWIWqJfrga4c9VSrLebcx4MiINtCLmf3-W_lsWdLC9QdN_lleijToN5rOrr33wb5JztlxmMeHT3O94--cbSyRkE9QQu9vMrrmJvAUCJBa=k-no"",""https://lh3.googleusercontent.com/grass-cs/ANxoTn3DEXtBIwai3nvhvouUPrlyJssIQboJJYoTN93t58_zxXxOwvZNfV6GRtX0fZ_w2wE74LvVp3NjtJzjcGJJQQ2OO5dy_-E4eyRU72GM4sM7bWZ-PxMe2iGz7LAVn4oh34vQoswSng=k-no"",""https://lh3.googleusercontent.com/grass-cs/ANxoTn1MaA_gEE_wjuNwLVxhZoZ3v-EDFFejMNe6saYdXP1Tp6wyFw7xOsrOalkvQ0X64PKXsFL7nYpHTyzc15lGZD1OqlavQgrJofd8YWX1GPr6tWqJM8xZenkKWB82WiI15FhSdbF0=k-no""],""When"":""2025-6-30""},{""Name"":""Loc Bao"",""ProfilePicture"":""https://lh3.googleusercontent.com/a/ACg8ocJImVB7cdbrsREiql591MvUVqLJEwdsfKgYUJoRw4oBM6dL0A=s120-c-rp-mo-br100"",""Rating"":5,""Description"":""Anh chủ nhiệt tình chu đáo. phòng đầy đủ tiện nghi tủ lạnh, ti vi , điều hòa 2 chiều,... trông sạch sẽ thoáng mát, ổn áp giá tiền."",""Images"":null,""When"":""""},{""Name"":""Thanh Hien Duong"",""ProfilePicture"":""https://lh3.googleusercontent.com/a-/ALV-UjXo3Cv0ypAiy6FtmS1iO_afuoT8UxAoCpUlDgDuWmwV9Ug-wbk=s120-c-rp-mo-br100"",""Rating"":1,""Description"":""Đắt, muỗi bay vò vè, phòng bên xã nước là ko thể ngủ…"",""Images"":null,""When"":""""},{""Name"":""Ha Nguyen"",""ProfilePicture"":""https://lh3.googleusercontent.com/a/ACg8ocLJs-20CQhLReAH3l58elZofuqHq3uyZuyLhf29eP6QoxuVTw=s120-c-rp-mo-br100"",""Rating"":5,""Description"":""Mình muốn đặt phòng nhưng gọi điện sdt ko ai nhấc máy"",""Images"":null,""When"":""""},{""Name"":""DANH DAU SY"",""ProfilePicture"":""https://lh3.googleusercontent.com/a-/ALV-UjV-uWCB64zr_ExM14aVwAIjQe1syipucNYmiqmP2LEI1ES_Ai48=s120-c-rp-mo-br100"",""Rating"":1,""Description"":""Nhà nghỉ phòng nhỏ. Không sạch sẽ lắm. Mình không biết tại sao ghi là giá bình dân mà hôm mình vào nghỉ 1 đêm giá 250k/đêm. Đắt."",""Images"":null,""When"":""""}]","[{""Name"":""Thuỳ Nguyễn"",""ProfilePicture"":""https://lh3.googleusercontent.com/a-/ALV-UjWDJSP93Hjm8kWnlDgDpBaQI80YjvxdMQPN7WxwW7NE9Zj5S-Aj=s120-c-rp-mo-ba12-br100"",""Rating"":5,""Description"":""Good"",""Images"":null,""When"":""""},{""Name"":""lê thơm"",""ProfilePicture"":""https://lh3.googleusercontent.com/a-/ALV-UjUCH0ShIAlo186JQ2DLLbtsE7zZ3EZkytp7vQzTPMiGLFPLN2E=s120-c-rp-mo-br100"",""Rating"":5,""Description"":""Ok"",""Images"":null,""When"":""""},{""Name"":""Anh Nguyen"",""ProfilePicture"":""https://lh3.googleusercontent.com/a-/ALV-UjUThPEdVZ3oc_OTVDhQFWaGOuhw2s7y8pD-8TFEm59TCDbKUA=s120-c-rp-mo-br100"",""Rating"":5,""Description"":""Cho mình xin sdt zalo để đặt phòng được không ak. Mình đang ở nước ngoài không gọi điện được ak"",""Images"":null,""When"":""""},{""Name"":""8-Phạm Văn Chiều"",""ProfilePicture"":""https://lh3.googleusercontent.com/a-/ALV-UjWm5vxBQHzBCXPVFab68VDEg-PXeupad_mR7iTebdkbwiwNuxk=s120-c-rp-mo-br100"",""Rating"":5,""Description"":""Anh chủ thân thiện, phòng giá bình dân, sạch sẽ đầy đủ"",""Images"":null,""When"":""""},{""Name"":""Trieu Quynh"",""ProfilePicture"":""https://lh3.googleusercontent.com/a-/ALV-UjXpF9OpJ65Wae9Z7gPhWkBI4SciMHPDpe4OSKnAZwmKIwV5SFhM=s120-c-rp-mo-ba12-br100"",""Rating"":4,""Description"":""Nhà nghỉ do gia đình quản lý. Lễ tân là 2 nhóc nhỏ con chú chủ ngoan ngoãn, lễ phép. Không gian hẹp, phòng khá cũ, đôi khi có muỗi. Giá cả phù hợp với chất lượng (qua đêm 350k/phòng)"",""Images"":[""https://lh3.googleusercontent.com/grass-cs/ANxoTn3iRqP9qYTCjNVSuwf6hpeys8YBy5_RVswTZDqE913OLlI7hD1n_YVLS3OOIelcxqgXA3kdDy6ElTq3crgOTALj9MPOBDSbg3Q7aeD-ITEviR6e_5AjLEteTFwgpPO3eqhNfp6N=k-no""],""When"":""2025-3-29""},{""Name"":""Phung Khoa"",""ProfilePicture"":""https://lh3.googleusercontent.com/a-/ALV-UjVRx4zlxYJBk3L4gSuWe8t-DhfZoULPKIrftsHsw7TD5CO04VuQog=s120-c-rp-mo-ba12-br100"",""Rating"":5,""Description"":""Anh chủ đẹp trai thân thiện và luôn hỗ trợ khách nhiệt tình, phòng ốc đa dạng nhiều lựa chọn, giá cả hợp lý, khu vực an ninh, an toàn và thuận tiện với nhiều tiện ích xung quanh."",""Images"":[""https://lh3.googleusercontent.com/grass-cs/ANxoTn3hoOGtzAJZnOf70CQJaPAbAoEDZgWFn3VJXb8BGf-hNOza0-o6EBnZmjonWcW5EzSIpg4oqQp9QPqYDbujcnZkHZdDKMaBoxQV84D-QnTSJNfQmkYfCwL_o9Rpu2g3zBu7SYRA1Hhzlnw=k-no"",""https://lh3.googleusercontent.com/grass-cs/ANxoTn3B8YI-s00fXkYYMKaGW1ce3qT1qXmrfsTlJxzSjTQ2DbBEwekZsEiDlLrnMEyA_8xLIW9JDmMMLkoYfkRUTeVQ-bSfVLvKYpNaSVqU8j2k7ipQiQIGoj25ah--dUHJHeqRkp5iiC7Uvhhr=k-no"",""https://lh3.googleusercontent.com/grass-cs/ANxoTn3sulbPTY3BQ8rxCONr3Fc-QE1iH6AJIYVMp88U4gC0-YcNgLiwmZsLBkouKzPj2-IE10LEeahYd0isA8Vr3wff1lfpuim4X0gzEzN2Q6xZ8-fTQ5QpIev_QTJ9yVFHrZD__zjXbIzek-6i=k-no"",""https://lh3.googleusercontent.com/grass-cs/ANxoTn3FkKvinMG-qcb5vMrNxF6s0wOTuHlc7eO8bnYLhsJBJp7E7gr-90thjzkS7UNDei02zvCYbN2NOt9Axm22aViW9lxUUXgF-qASkJOcISbyfxwkdJF2CGlDjc45lmOCcG7PYdkqaxcuTj2n=k-no"",""https://lh3.googleusercontent.com/grass-cs/ANxoTn2_9aN1d07dAd3AYjZdvpd6b2LOTvz9rT9yHysIlmDGHe0WQfyq7clGZTuBloU0C4eQ71X10gj1Vxgl4BGgYBdPq4RJOOraLwnayFqOts8edyZBYuVFT2sQ40GcEksrsnTA4yLYPZPRFDXL=k-no"",""https://lh3.googleusercontent.com/grass-cs/ANxoTn2ewjcKYwjUXt4LvOY97DbZmkvTZDJQFNMiXulagI18KzKjJuuysRs0l6V3JSXNeQsA43VgI_4VaMWZD4HY7T3NsgKUjiiDetHjJNr7lJ7CW_fw3jhg45Gkqnm3xHoBlJtlb5wdyhCvQdBE=k-no"",""https://lh3.googleusercontent.com/grass-cs/ANxoTn3taDJNxwAewT100ItpDYY9X3aASWTZP84zQkMEVuAiuEaWEzbzvF_Fm1pcpeF3ja07s4pw6ZZKBKnFZle9gQTs7ObuqewpZkRnbhsfRjuu63xSKrFrXt-n1Qal_MMmf0sAYcgkTQwmfzY=k-no"",""https://lh3.googleusercontent.com/grass-cs/ANxoTn3TdNQzgIH6C-ehTUDfhDCzrUnkCCayPXnVqYIIPXDyQVnVwXYgt7A1DxBk4LGtr9ofrP6SDslmD88VX4RcPGNA14D8fIX1YdhBRiibevhHBYkugQoj7EE45fZ4JnrImA7c0CrdkA2gXKdO=k-no"",""https://lh3.googleusercontent.com/grass-cs/ANxoTn0toaR-RTxzy6qoO9Z3ZlwV29SM7bLSQ8UEgjIXWIWqJfrga4c9VSrLebcx4MiINtCLmf3-W_lsWdLC9QdN_lleijToN5rOrr33wb5JztlxmMeHT3O94--cbSyRkE9QQu9vMrrmJvAUCJBa=k-no"",""https://lh3.googleusercontent.com/grass-cs/ANxoTn3DEXtBIwai3nvhvouUPrlyJssIQboJJYoTN93t58_zxXxOwvZNfV6GRtX0fZ_w2wE74LvVp3NjtJzjcGJJQQ2OO5dy_-E4eyRU72GM4sM7bWZ-PxMe2iGz7LAVn4oh34vQoswSng=k-no"",""https://lh3.googleusercontent.com/grass-cs/ANxoTn1MaA_gEE_wjuNwLVxhZoZ3v-EDFFejMNe6saYdXP1Tp6wyFw7xOsrOalkvQ0X64PKXsFL7nYpHTyzc15lGZD1OqlavQgrJofd8YWX1GPr6tWqJM8xZenkKWB82WiI15FhSdbF0=k-no""],""When"":""2025-6-30""},{""Name"":""Loc Bao"",""ProfilePicture"":""https://lh3.googleusercontent.com/a/ACg8ocJImVB7cdbrsREiql591MvUVqLJEwdsfKgYUJoRw4oBM6dL0A=s120-c-rp-mo-br100"",""Rating"":5,""Description"":""Anh chủ nhiệt tình chu đáo. phòng đầy đủ tiện nghi tủ lạnh, ti vi , điều hòa 2 chiều,... trông sạch sẽ thoáng mát, ổn áp giá tiền."",""Images"":null,""When"":""""},{""Name"":""Thanh Hien Duong"",""ProfilePicture"":""https://lh3.googleusercontent.com/a-/ALV-UjXo3Cv0ypAiy6FtmS1iO_afuoT8UxAoCpUlDgDuWmwV9Ug-wbk=s120-c-rp-mo-br100"",""Rating"":1,""Description"":""Đắt, muỗi bay vò vè, phòng bên xã nước là ko thể ngủ…"",""Images"":null,""When"":""""},{""Name"":""Ha Nguyen"",""ProfilePicture"":""https://lh3.googleusercontent.com/a/ACg8ocLJs-20CQhLReAH3l58elZofuqHq3uyZuyLhf29eP6QoxuVTw=s120-c-rp-mo-br100"",""Rating"":5,""Description"":""Mình muốn đặt phòng nhưng gọi điện sdt ko ai nhấc máy"",""Images"":null,""When"":""""},{""Name"":""DANH DAU SY"",""ProfilePicture"":""https://lh3.googleusercontent.com/a-/ALV-UjV-uWCB64zr_ExM14aVwAIjQe1syipucNYmiqmP2LEI1ES_Ai48=s120-c-rp-mo-br100"",""Rating"":1,""Description"":""Nhà nghỉ phòng nhỏ. Không sạch sẽ lắm. Mình không biết tại sao ghi là giá bình dân mà hôm mình vào nghỉ 1 đêm giá 250k/đêm. Đắt."",""Images"":null,""When"":""""},{""Name"":""alibabavn2"",""ProfilePicture"":""https://lh3.googleusercontent.com/a/ACg8ocIj-zJsj-64iyNYNExPCRLeigk71y752J_ZuYA7vlUjr-ouYA=s120-c-rp-mo-ba12-br100"",""Rating"":5,""Description"":""Phòng sạch sẽ, nệm trắng. Các thiết bị điều hòa, vệ sinh tốt.\nĐỗ ô tô bên đường Lê Trọng Tấn cách  10m.\nGiá phù hợp."",""Images"":null,""When"":""""},{""Name"":""nhien luu"",""ProfilePicture"":""https://lh3.googleusercontent.com/a/ACg8ocL-kloPFabPOIqh_OD2eC6djVhpLRjBHsqyIXJ7EidduWZVPw=s120-c-rp-mo-br100"",""Rating"":1,""Description"":""Quá đắt ngủ từ 23h45 đến 3h45 có mấy tiếng mà 200k phòng thì bé tý"",""Images"":null,""When"":""""},{""Name"":""Thanh Nguyễn Thị"",""ProfilePicture"":""https://lh3.googleusercontent.com/a/ACg8ocIL15l0mkOpnCUH4Rp8qsphTu4E9bwYScSLahYpEI1bfK5rZA=s120-c-rp-mo-br100"",""Rating"":3,""Description"":""Đêm đang nằm ngủ thì phòng bên đi vệ sinh nghe tồ tồ tồ rồi xả nước\nXong cái tỉnh ngủ luôn"",""Images"":null,""When"":""""},{""Name"":""Tai Nguyen Van"",""ProfilePicture"":""https://lh3.googleusercontent.com/a-/ALV-UjXRPAgoLymH7ClB9uYQ5wBp80Zdnrmk3jHhfhfTJhErWs5K9ASF=s120-c-rp-mo-br100"",""Rating"":5,""Description"":""Sạch, cô chú hiền, dth"",""Images"":null,""When"":""""},{""Name"":""A ductuan"",""ProfilePicture"":""https://lh3.googleusercontent.com/a-/ALV-UjVYBnpOltrxAzKNI5vrtHJ6ke36rnEqIHFzTzfLiF2tsZiG5nmW=s120-c-rp-mo-br100"",""Rating"":4,""Description"":""Cho mình hỏi ở đây thuê tính theo giờ hay là ngày ạ"",""Images"":null,""When"":""""},{""Name"":""Phạm Minh"",""ProfilePicture"":""https://lh3.googleusercontent.com/a/ACg8ocK5obD58Au3LsMEUz-DFH4aDa313zySLF0ngiGjo61Iv6vSjQ=s120-c-rp-mo-br100"",""Rating"":1,""Description"":""Phòng nhỏ mà đắt, né ạ"",""Images"":null,""When"":""""},{""Name"":""Phuongg HThuu"",""ProfilePicture"":""https://lh3.googleusercontent.com/a-/ALV-UjV0L24Vrow28fWv5LKI6UORlQToc_5XZOiRP7JxIgJwl6GIscSNUg=s120-c-rp-mo-br100"",""Rating"":2,""Description"":""giá 1 ngày bnhieu ạ"",""Images"":null,""When"":""""},{""Name"":""Nami Cha"",""ProfilePicture"":""https://lh3.googleusercontent.com/a-/ALV-UjX_5HnbfVy_DBzLshrFcrOHP2qSAG_cuPYdLg5EYr_dHkiF6uP4=s120-c-rp-mo-br100"",""Rating"":5,""Description"":""Sạch đẹp"",""Images"":null,""When"":""""},{""Name"":""Tuân Nhat Truong"",""ProfilePicture"":""https://lh3.googleusercontent.com/a/ACg8ocLgXPeoB8EirJTtm4DZxf6X51pzYOsbGu8t7HboIV7bASr6gQ=s120-c-rp-mo-br100"",""Rating"":5,""Description"":""Sạch sẽ"",""Images"":null,""When"":""""},{""Name"":""Bảo Ngân Nguyễn"",""ProfilePicture"":""https://lh3.googleusercontent.com/a-/ALV-UjV3X5A4FPu9gE9ndao0sle8lkZSYuA9BuldJtiCngRYWoTdp5Y=s120-c-rp-mo-br100"",""Rating"":5,""Description"":""Sạch sẽ , nhiệt tình"",""Images"":null,""When"":""""},{""Name"":""đuc minh"",""ProfilePicture"":""https://lh3.googleusercontent.com/a/ACg8ocJ1uIxlOgtWj_kxWgNbeEXc4nHv8BjfGhkLVAYPiuV01uxP6w=s120-c-rp-mo-br100"",""Rating"":5,""Description"":""gạch ốp lát bán tại kho"",""Images"":null,""When"":""""},{""Name"":""Dung Doan"",""ProfilePicture"":""https://lh3.googleusercontent.com/a-/ALV-UjVEV_pLoRLFcRANwg6gjvuLpUs3m1VUu-VF589ylkAoBuyEuIk=s120-c-rp-mo-br100"",""Rating"":5,""Description"":""sạch sẽ, thoáng mát"",""Images"":null,""When"":""""},{""Name"":""Bưởi Lưu Thị"",""ProfilePicture"":""https://lh3.googleusercontent.com/a-/ALV-UjUUeHcAyGslOEHp42KFA-0naXabSBmBFpj49qINGst8kY39dkI=s120-c-rp-mo-br100"",""Rating"":5,""Description"":""Sạch sẽ"",""Images"":null,""When"":""""},{""Name"":""Minh Nghia Nguyen"",""ProfilePicture"":""https://lh3.googleusercontent.com/a/ACg8ocIxU1JYcdnkZhH2KxQA4K5NLoWKEkYOAHuGpsPA_gX1mnm26A=s120-c-rp-mo-br100"",""Rating"":5,""Description"":""👍👍👍"",""Images"":null,""When"":""""},{""Name"":""Nam"",""ProfilePicture"":""https://lh3.googleusercontent.com/a/ACg8ocIw_IVIetoR1bZcIHAY_ZqEnj2mqfEd5BLmpVR4L0W1YxA1GXg2=s120-c-rp-mo-br100"",""Rating"":5,""Description"":""quá tuyệt vời"",""Images"":null,""When"":""""},{""Name"":""Gia Lai DreamDance"",""ProfilePicture"":""https://lh3.googleusercontent.com/a-/ALV-UjWEPuWGsG2USqZ6w5aWMJQkpk60-tbghIFzOHp0JRqEcyes_5iF=s120-c-rp-mo-ba12-br100"",""Rating"":5,""Description"":"""",""Images"":null,""When"":""""},{""Name"":""Giang Hoang"",""ProfilePicture"":""https://lh3.googleusercontent.com/a-/ALV-UjXtT3JGmU7Ytq6XxEjXPlxdys3x350x9j7hPtB1v-peKl0S88Qb=s120-c-rp-mo-ba12-br100"",""Rating"":4,""Description"":""Cho mình xin zalo liên hệ trong hôm nay với ạ"",""Images"":null,""When"":""""},{""Name"":""29trang hoang"",""ProfilePicture"":""https://lh3.googleusercontent.com/a/ACg8ocLL8_0anacbwaNOQcoRTGXq_pDvW_uVw0OvLFun5iXkNuyCzw=s120-c-rp-mo-br100"",""Rating"":5,""Description"":""Cho e xin số zl dc ko ạ"",""Images"":null,""When"":""""},{""Name"":""Thị Thảo Phạm"",""ProfilePicture"":""https://lh3.googleusercontent.com/a/ACg8ocK7cXPyWuzd7gtjdIxRKY1BXivZ62gCzbYy5Uu2Rya_k83lxw=s120-c-rp-mo-br100"",""Rating"":5,""Description"":""Sạch sẽ giá bình dân với mọi người"",""Images"":null,""When"":""""},{""Name"":""Thuyên Nguyễn"",""ProfilePicture"":""https://lh3.googleusercontent.com/a-/ALV-UjVF-sqt7Opo_W7YXRoWFpCtQ8KS0615JyGMRB0UU8daSCYBXVcH=s120-c-rp-mo-ba12-br100"",""Rating"":2,""Description"":"""",""Images"":null,""When"":""""},{""Name"":""Minzen"",""ProfilePicture"":""https://lh3.googleusercontent.com/a-/ALV-UjVR1g6jeNxrbI4LXzdN9V_KI3NvFgl81YLD3tSgNd24sCOgfsOS=s120-c-rp-mo-br100"",""Rating"":5,""Description"":""Cho em hỏi 1 ngày giá bao nhiêu ạ"",""Images"":null,""When"":""""},{""Name"":""Tuấn Đặng"",""ProfilePicture"":""https://lh3.googleusercontent.com/a/ACg8ocLHG0Zq9EaiZhhyfvy_947WnvMlsnKYgsYlj1khZV2_A5rQ-A=s120-c-rp-mo-br100"",""Rating"":5,""Description"":""Nhà nghỉ giá bình dân sạch sẽ , ngủ yên tĩnh, bệnh viên buu điện và bệnh viện đại học y ha noi rất gần, sẽ quay lại và ủng hộ HOA HỒNG"",""Images"":null,""When"":""""},{""Name"":""Hà Ngọc"",""ProfilePicture"":""https://lh3.googleusercontent.com/a-/ALV-UjXfMcYWdGxt4iH04pgQig_xGIBeMRPy4Tw2DHCXk_Dlsqs9ht28dg=s120-c-rp-mo-br100"",""Rating"":1,""Description"":"""",""Images"":null,""When"":""""},{""Name"":""Hung Dang Dinh"",""ProfilePicture"":""https://lh3.googleusercontent.com/a-/ALV-UjUWWzK8oIwGsH8512zPEqqoCCr84yCcVLcTU8YQ2X-iXnyK38F4=s120-c-rp-mo-br100"",""Rating"":5,""Description"":"""",""Images"":null,""When"":""""},{""Name"":""nha tam nguyen"",""ProfilePicture"":""https://lh3.googleusercontent.com/a/ACg8ocKL8tApBxZ7aqnDyMQPWI9Gm8p9pfj_Fwdlzll7tuAl-A6d-g=s120-c-rp-mo-br100"",""Rating"":1,""Description"":"""",""Images"":null,""When"":""""},{""Name"":""hong thanh nguyen"",""ProfilePicture"":""https://lh3.googleusercontent.com/a-/ALV-UjXmEqDlZQqynO2E8u6GgTj8miE4mwJCojMb-wzc4DghUYqp3iCA=s120-c-rp-mo-br100"",""Rating"":5,""Description"":"""",""Images"":null,""When"":""""},{""Name"":""Nam Pham Hoai"",""ProfilePicture"":""https://lh3.googleusercontent.com/a-/ALV-UjU4PGWfn8nTh05eIkn17I_NT7fEcOQFDaA9GnVj5LZrxioLaEs-=s120-c-rp-mo-ba12-br100"",""Rating"":5,""Description"":"""",""Images"":null,""When"":""""},{""Name"":""Hoàng Đặng"",""ProfilePicture"":""https://lh3.googleusercontent.com/a-/ALV-UjXV5TVEWuaGrprQlOrklF3hgStXMmA3hhZ5zuy6gIdEyw34xSSi=s120-c-rp-mo-br100"",""Rating"":5,""Description"":"""",""Images"":null,""When"":""""},{""Name"":""Duc Huynh"",""ProfilePicture"":""https://lh3.googleusercontent.com/a/ACg8ocIwE6s8_-QVoX4_ID5KWpTgADYak7F48c3ouMluQF8fhrtLdB8=s120-c-rp-mo-br100"",""Rating"":2,""Description"":"""",""Images"":null,""When"":""""},{""Name"":""Anh Hoàng"",""ProfilePicture"":""https://lh3.googleusercontent.com/a-/ALV-UjUrkHpH5awyXfoYxor7YBrDkbNeYRmQCtBdb2yZ9pWTRiL_GJE=s120-c-rp-mo-br100"",""Rating"":2,""Description"":"""",""Images"":null,""When"":""""},{""Name"":""Dong Pham"",""ProfilePicture"":""https://lh3.googleusercontent.com/a-/ALV-UjX5qXTv7kE6Prsyb6lpBGwpDBqrWCOfCuGJIjkC6KRobE56M57b=s120-c-rp-mo-ba12-br100"",""Rating"":3,""Description"":"""",""Images"":null,""When"":""""},{""Name"":""Viết Tịnh Nguyễn"",""ProfilePicture"":""https://lh3.googleusercontent.com/a/ACg8ocIzK1EOmClqTVJBnh-PkFYS1N9zkXgcNPEwM4IBfESP8llQTQ=s120-c-rp-mo-ba12-br100"",""Rating"":3,""Description"":"""",""Images"":null,""When"":""""},{""Name"":""Đức Anh Hoàng"",""ProfilePicture"":""https://lh3.googleusercontent.com/a/ACg8ocIhGNrmJsGbeV5kiq5OPjVOy0kVZQMDZ_DvKjdNezXszkybsg=s120-c-rp-mo-br100"",""Rating"":5,""Description"":"""",""Images"":null,""When"":""""},{""Name"":""Ngọc Anh"",""ProfilePicture"":""https://lh3.googleusercontent.com/a/ACg8ocK2d99KGH_28HwtCtRUKnQTce0f62McCPZOiXaweHN6ykGq1cCM=s120-c-rp-mo-br100"",""Rating"":5,""Description"":"""",""Images"":null,""When"":""""},{""Name"":""quyết đặng quang"",""ProfilePicture"":""https://lh3.googleusercontent.com/a-/ALV-UjU7Nzt2sYLpRUnM5P7sXactnQTT-RqmWvx2RahfR-f31FCSzyjY=s120-c-rp-mo-br100"",""Rating"":2,""Description"":"""",""Images"":null,""When"":""""},{""Name"":""thắng nguyễn duy"",""ProfilePicture"":""https://lh3.googleusercontent.com/a-/ALV-UjVc8kut-gaxlcAHkdGbqh2qi1Umx2fbTKMM9H-v5zlYxuka79Cq9A=s120-c-rp-mo-ba12-br100"",""Rating"":5,""Description"":"""",""Images"":null,""When"":""""},{""Name"":""Tùng Phan Đình"",""ProfilePicture"":""https://lh3.googleusercontent.com/a-/ALV-UjWy1116MYAg6FkhSwS00bfSvWvlzchRojHV4xudMjISQrBV6mlL=s120-c-rp-mo-ba12-br100"",""Rating"":5,""Description"":"""",""Images"":null,""When"":""""},{""Name"":""Minh Quang"",""ProfilePicture"":""https://lh3.googleusercontent.com/a-/ALV-UjUhLpkFTWeYlRONp02hifz-hghL5ZhObzE5guPZsdhXDNIm57hBgw=s120-c-rp-mo-br100"",""Rating"":3,""Description"":"""",""Images"":null,""When"":""""},{""Name"":""Hung Tran"",""ProfilePicture"":""https://lh3.googleusercontent.com/a-/ALV-UjV_84-nNJaIM0WuxtKWHCyivnxYJWcCSPe4iQmAAYC8_p4VInU=s120-c-rp-mo-ba12-br100"",""Rating"":4,""Description"":"""",""Images"":null,""When"":""""},{""Name"":""HOÀNG HÙNG BĐS"",""ProfilePicture"":""https://lh3.googleusercontent.com/a-/ALV-UjXf8v2DSnazul5FRRQV8Gf-k3d2BXs4iYTZv-_UzXxb_O1H9nBH=s120-c-rp-mo-br100"",""Rating"":5,""Description"":"""",""Images"":null,""When"":""""},{""Name"":""Hong van Nguyen"",""ProfilePicture"":""https://lh3.googleusercontent.com/a-/ALV-UjVVKveiZGWGTmMXJrA1CsGkkPC3aOTRop29pf9ubef5X8VqYZQ=s120-c-rp-mo-br100"",""Rating"":5,""Description"":"""",""Images"":null,""When"":""""},{""Name"":""Luong Quyen"",""ProfilePicture"":""https://lh3.googleusercontent.com/a/ACg8ocJpx78m0hq7AZYOTBpeZknH_M287dvWgzLvcBkFylxUC7kzSA=s120-c-rp-mo-br100"",""Rating"":5,""Description"":"""",""Images"":null,""When"":""""}]"
Nhà nghỉ Trà My,Khách sạn,21,3.600000,"{""1"":4,""2"":1,""3"":4,""4"":3,""5"":9}",0.000000,0.000000,"[{""Name"":""Truong Bui"",""ProfilePicture"":""https://lh3.googleusercontent.com/a-/ALV-UjVpKV1uMQ5JWVDmiyvf60BQxCE3O7p10FhdkQK3IBkLiCi3BMQ=s120-c-rp-mo-br100"",""Rating"":1,""Description"":""Bẩn toàn muỗi trong phòng k ngủ dk"",""Images"":null,""When"":""""},{""Name"":""nguyễn duy chiến"",""ProfilePicture"":""https://lh3.googleusercontent.com/a-/ALV-UjVcHv4fDmU9LtZkxQhT1GStr82s-YSvDcdHpy7rcry2sf9_syU_=s120-c-rp-mo-br100"",""Rating"":5,""Description"":""Giá cả hợp lí rõ ràng ."",""Images"":null,""When"":""""},{""Name"":""Trung Kiên"",""ProfilePicture"":""https://lh3.googleusercontent.com/a-/ALV-UjWVEMRjdKcZOitZCh6iRy5NhWnuwGJrshDaSlTS5dMXoQGaxyY0=s120-c-rp-mo-ba12-br100"",""Rating"":5,""Description"":""Nhà nghỉ này giá cả hợp lý, phòng thì cũng hợp lí, sạch sẽ. Tiện cho những người đi khám bệnh tại bệnh viện bạch mai, tai mũi họng, da liễu...."",""Images"":null,""When"":""""},{""Name"":""Hoàng Thục Anh"",""ProfilePicture"":""https://lh3.googleusercontent.com/a-/ALV-UjXu6LTFw7z9-LxMZYh6QuLSEd1K5tdfOO55ykxOKX-htQK0QPwr=s120-c-rp-mo-ba12-br100"",""Rating"":1,""Description"":""Mùi ẩm mốc , phòng khá tệ mình thuê từ trưa đến 3h lấy 240k =))"",""Images"":null,""When"":""""},{""Name"":""Vân Trường"",""ProfilePicture"":""https://lh3.googleusercontent.com/a-/ALV-UjVJPpQUqjghjrwmdKkBjoyljQi2eTaxRFL0a1hiE4StEsjkBeMg=s120-c-rp-mo-ba12-br100"",""Rating"":1,""Description"":""Rất là đắt. Nghỉ giờ đầu 100k. Các chỗ khác nghỉ giờ đầu chỉ 70k thôi."",""Images"":[""https://lh3.googleusercontent.com/grass-cs/ANxoTn3_IpiL_UJSJ3e6bTgazKNbsgPcJTl9PtRFyjsVlwqT5wLxXmL_nsflDvQGvWzZprrD0iDMmCS4kYYBSj0qb9AiLam4b_sgdCUvSH2-iMPLTGo_m10fzHioRkKg3MzUZfJMSkrq=k-no"",""https://lh3.googleusercontent.com/grass-cs/ANxoTn09FyjVYavap7mQmpp_xUIyMClezoGkRMErG5h-QXQGX_YZYNjLcZH8-QR9hUWVrJRkwD5JFA-h2ZTyjk1bBtIv4A31yUgk4Ojc2gyaUWLzJgIUgcpMg5GwpeXrEO_1XgkNsESj8A=k-no"",""https://lh3.googleusercontent.com/grass-cs/ANxoTn0fpFdK_GtFaGffM3TYEN8es43p356RyyzSZrrSRjluj7tItlBUOwzL6uzN9ETPVwlrFrkCqothFwZjlYWrBDHkzSs_k4IsmCO0iGP0mnHTIrqlvkZZSmh6TBfcfVOHMgQ2vY-F=k-no"",""https://lh3.googleusercontent.com/grass-cs/ANxoTn3Xg-95VcFAsjvsBB5oDomASAAnbkCvnIEydm3Fhb7riT0rSReJoUXfyjrGoUjIOyYh_KkE6iwPkUFkxbaqzcMrNfhyw6sNHXtX5bxQY__jYhJSiR2iHfYYqxhHbrmxbnQd-H6sDQ=k-no"",""https://lh3.googleusercontent.com/grass-cs/ANxoTn3qiV2RnrPBQ5O9POLZ6vzR3x5PHywNA5uxU0udinHldmim4Bgiea73gdEdmwLuJ_iM9tgl9aOkTvOFMeVuA4hcBvRPw6d36-pyqOVkhfYrGbnxtdQgLkx8IGHe0Wm2TD1F_xzi=k-no"",""https://lh3.googleusercontent.com/grass-cs/ANxoTn2oT7rCtvn1WC1qFTOjFWraG6JDQYU33vMU074BSx_QoJxJwE7_bACsvLt3iSV4Ajn2P-OlX4BOqVpbofI0KBhaKoluDbLVfYjoW2cRdSEo8VB_iCrC7OyiKETCLIilzVmkNue3=k-no"",""https://lh3.googleusercontent.com/grass-cs/ANxoTn3DZAT18bb9q1kSNJy-crrr8a6-rM85-nrO6UseKC2bmTXVJXYNxhdngynuzH9bzMp3EFTX6Ne-jxDKAouoNQCiN1HkDxAq5J74KCc8nBWeaeRo2hfYM2UzxZS5qfr6N3j3e-v3=k-no"",""https://lh3.googleusercontent.com/grass-cs/ANxoTn1K45wjHSeBS8cVNBosp7qMIUe0iT607stvoD8QwbQ5bwFzWOnRu2FYFFPqDLB5jYfadFVkADafH6XvhnXVPMP1OOhxanxdti824hrBnS-_XDxcCMFBwuKoy6PgiFEp53FjUfw07Q=k-no""],""When"":""2021-6-18""},{""Name"":""Ylang"",""ProfilePicture"":""https://lh3.googleusercontent.com/a-/ALV-UjWYqTFV3-6dbHfy1a8YXfbu1s32ypsONSx3NWg7xS6CHAWjK8w=s120-c-rp-mo-ba12-br100"",""Rating"":3,""Description"":""Sạch sẽ thoáng mát. Giá bình dân, 180k 1 đêm"",""Images"":null,""When"":""""},{""Name"":""thuc anh quan"",""ProfilePicture"":""https://lh3.googleusercontent.com/a-/ALV-UjWzuKuzwii_I3QZ7gta50yyggGm9cAX6yL_9p-esjWXPLdm0nQ4=s120-c-rp-mo-ba12-br100"",""Rating"":1,""Description"":""Bẩn và cũ lắm\nĐiều hoà hỏng ko mát tí nào"",""Images"":null,""When"":""""},{""Name"":""Thế Anh Hoàng"",""ProfilePicture"":""https://lh3.googleusercontent.com/a-/ALV-UjUmoPqdktfp_jf50vZFo3NIIMb1EQVN-PCL7tFhoZNJa7mZWoXF=s120-c-rp-mo-ba12-br100"",""Rating"":3,""Description"":""Đêm khuya vẫn gọi cửa được"",""Images"":null,""When"":""""}]","[{""Name"":""Truong Bui"",""ProfilePicture"":""https://lh3.googleusercontent.com/a-/ALV-UjVpKV1uMQ5JWVDmiyvf60BQxCE3O7p10FhdkQK3IBkLiCi3BMQ=s120-c-rp-mo-br100"",""Rating"":1,""Description"":""Bẩn toàn muỗi trong phòng k ngủ dk"",""Images"":null,""When"":""""},{""Name"":""nguyễn duy chiến"",""ProfilePicture"":""https://lh3.googleusercontent.com/a-/ALV-UjVcHv4fDmU9LtZkxQhT1GStr82s-YSvDcdHpy7rcry2sf9_syU_=s120-c-rp-mo-br100"",""Rating"":5,""Description"":""Giá cả hợp lí rõ ràng ."",""Images"":null,""When"":""""},{""Name"":""Trung Kiên"",""ProfilePicture"":""https://lh3.googleusercontent.com/a-/ALV-UjWVEMRjdKcZOitZCh6iRy5NhWnuwGJrshDaSlTS5dMXoQGaxyY0=s120-c-rp-mo-ba12-br100"",""Rating"":5,""Description"":""Nhà nghỉ này giá cả hợp lý, phòng thì cũng hợp lí, sạch sẽ. Tiện cho những người đi khám bệnh tại bệnh viện bạch mai, tai mũi họng, da liễu...."",""Images"":null,""When"":""""},{""Name"":""Hoàng Thục Anh"",""ProfilePicture"":""https://lh3.googleusercontent.com/a-/ALV-UjXu6LTFw7z9-LxMZYh6QuLSEd1K5tdfOO55ykxOKX-htQK0QPwr=s120-c-rp-mo-ba12-br100"",""Rating"":1,""Description"":""Mùi ẩm mốc , phòng khá tệ mình thuê từ trưa đến 3h lấy 240k =))"",""Images"":null,""When"":""""},{""Name"":""Vân Trường"",""ProfilePicture"":""https://lh3.googleusercontent.com/a-/ALV-UjVJPpQUqjghjrwmdKkBjoyljQi2eTaxRFL0a1hiE4StEsjkBeMg=s120-c-rp-mo-ba12-br100"",""Rating"":1,""Description"":""Rất là đắt. Nghỉ giờ đầu 100k. Các chỗ khác nghỉ giờ đầu chỉ 70k thôi."",""Images"":[""https://lh3.googleusercontent.com/grass-cs/ANxoTn3_IpiL_UJSJ3e6bTgazKNbsgPcJTl9PtRFyjsVlwqT5wLxXmL_nsflDvQGvWzZprrD0iDMmCS4kYYBSj0qb9AiLam4b_sgdCUvSH2-iMPLTGo_m10fzHioRkKg3MzUZfJMSkrq=k-no"",""https://lh3.googleusercontent.com/grass-cs/ANxoTn09FyjVYavap7mQmpp_xUIyMClezoGkRMErG5h-QXQGX_YZYNjLcZH8-QR9hUWVrJRkwD5JFA-h2ZTyjk1bBtIv4A31yUgk4Ojc2gyaUWLzJgIUgcpMg5GwpeXrEO_1XgkNsESj8A=k-no"",""https://lh3.googleusercontent.com/grass-cs/ANxoTn0fpFdK_GtFaGffM3TYEN8es43p356RyyzSZrrSRjluj7tItlBUOwzL6uzN9ETPVwlrFrkCqothFwZjlYWrBDHkzSs_k4IsmCO0iGP0mnHTIrqlvkZZSmh6TBfcfVOHMgQ2vY-F=k-no"",""https://lh3.googleusercontent.com/grass-cs/ANxoTn3Xg-95VcFAsjvsBB5oDomASAAnbkCvnIEydm3Fhb7riT0rSReJoUXfyjrGoUjIOyYh_KkE6iwPkUFkxbaqzcMrNfhyw6sNHXtX5bxQY__jYhJSiR2iHfYYqxhHbrmxbnQd-H6sDQ=k-no"",""https://lh3.googleusercontent.com/grass-cs/ANxoTn3qiV2RnrPBQ5O9POLZ6vzR3x5PHywNA5uxU0udinHldmim4Bgiea73gdEdmwLuJ_iM9tgl9aOkTvOFMeVuA4hcBvRPw6d36-pyqOVkhfYrGbnxtdQgLkx8IGHe0Wm2TD1F_xzi=k-no"",""https://lh3.googleusercontent.com/grass-cs/ANxoTn2oT7rCtvn1WC1qFTOjFWraG6JDQYU33vMU074BSx_QoJxJwE7_bACsvLt3iSV4Ajn2P-OlX4BOqVpbofI0KBhaKoluDbLVfYjoW2cRdSEo8VB_iCrC7OyiKETCLIilzVmkNue3=k-no"",""https://lh3.googleusercontent.com/grass-cs/ANxoTn3DZAT18bb9q1kSNJy-crrr8a6-rM85-nrO6UseKC2bmTXVJXYNxhdngynuzH9bzMp3EFTX6Ne-jxDKAouoNQCiN1HkDxAq5J74KCc8nBWeaeRo2hfYM2UzxZS5qfr6N3j3e-v3=k-no"",""https://lh3.googleusercontent.com/grass-cs/ANxoTn1K45wjHSeBS8cVNBosp7qMIUe0iT607stvoD8QwbQ5bwFzWOnRu2FYFFPqDLB5jYfadFVkADafH6XvhnXVPMP1OOhxanxdti824hrBnS-_XDxcCMFBwuKoy6PgiFEp53FjUfw07Q=k-no""],""When"":""2021-6-18""},{""Name"":""Ylang"",""ProfilePicture"":""https://lh3.googleusercontent.com/a-/ALV-UjWYqTFV3-6dbHfy1a8YXfbu1s32ypsONSx3NWg7xS6CHAWjK8w=s120-c-rp-mo-ba12-br100"",""Rating"":3,""Description"":""Sạch sẽ thoáng mát. Giá bình dân, 180k 1 đêm"",""Images"":null,""When"":""""},{""Name"":""thuc anh quan"",""ProfilePicture"":""https://lh3.googleusercontent.com/a-/ALV-UjWzuKuzwii_I3QZ7gta50yyggGm9cAX6yL_9p-esjWXPLdm0nQ4=s120-c-rp-mo-ba12-br100"",""Rating"":1,""Description"":""Bẩn và cũ lắm\nĐiều hoà hỏng ko mát tí nào"",""Images"":null,""When"":""""},{""Name"":""Thế Anh Hoàng"",""ProfilePicture"":""https://lh3.googleusercontent.com/a-/ALV-UjUmoPqdktfp_jf50vZFo3NIIMb1EQVN-PCL7tFhoZNJa7mZWoXF=s120-c-rp-mo-ba12-br100"",""Rating"":3,""Description"":""Đêm khuya vẫn gọi cửa được"",""Images"":null,""When"":""""},{""Name"":""Đời Ở"",""ProfilePicture"":""https://lh3.googleusercontent.com/a-/ALV-UjXkvUdYx0CLcNKB7G_GlSNry0OLRQz5JVgHF1HH8cTvaTZS4Fw=s120-c-rp-mo-ba12-br100"",""Rating"":3,""Description"":""Ổn áp"",""Images"":null,""When"":""""},{""Name"":""Đức Trung (Tâm Đức)"",""ProfilePicture"":""https://lh3.googleusercontent.com/a-/ALV-UjXQ-RtFEiezXHOLy9xaXleEz_hE12oedlex7uXFOPQH2SeIRMoM6A=s120-c-rp-mo-br100"",""Rating"":5,""Description"":""Tuyệt vời"",""Images"":null,""When"":""""},{""Name"":""Long Nguyễn quang"",""ProfilePicture"":""https://lh3.googleusercontent.com/a-/ALV-UjXcj0nL5iydt8WC2A0ypDB4bBUpEm224dSjOSAKBpLtHtSAneCNBg=s120-c-rp-mo-ba12-br100"",""Rating"":2,""Description"":""Khá là đắt"",""Images"":null,""When"":""""},{""Name"":""thuc dongngoc"",""ProfilePicture"":""https://lh3.googleusercontent.com/a-/ALV-UjWNWRl4LPCrzHC5cGm276mCp4OJFuKSa2-n5uBndSE0bDcI4Jpw=s120-c-rp-mo-ba12-br100"",""Rating"":5,""Description"":"""",""Images"":null,""When"":""""},{""Name"":""Hue Pham"",""ProfilePicture"":""https://lh3.googleusercontent.com/a-/ALV-UjVasjIgnwdWz_0qFMyEkHGcnsqb19J5Y7O0k2f-uLYVUtgRxkE=s120-c-rp-mo-br100"",""Rating"":4,""Description"":"""",""Images"":[""https://lh3.googleusercontent.com/grass-cs/ANxoTn2xl2j-y47X6Ukcnyrq-prozoXAT2HwZ6wquRNCDOZ1rySKgGzXcAREXytaVe9BWh4nFaE6jEhMZ_t-SLfjlu2TWGGs9tkDJjtfPFh4bY4miaQEDxa52q3S48t0-QT-er2liO1jE5bPhO-W=k-no""],""When"":""2026-5-31""},{""Name"":""hùng Trần"",""ProfilePicture"":""https://lh3.googleusercontent.com/a-/ALV-UjXhb9Jhhex7PNigVPtd9xTISZCuTSXMDVkIvu0eHh-SAVbHw2E=s120-c-rp-mo-ba12-br100"",""Rating"":4,""Description"":""250k cho phòng 2 giường, giá cả hợp lý, phòng cũng ở được"",""Images"":null,""When"":""""},{""Name"":""Ngọc Phong Lê"",""ProfilePicture"":""https://lh3.googleusercontent.com/a/ACg8ocKFfJmpEPXmCF4gElaQ8QD5LR5VbmmobFNztIj3HTHYmVZrH5M=s120-c-rp-mo-br100"",""Rating"":5,""Description"":"""",""Images"":null,""When"":""""},{""Name"":""Ba Nam Luu"",""ProfilePicture"":""https://lh3.googleusercontent.com/a-/ALV-UjUrN85iV7hzwms8LMkyLOL9EYviHnEbPSriFlv8UgWJpJj8cKOR=s120-c-rp-mo-ba12-br100"",""Rating"":5,""Description"":"""",""Images"":null,""When"":""""},{""Name"":""Đạt Nguyễn"",""ProfilePicture"":""https://lh3.googleusercontent.com/a/ACg8ocKpmuVZl_tFjow-LrGYuvd89g4zf-Xl31psy7Q34W_0VI-X4e0=s120-c-rp-mo-ba12-br100"",""Rating"":5,""Description"":"""",""Images"":null,""When"":""""},{""Name"":""Thành Đạt Phạm"",""ProfilePicture"":""https://lh3.googleusercontent.com/a/ACg8ocIg4F5CQwcNMeWsxV1RfGYcpg3-rfqsA8e_goIEdj-p73u8oQ=s120-c-rp-mo-br100"",""Rating"":5,""Description"":"""",""Images"":null,""When"":""""},{""Name"":""Triệu Tuấn Anh"",""ProfilePicture"":""https://lh3.googleusercontent.com/a-/ALV-UjVccCnWZhFoEGFLQeX2AEhAklLpI0ujWdvvSvF7oWgfgx9pnEJz=s120-c-rp-mo-ba12-br100"",""Rating"":4,""Description"":"""",""Images"":null,""When"":""""},{""Name"":""Nhật Minh"",""ProfilePicture"":""https://lh3.googleusercontent.com/a-/ALV-UjXIrdH1xCBr1SHd1I6qOpIassDfEjop37WwjppikFPK2wfFSo9C=s120-c-rp-mo-br100"",""Rating"":5,""Description"":"""",""Images"":null,""When"":""""},{""Name"":""Hiệu Phan"",""ProfilePicture"":""https://lh3.googleusercontent.com/a-/ALV-UjUDUEL8ixkhFiIab4aLU8zHbDBiUutvD3CO4rifXFMYPoN-Ams=s120-c-rp-mo-br100"",""Rating"":3,""Description"":"""",""Images"":null,""When"":""""}]"
Nhà nghỉ Năm Thanh,Khách sạn,31,3.500000,"{""1"":8,""2"":2,""3"":1,""4"":5,""5"":15}",0.000000,0.000000,"[{""Name"":""Nguyễn Bảo Vy"",""ProfilePicture"":""https://lh3.googleusercontent.com/a-/ALV-UjWJYP-tcn5uPveFVsorYRa9mtCZM0djNg3yzI5hTeAPGLVtJdgNlA=s120-c-rp-mo-br100"",""Rating"":4,""Description"":""250k cho 1 phòng giường đơn, ngoài ra có thêm quạt và điều hoà. Không có tủ hay TV gì thêm, nhà vệ sinh chung với 1 phòng bên cạnh. Giá như vậy là hợp lý. Nhiều phòng xung quanh thấy hét giá cao.\nÔng chủ rất thân thiện, nhiệt tình, mình thuê phòng cho bạn, mình lên phòng chơi ông chủ còn khoá bánh xe chống trộm giúp mình. Trừ 1 sao vì ga giường trông cứ bẩn bẩn kiểu gì ấy."",""Images"":null,""When"":""""},{""Name"":""TAN NGUYEN NHAT"",""ProfilePicture"":""https://lh3.googleusercontent.com/a-/ALV-UjWSf6TnatTnVTSyr3gXmA-klUZqBWK2tH1ZuVNMwqQ08ocSmXeASQ=s120-c-rp-mo-ba12-br100"",""Rating"":3,""Description"":""Giá phòng 250k thời giá 1/2024\nTiện nghi:\nCó máy lạnh, quạt, móc cơ bản.\nWc ngoài và xài chung với phòng khác @@\nPhòng dơ, dọn phòng ko kĩ, t vào còn thấy cả tóc của người cũ, wc thì ôi thôi!! Chủ nhà thỉnh thoảng dùng  chung nữa.\nKhông có khăn, kem đánh răng, bàn chảy gì cả. Ko có nước lọc, tủ lạnh gì tất!!\nM gấp quá nên thuê đại, nói chung về phòng hơi kinh dị như trong phim.\nChung này kiểu nhà có sẵn ngăn ra cho thuê thêm. Tiện cho người nhà bệnh nhân vì đối diện bệnh viện. Cho chọn laị m sẽ ko quay lại!!\nChủ tốt tính, nhiệt tình. Hỏi gì cũng tận tình cả!! Nhưng ko cứu nổi phòng tệ\n3/5 sao là nương tay lắm lắm rồi đúng là 2 sao thôi."",""Images"":[""https://lh3.googleusercontent.com/grass-cs/ANxoTn39shScCUhmQLIneyebCRlwqypW6Vk706ZTrKXIB0ImyG43cPBBIg1ZR54BmmTlGWa_U0F_lmtXU9AB467Cxz3RSGMooLeDXvnTEzWIT5YOdP0mKuP-LjBjqgSor1rhduIPDUso=k-no"",""https://lh3.googleusercontent.com/grass-cs/ANxoTn0HpkV07rQnUKEGvk2KvIV9_fqHOgCylywsTbffsRZeLxtufdrT5rp8ck2QCvQfPuiqHEGj6zZeqzym1cabzzXjgHLaILHYcc0eAmCmAEjhkde5MIsKF14w534qXALCfPaOMUcdPg=k-no"",""https://lh3.googleusercontent.com/grass-cs/ANxoTn34anirrvV878-3RqTcvzLRmDIiw-k9Xb3ix-0ZtmxIqvyKWz6L5Bl-egt1qyYZtKcT4f0oGVhIJUbgGRnE7Ya-yfhDRcrtIjyzKHKZ67d2u8RU8RVrzIMl4i4Lvgzl_d9U4Pk=k-no"",""https://lh3.googleusercontent.com/grass-cs/ANxoTn1GehhQb96-7V3A38q3iFBxb-Vs8JksbrMHIkIYMIRZreBR9UEtPN6-_0IqjfAGLyAu5eMSrgcf4YNQVM6JMZpJR05VF4QhzRKGrtfMkbDvwloC_3cP_vO33BWCOa22ArWZRIQs=k-no"",""https://lh3.googleusercontent.com/grass-cs/ANxoTn3I7neGtMsM9XmG3Qko3KEb43p2dR5rdRtR4Aek8uhaJ9LMtJTHD3zvm5GNCT6I7zq1Ykq6fO1XwkxPQ_HtGBi0VxNx0BrsUDutrpP86mYrBEKBP_2lbiSwkdNn7DTVMpVNd2aC=k-no"",""https://lh3.googleusercontent.com/grass-cs/ANxoTn3aV6Q1tqPMBURutZvMu4LbOciMVhgdPVjoCk5m8fEe_KMbuaJg955eO361Eq83rhnNwN2NfHrMyOim1lz1T7Qjkxg10uiWerxD7-n7-bqPFxCy2jfbwMwpE981WkGzg1_6-UK8=k-no"",""https://lh3.googleusercontent.com/grass-cs/ANxoTn0P9RQ4_zETgKL2rVVpQOOTTByaYNx2bXmO8AVna0u_7a5OXgkJdafXRhyc6IGGrQDhxxpoRFm0d21hk3O55OS-p97BxWhI3g_RQWYCf03sdcWW10fQgsG2jZ0EkyXDyuG8yPny=k-no"",""https://lh3.googleusercontent.com/grass-cs/ANxoTn3KzphOm1gaJO2qncNdjcO_22-gvhLYq4ILQumkNPr5aT0vwbP01WABW6YLrFMCGCjVGpA8F5n87WRWlq4aUHZvLyz8nEA3nPwDu-x_bTQtrPK6JYyxyQ3Eff0aHmlTbisO3WTobQ=k-no"",""https://lh3.googleusercontent.com/grass-cs/ANxoTn1EclJVv9k_QkPLegtKzbBql36pShhew8hp4YlKTytcBu_Tj5he3Wb0HJSMtybjZKtp2HpFlluUrH0MsRmFWMLPeo1xK7teFsBiJ03_B52_4oCozn_Q1NwCIwNWrckCNMuebH8=k-no"",""https://lh3.googleusercontent.com/grass-cs/ANxoTn3-dM6t-i-UtFdFnO7-7MIgV7qEFXUjDgJKZsg60BK0vtYVAPrc5o2XJkKLT9789nCdC_nTtD_yKaiOGHBzcJ-NGxiZluCMg5bRaiz6-kqnnkxj3ioIh0MBOicN8AFXkAVKA2Jzug=k-no"",""https://lh3.googleusercontent.com/grass-cs/ANxoTn3kk24miyfWyyIJ0UMgW3fnqdAiEgtjEKjOUWWGhZr_1duerLT-EE-6I1T_ouIPWwF4QidNJgR9TYl8h3rp03oak5zTI3DbmY5iNJA-PgHkYGanexMhWbjODpAibHgf7rU4KVI=k-no""],""When"":""2024-1-17""},{""Name"":""thuy hoang"",""ProfilePicture"":""https://lh3.googleusercontent.com/a-/ALV-UjXVr7jsO2St0VwdHrB9fiDvHOmQuhxjGvyBUtaID9hh_WbyteU=s120-c-rp-mo-br100"",""Rating"":5,""Description"":""Rất sạch sẽ cả nhà ạ. Ông bà chủ thì thân thiện nhiệt tình. Phòng thoáng, có cửa sổ quay ra đường luôn. Tuy là phòng vs chung nhưng cũng sát cạnh cửa và đc bà chủ dọn dẹp thường xuyên nên lúc nào cũng sạch sẽ khô ráo. Giá cả hợp lý. Thích nhất cách tính giờ nhận và trả phòng là đủ 24h chứ k phải như đa số nhà nghỉ ks là phải trả phòng trước 12h đâu nhé. Nói chung là mình đánh giá thấy rất ok so với giá nhé mn"",""Images"":null,""When"":""""},{""Name"":""Tuân Trần"",""ProfilePicture"":""https://lh3.googleusercontent.com/a/ACg8ocIis5eAubGrxrpA1eDeqLdOPuEtw-aIx_KHmwguekWB0Z_iGw=s120-c-rp-mo-ba12-br100"",""Rating"":5,""Description"":""Nhà nghỉ chỉ băng qua đường là đến cổng bv Đại Học Y Dược Hà Nội rất tiện lưu trú khi khám chữa bệnh. Anh chị chủ nhà cởi mở vui vẻ. Với giá 300k mà có 2 giường đôi, điều hòa, tivi, nước nóng lạnh, tuy kh có tủ lạnh vẫn xứng đáng nhận 5 sao"",""Images"":null,""When"":""""},{""Name"":""Tran Khoa"",""ProfilePicture"":""https://lh3.googleusercontent.com/a/ACg8ocK8oTEK0SOpzs2Hk_hcmGDiwlcqpgqJBoycG_tQvjFhfYHpwA=s120-c-rp-mo-br100"",""Rating"":1,""Description"":""Mình và bạn có trải nghiệm cực kì tồi tệ ở đây\n- Đặt trước 1 tuần và chuyển khoản đặt cọc, liên tục gọi điện trong ngày check thì báo giữ phòng, mình đến lúc 11h45 tối.\n- Khi đến nơi báo hết phòng và dẫn sang nhà nghỉ kế cận (địa chỉ 228). Phòng cực kì tệ và không hề có trách nhiệm gì mà cứ bảo phải thông cảm trong khi tiền và tất cả mọi thứ đều đã nhận trước rôi\n- Sau đó giải thích là vì có 1 phòng trả nhưng lại ở tiếp 3 ngày vì lý do abc gì đó nên cho họ thuê tiếp mà không chừa phòng cho mình. Vấn đề là khách ở tiếp 3 ngày mà chủ lại bảo do báo bất ngờ và không hề nói gì với mình trước thì cực kì vô lý"",""Images"":null,""When"":""""},{""Name"":""Phong Hoang"",""ProfilePicture"":""https://lh3.googleusercontent.com/a/ACg8ocIvRUMIgVs-hufCakqkjdPcqaWbHWr3JTLzoad1MZfUytKeJg=s120-c-rp-mo-br100"",""Rating"":4,""Description"":""Phòng khá là ok sạch sẽ thoáng mát giá cả rẻ . Chủ nhà nhẹ nhàng nhiệt tình.sẽ qua ủng hộ lần sau"",""Images"":null,""When"":""""},{""Name"":""Dat Nguyen"",""ProfilePicture"":""https://lh3.googleusercontent.com/a-/ALV-UjXTcF7-bdJZsbAP26GMnmP6-PgmwwwG-cYe4Mrl7a8irA-m6Kc=s120-c-rp-mo-br100"",""Rating"":1,""Description"":""Mọi người tránh xa nhà nghỉ Hồng Nhung đối diện bảo tàng lăng Bác nhé. 500k 1đêm mà nó bẩn như ổ chuột, điều hòa mụ chủ cầm điều khiển tí lại tắt. Nước tắm thì dùng xô vỡ cho lợn ăn và gáo vỡ, vòi hoa sen không chạy được.... Chăn gối hôi vàng bẩn thỉu... Vào đã đòi thu tiền, sáng ra đã bắt rọn"",""Images"":null,""When"":""""},{""Name"":""Ngoan Trần"",""ProfilePicture"":""https://lh3.googleusercontent.com/a/ACg8ocKKqao36_4f6zQCqmvX2cE96bO9fuzYRneNJ5Xd_Q8yzrx5kQ=s120-c-rp-mo-br100"",""Rating"":1,""Description"":""Phòng không có nhà vệ sinh khép kín! Hết phòng thì dẫn sang nhà bên cạnh! Phòng rất nhỏ và tệ"",""Images"":null,""When"":""""}]","[{""Name"":""Daniel Baranowski"",""ProfilePicture"":""https://lh3.googleusercontent.com/a-/ALV-UjUhw2NMbXZfmI4LMnuC0s0EsURA3jP60S9EkNBju5LJi-1NtWItBQ=s120-c-rp-mo-ba12-br100"",""Rating"":1,""Description"":""Dont come to this place. Dirty. Ugly and they will overcharge you ridiculously"",""Images"":null,""When"":""""},{""Name"":""Vladimir Shchipunov"",""ProfilePicture"":""https://lh3.googleusercontent.com/a/ACg8ocLcm_TXlOO8FF464SWbz8k7UJLNENUARVEyp8B3ruuelUbnyQ=s120-c-rp-mo-ba12-br100"",""Rating"":5,""Description"":""Отличный бюджетный отель. Нет тв, холодильника , сан узел не в номере, не дают полотенец. Есть шлепки в номере , для душа.. чистый номер с окном, двухспальная кровать ..в целом уютно.. рядом автобусная остановка и куча локальных кафе ( в каждой по своему готовят и везде вкусно и не дорого) хозяин гостеприимный. Вернусь еще если буду в Ханое"",""Images"":[""https://lh3.googleusercontent.com/grass-cs/ANxoTn1kpf0VRYsIfqNn8E6GclrofcVlYR3tw1EZM8r1V--tdt7s4eACNbiydKKE4nY0bHMjS-2G8w4cCJOJd_32dg6U6jg6bUTmW0h-IDM-T1HhLQ-0JmCalB03aJwzkwT1ADDIUVF4Cw=k-no"",""https://lh3.googleusercontent.com/grass-cs/ANxoTn0okKP9znIF0kGJ2gGTLLWXl6XmeUTtxTI3MWGCIM3WZHF6h_x-ieohPkpG98g6OM2Y5Lt8lFq9MTlyPV_apLwV1p9Tz1Sj-8ZgEF6HEzeEl_agzYQo6qn5hmLOiDla4nHq7rUQ=k-no"",""https://lh3.googleusercontent.com/grass-cs/ANxoTn1htLTD3ckncBTPke26LFnBxVqaR34ZP7Y_sFnDgNff73vmdBbkCyG5nXnDcCIV_3uPDeJnDWzhSOTP-IHRycyjw6fbYaxyF06xd81rdfIjC8uY_KRD8PD1B68hRQFln9lmkhN4sQ=k-no"",""https://lh3.googleusercontent.com/grass-cs/ANxoTn39KQDmkLFxkaGSoRsi5i4gjtmvyS_aC4_Rb6AaMc8bh5Crqs3Vjhcv4or5_RDw-TBg82RU6fxKV2sGuKXAj0k2irjhe1avElnXGteTeLioGP1sSvZfJJmjRrqn3JHHgSDVheM=k-no""],""When"":""2024-9-9""},{""Name"":""Nguyễn Bảo Vy"",""ProfilePicture"":""https://lh3.googleusercontent.com/a-/ALV-UjWJYP-tcn5uPveFVsorYRa9mtCZM0djNg3yzI5hTeAPGLVtJdgNlA=s120-c-rp-mo-br100"",""Rating"":4,""Description"":""250k cho 1 phòng giường đơn, ngoài ra có thêm quạt và điều hoà. Không có tủ hay TV gì thêm, nhà vệ sinh chung với 1 phòng bên cạnh. Giá như vậy là hợp lý. Nhiều phòng xung quanh thấy hét giá cao.\nÔng chủ rất thân thiện, nhiệt tình, mình thuê phòng cho bạn, mình lên phòng chơi ông chủ còn khoá bánh xe chống trộm giúp mình. Trừ 1 sao vì ga giường trông cứ bẩn bẩn kiểu gì ấy."",""Images"":null,""When"":""""},{""Name"":""TAN NGUYEN NHAT"",""ProfilePicture"":""https://lh3.googleusercontent.com/a-/ALV-UjWSf6TnatTnVTSyr3gXmA-klUZqBWK2tH1ZuVNMwqQ08ocSmXeASQ=s120-c-rp-mo-ba12-br100"",""Rating"":3,""Description"":""Giá phòng 250k thời giá 1/2024\nTiện nghi:\nCó máy lạnh, quạt, móc cơ bản.\nWc ngoài và xài chung với phòng khác @@\nPhòng dơ, dọn phòng ko kĩ, t vào còn thấy cả tóc của người cũ, wc thì ôi thôi!! Chủ nhà thỉnh thoảng dùng  chung nữa.\nKhông có khăn, kem đánh răng, bàn chảy gì cả. Ko có nước lọc, tủ lạnh gì tất!!\nM gấp quá nên thuê đại, nói chung về phòng hơi kinh dị như trong phim.\nChung này kiểu nhà có sẵn ngăn ra cho thuê thêm. Tiện cho người nhà bệnh nhân vì đối diện bệnh viện. Cho chọn laị m sẽ ko quay lại!!\nChủ tốt tính, nhiệt tình. Hỏi gì cũng tận tình cả!! Nhưng ko cứu nổi phòng tệ\n3/5 sao là nương tay lắm lắm rồi đúng là 2 sao thôi."",""Images"":[""https://lh3.googleusercontent.com/grass-cs/ANxoTn39shScCUhmQLIneyebCRlwqypW6Vk706ZTrKXIB0ImyG43cPBBIg1ZR54BmmTlGWa_U0F_lmtXU9AB467Cxz3RSGMooLeDXvnTEzWIT5YOdP0mKuP-LjBjqgSor1rhduIPDUso=k-no"",""https://lh3.googleusercontent.com/grass-cs/ANxoTn0HpkV07rQnUKEGvk2KvIV9_fqHOgCylywsTbffsRZeLxtufdrT5rp8ck2QCvQfPuiqHEGj6zZeqzym1cabzzXjgHLaILHYcc0eAmCmAEjhkde5MIsKF14w534qXALCfPaOMUcdPg=k-no"",""https://lh3.googleusercontent.com/grass-cs/ANxoTn34anirrvV878-3RqTcvzLRmDIiw-k9Xb3ix-0ZtmxIqvyKWz6L5Bl-egt1qyYZtKcT4f0oGVhIJUbgGRnE7Ya-yfhDRcrtIjyzKHKZ67d2u8RU8RVrzIMl4i4Lvgzl_d9U4Pk=k-no"",""https://lh3.googleusercontent.com/grass-cs/ANxoTn1GehhQb96-7V3A38q3iFBxb-Vs8JksbrMHIkIYMIRZreBR9UEtPN6-_0IqjfAGLyAu5eMSrgcf4YNQVM6JMZpJR05VF4QhzRKGrtfMkbDvwloC_3cP_vO33BWCOa22ArWZRIQs=k-no"",""https://lh3.googleusercontent.com/grass-cs/ANxoTn3I7neGtMsM9XmG3Qko3KEb43p2dR5rdRtR4Aek8uhaJ9LMtJTHD3zvm5GNCT6I7zq1Ykq6fO1XwkxPQ_HtGBi0VxNx0BrsUDutrpP86mYrBEKBP_2lbiSwkdNn7DTVMpVNd2aC=k-no"",""https://lh3.googleusercontent.com/grass-cs/ANxoTn3aV6Q1tqPMBURutZvMu4LbOciMVhgdPVjoCk5m8fEe_KMbuaJg955eO361Eq83rhnNwN2NfHrMyOim1lz1T7Qjkxg10uiWerxD7-n7-bqPFxCy2jfbwMwpE981WkGzg1_6-UK8=k-no"",""https://lh3.googleusercontent.com/grass-cs/ANxoTn0P9RQ4_zETgKL2rVVpQOOTTByaYNx2bXmO8AVna0u_7a5OXgkJdafXRhyc6IGGrQDhxxpoRFm0d21hk3O55OS-p97BxWhI3g_RQWYCf03sdcWW10fQgsG2jZ0EkyXDyuG8yPny=k-no"",""https://lh3.googleusercontent.com/grass-cs/ANxoTn3KzphOm1gaJO2qncNdjcO_22-gvhLYq4ILQumkNPr5aT0vwbP01WABW6YLrFMCGCjVGpA8F5n87WRWlq4aUHZvLyz8nEA3nPwDu-x_bTQtrPK6JYyxyQ3Eff0aHmlTbisO3WTobQ=k-no"",""https://lh3.googleusercontent.com/grass-cs/ANxoTn1EclJVv9k_QkPLegtKzbBql36pShhew8hp4YlKTytcBu_Tj5he3Wb0HJSMtybjZKtp2HpFlluUrH0MsRmFWMLPeo1xK7teFsBiJ03_B52_4oCozn_Q1NwCIwNWrckCNMuebH8=k-no"",""https://lh3.googleusercontent.com/grass-cs/ANxoTn3-dM6t-i-UtFdFnO7-7MIgV7qEFXUjDgJKZsg60BK0vtYVAPrc5o2XJkKLT9789nCdC_nTtD_yKaiOGHBzcJ-NGxiZluCMg5bRaiz6-kqnnkxj3ioIh0MBOicN8AFXkAVKA2Jzug=k-no"",""https://lh3.googleusercontent.com/grass-cs/ANxoTn3kk24miyfWyyIJ0UMgW3fnqdAiEgtjEKjOUWWGhZr_1duerLT-EE-6I1T_ouIPWwF4QidNJgR9TYl8h3rp03oak5zTI3DbmY5iNJA-PgHkYGanexMhWbjODpAibHgf7rU4KVI=k-no""],""When"":""2024-1-17""},{""Name"":""thuy hoang"",""ProfilePicture"":""https://lh3.googleusercontent.com/a-/ALV-UjXVr7jsO2St0VwdHrB9fiDvHOmQuhxjGvyBUtaID9hh_WbyteU=s120-c-rp-mo-br100"",""Rating"":5,""Description"":""Rất sạch sẽ cả nhà ạ. Ông bà chủ thì thân thiện nhiệt tình. Phòng thoáng, có cửa sổ quay ra đường luôn. Tuy là phòng vs chung nhưng cũng sát cạnh cửa và đc bà chủ dọn dẹp thường xuyên nên lúc nào cũng sạch sẽ khô ráo. Giá cả hợp lý. Thích nhất cách tính giờ nhận và trả phòng là đủ 24h chứ k phải như đa số nhà nghỉ ks là phải trả phòng trước 12h đâu nhé. Nói chung là mình đánh giá thấy rất ok so với giá nhé mn"",""Images"":null,""When"":""""},{""Name"":""Tuân Trần"",""ProfilePicture"":""https://lh3.googleusercontent.com/a/ACg8ocIis5eAubGrxrpA1eDeqLdOPuEtw-aIx_KHmwguekWB0Z_iGw=s120-c-rp-mo-ba12-br100"",""Rating"":5,""Description"":""Nhà nghỉ chỉ băng qua đường là đến cổng bv Đại Học Y Dược Hà Nội rất tiện lưu trú khi khám chữa bệnh. Anh chị chủ nhà cởi mở vui vẻ. Với giá 300k mà có 2 giường đôi, điều hòa, tivi, nước nóng lạnh, tuy kh có tủ lạnh vẫn xứng đáng nhận 5 sao"",""Images"":null,""When"":""""},{""Name"":""Tran Khoa"",""ProfilePicture"":""https://lh3.googleusercontent.com/a/ACg8ocK8oTEK0SOpzs2Hk_hcmGDiwlcqpgqJBoycG_tQvjFhfYHpwA=s120-c-rp-mo-br100"",""Rating"":1,""Description"":""Mình và bạn có trải nghiệm cực kì tồi tệ ở đây\n- Đặt trước 1 tuần và chuyển khoản đặt cọc, liên tục gọi điện trong ngày check thì báo giữ phòng, mình đến lúc 11h45 tối.\n- Khi đến nơi báo hết phòng và dẫn sang nhà nghỉ kế cận (địa chỉ 228). Phòng cực kì tệ và không hề có trách nhiệm gì mà cứ bảo phải thông cảm trong khi tiền và tất cả mọi thứ đều đã nhận trước rôi\n- Sau đó giải thích là vì có 1 phòng trả nhưng lại ở tiếp 3 ngày vì lý do abc gì đó nên cho họ thuê tiếp mà không chừa phòng cho mình. Vấn đề là khách ở tiếp 3 ngày mà chủ lại bảo do báo bất ngờ và không hề nói gì với mình trước thì cực kì vô lý"",""Images"":null,""When"":""""},{""Name"":""Phong Hoang"",""ProfilePicture"":""https://lh3.googleusercontent.com/a/ACg8ocIvRUMIgVs-hufCakqkjdPcqaWbHWr3JTLzoad1MZfUytKeJg=s120-c-rp-mo-br100"",""Rating"":4,""Description"":""Phòng khá là ok sạch sẽ thoáng mát giá cả rẻ . Chủ nhà nhẹ nhàng nhiệt tình.sẽ qua ủng hộ lần sau"",""Images"":null,""When"":""""},{""Name"":""Dat Nguyen"",""ProfilePicture"":""https://lh3.googleusercontent.com/a-/ALV-UjXTcF7-bdJZsbAP26GMnmP6-PgmwwwG-cYe4Mrl7a8irA-m6Kc=s120-c-rp-mo-br100"",""Rating"":1,""Description"":""Mọi người tránh xa nhà nghỉ Hồng Nhung đối diện bảo tàng lăng Bác nhé. 500k 1đêm mà nó bẩn như ổ chuột, điều hòa mụ chủ cầm điều khiển tí lại tắt. Nước tắm thì dùng xô vỡ cho lợn ăn và gáo vỡ, vòi hoa sen không chạy được.... Chăn gối hôi vàng bẩn thỉu... Vào đã đòi thu tiền, sáng ra đã bắt rọn"",""Images"":null,""When"":""""},{""Name"":""Ngoan Trần"",""ProfilePicture"":""https://lh3.googleusercontent.com/a/ACg8ocKKqao36_4f6zQCqmvX2cE96bO9fuzYRneNJ5Xd_Q8yzrx5kQ=s120-c-rp-mo-br100"",""Rating"":1,""Description"":""Phòng không có nhà vệ sinh khép kín! Hết phòng thì dẫn sang nhà bên cạnh! Phòng rất nhỏ và tệ"",""Images"":null,""When"":""""},{""Name"":""Ngọc Vũ Minh"",""ProfilePicture"":""https://lh3.googleusercontent.com/a-/ALV-UjUL2Mu9HUxyUfRyfby3W1H_ZhtuQ6tLyiJamPIcwq_uAxb5B_XC=s120-c-rp-mo-br100"",""Rating"":5,""Description"":""Chú chủ nhà nhiệt tình, phòng sạch sẽ và giá tốt. Sẽ ủng hộ ở những lần sau"",""Images"":null,""When"":""""},{""Name"":""Nguyễn Rồng"",""ProfilePicture"":""https://lh3.googleusercontent.com/a-/ALV-UjU7h31VxrvpOjN41Vd_MYGHhfreE3IhRXXK-9Gn1SnMpjw3iQTl=s120-c-rp-mo-br100"",""Rating"":1,""Description"":""Nhà nghỉ j mà 2 phòng chung 1 nhà vệ sinh"",""Images"":null,""When"":""""},{""Name"":""Truong Vu"",""ProfilePicture"":""https://lh3.googleusercontent.com/a/ACg8ocJsfaYvcmdoFJUKEHcIXh03-6IiR2nJiNBsI_xtpwANX3hPuw=s120-c-rp-mo-br100"",""Rating"":5,""Description"":""nhà nghỉ sạch sẽ, chủ nhiệt tình. đối điện bệnh viện đại học y hà nội nên rất tiện cho việc nghỉ ngơi chờ kết quả."",""Images"":null,""When"":""""},{""Name"":""HẢI PHẠM HỒNG"",""ProfilePicture"":""https://lh3.googleusercontent.com/a-/ALV-UjUbdOLJM2joEHKwWK3GWCLSoK3Wqn2Jnw0CDDxtEgSaFqC0FW1m=s120-c-rp-mo-br100"",""Rating"":5,""Description"":""Giá ok, chủ chu đáo"",""Images"":null,""When"":""""},{""Name"":""Văn Thọ"",""ProfilePicture"":""https://lh3.googleusercontent.com/a-/ALV-UjVXrLToY8T5-3-8_1AvZpt1QdOjoPtQyv__711fZI8Tu4PDDGoqLg=s120-c-rp-mo-ba12-br100"",""Rating"":5,""Description"":""Giá cả hợp lý, phòng ổn, nhà vệ sinh sạch sẽ"",""Images"":null,""When"":""""},{""Name"":""Duy Thạch Ngọc Anh"",""ProfilePicture"":""https://lh3.googleusercontent.com/a/ACg8ocIKeJMpbwfiVdMDCyPBsnj_9QUpxcFdF6yVHplK_3UQ-54XmQ=s120-c-rp-mo-br100"",""Rating"":4,""Description"":""Ở 1  tháng giá sao ạ ? Mong muốn 6tr"",""Images"":null,""When"":""""},{""Name"":""Phạm Ngọc Thư"",""ProfilePicture"":""https://lh3.googleusercontent.com/a-/ALV-UjWKD_IVM4GmsEoUAUy7_4eCqgw1U_AGQSHiRzdA7oFrwNsnDqfI=s120-c-rp-mo-br100"",""Rating"":5,""Description"":""Nhà nghỉ sạch sẽ. Chủ nhà hiền lành. An ninh tốt."",""Images"":null,""When"":""""},{""Name"":""Hoa Phạm"",""ProfilePicture"":""https://lh3.googleusercontent.com/a/ACg8ocLd1MGpvtIjwfpwkxOB8OU7LUFmzA4aL8MgLmVwVXTW8LQ4OA=s120-c-rp-mo-br100"",""Rating"":5,""Description"":""Nhà nghỉ sạch,rẻ,đẹp. Chủ nhà thật thà, nhiệt tình"",""Images"":null,""When"":""""},{""Name"":""Linh Phạm"",""ProfilePicture"":""https://lh3.googleusercontent.com/a/ACg8ocJ0StfpjbCaWoY8FrqWn3tOrK7gajZkyMDk_hdtQmFCKtNDEg=s120-c-rp-mo-br100"",""Rating"":5,""Description"":""Chủ nhà tốt tính, nvs ok, sạch sẽ."",""Images"":null,""When"":""""},{""Name"":""Bảo Kim và những người bạn"",""ProfilePicture"":""https://lh3.googleusercontent.com/a/ACg8ocJlAN-xjBqpb0I3LrXdTUTaR7WwkidNT13wAcRtWh94MKAvCA=s120-c-rp-mo-br100"",""Rating"":5,""Description"":"""",""Images"":null,""When"":""""},{""Name"":""Hưng Vũ"",""ProfilePicture"":""https://lh3.googleusercontent.com/a-/ALV-UjWKWamv5Nc77yUEfl05omTDmqfFaC8yuxB5pRYz0eA_P9TlOajg=s120-c-rp-mo-br100"",""Rating"":5,""Description"":"""",""Images"":null,""When"":""""},{""Name"":""Thuyết Trần Văn"",""ProfilePicture"":""https://lh3.googleusercontent.com/a/ACg8ocKoDBkKlVVou0qRVo5zS62kl8QXAAB4LrOBmMTSzOtzW8WP9w=s120-c-rp-mo-br100"",""Rating"":5,""Description"":"""",""Images"":null,""When"":""""},{""Name"":""Duy"",""ProfilePicture"":""https://lh3.googleusercontent.com/a/ACg8ocIiDfhSwNEvnvwdrBt0oCBly4RHjaWXX4JOdLSKs4Q3BJp54g=s120-c-rp-mo-br100"",""Rating"":4,""Description"":"""",""Images"":null,""When"":""""},{""Name"":""Trần Duy Hiệp"",""ProfilePicture"":""https://lh3.googleusercontent.com/a-/ALV-UjVgdlewFWGDvsr3adgNP74TwoE42MD_74pXXDD2k7wytmFoqxlo=s120-c-rp-mo-ba12-br100"",""Rating"":4,""Description"":"""",""Images"":[""https://lh3.googleusercontent.com/grass-cs/ANxoTn0SP8SLUdqdtZFPuNeom57CaGhjNECSoEqD_pwUg1_XZulN0UFe-MA4BT4UYrP_pquAV7wwjtBt_0QXjmkFqwsq3fO27fE8SUxgxjFHPwnbp1igs6GvcgCFF6u3WmFNM96cCwt3=k-no""],""When"":""2022-5-7""},{""Name"":""289 PC"",""ProfilePicture"":""https://lh3.googleusercontent.com/a-/ALV-UjXQpNs8Rk7iq9i4TjQXzOaIIKYNdW2xPC8Go_M8gYqUNavZDg4f=s120-c-rp-mo-ba12-br100"",""Rating"":2,""Description"":"""",""Images"":null,""When"":""""},{""Name"":""Thuyên Nguyễn"",""ProfilePicture"":""https://lh3.googleusercontent.com/a-/ALV-UjVF-sqt7Opo_W7YXRoWFpCtQ8KS0615JyGMRB0UU8daSCYBXVcH=s120-c-rp-mo-ba12-br100"",""Rating"":2,""Description"":""Phòng khá đắt"",""Images"":null,""When"":""""},{""Name"":""Quang Tran"",""ProfilePicture"":""https://lh3.googleusercontent.com/a/ACg8ocL2ie2FrxQzp9b0_MEkWqRTyylGLlc6QhIFE5eTnAmocIy81w=s120-c-rp-mo-ba12-br100"",""Rating"":1,""Description"":"""",""Images"":null,""When"":""""},{""Name"":""Thai Nguyen"",""ProfilePicture"":""https://lh3.googleusercontent.com/a-/ALV-UjVhE5scpTIZm0PnRyZ83TJ0ogbokUagzsgLENn7ZRv5Tb0dkeLQ=s120-c-rp-mo-ba12-br100"",""Rating"":1,""Description"":"""",""Images"":null,""When"":""""},{""Name"":""Huy Bui"",""ProfilePicture"":""https://lh3.googleusercontent.com/a-/ALV-UjUQGXz7bZNHJaQH9fomWI-xRuTVeleU-QZX98oiRS4S5wujrroB=s120-c-rp-mo-br100"",""Rating"":5,""Description"":"""",""Images"":null,""When"":""""},{""Name"":""NGỌC LONG"",""ProfilePicture"":""https://lh3.googleusercontent.com/a-/ALV-UjXZWD8oaqxPonLvEU1FiKV6UIbsk1TZLXsihqsdPik8d_6D1mKA=s120-c-rp-mo-ba12-br100"",""Rating"":5,""Description"":"""",""Images"":null,""When"":""""},{""Name"":""Thanh Bui"",""ProfilePicture"":""https://lh3.googleusercontent.com/a/ACg8ocLcSpgrOsfkIys7pZmAxNpvY0iCcSmVYlqF113Xg50FtHucag=s120-c-rp-mo-br100"",""Rating"":1,""Description"":"""",""Images"":[""https://lh3.googleusercontent.com/grass-cs/ANxoTn366djdnV_CqyTxEfISFGawFO54s1wx-ey_m1kw5BZCkTjQ4koqMP3YhkJmXEqtItwAndsB0OADx5Pzh43_UjFCtUiiRiXQC2SmIpS4squcD5VbysaSebiZkdgEFWL0KGl6iDuWWQ=k-no""],""When"":""2022-4-6""}]"
Nhà Nghỉ Phước Thịnh,Nhà nghỉ trượt tuyết,1,5.000000,"{""1"":0,""2"":0,""3"":0,""4"":0,""5"":1}",0.000000,0.000000,"[{""Name"":""Hải Đức"",""ProfilePicture"":""https://lh3.googleusercontent.com/a-/ALV-UjWN-U7cEu5JGcb0cwEbJlFkhDHC1G9bRtOiLwqi8wIgnbBaXwA1=s120-c-rp-mo-br100"",""Rating"":5,""Description"":""Cho xin thêm số điện thoại đi ad ơi, luôn và ngay nhé"",""Images"":null,""When"":""""}]","[{""Name"":""Hải Đức"",""ProfilePicture"":""https://lh3.googleusercontent.com/a-/ALV-UjWN-U7cEu5JGcb0cwEbJlFkhDHC1G9bRtOiLwqi8wIgnbBaXwA1=s120-c-rp-mo-br100"",""Rating"":5,""Description"":""Cho xin thêm số điện thoại đi ad ơi, luôn và ngay nhé"",""Images"":null,""When"":""""}]"
Nhà nghỉ Ngọc Hương,Nhà trọ,0,0.000000,"{""1"":0,""2"":0,""3"":0,""4"":0,""5"":0}",0.000000,0.000000,[],null
