"domain","title","category"
"hospital","Trung Tâm Y Tế Quận Hà Đông","Trung tâm y tế"
"hospital","Trung tâm Y tế quận Hai Bà Trưng","Trung tâm y tế"
"hospital","Trung Tâm Y Tế Quận Hoàn Kiếm","Trung tâm y tế"
"hospital","Bệnh Viện Đa Khoa Hồ Tràm","Trung tâm y tế"
"hospital","Trung Tâm Y Tế Quận Long Biên","Trung tâm y tế"
"hospital","Trung Tâm Y Tế Khu Vực Tân Uyên","Bệnh viện"
"hospital","Trung Tâm Y Tế Quận Hai Bà ...","Bệnh viện"
"hospital","Trung Tâm Y Tế Hoàng Mai","Trung tâm y tế"
"hospital","Phòng Khám Đa Khoa Trung Tâm Y Tế Dự Phòng","Phòng khám"
"hospital","Trung Tâm Y Tế Quận Đống Đa","Bệnh viện"
"hospital","Trung tâm Y tế Hàng không","Phòng khám"
"hospital","Trung tâm Y tế khu vực Bến Cát","Trung tâm y tế"
"hospital","Trung Tâm Y Tế Huyện Thanh Trì","Trung tâm y tế"
"hospital","Trung Tâm Y Tế Hà Đông - Phòng Khám Đa Khoa","Bệnh viện"
"hospital","Trung tâm Y tế Nam Từ Liêm - Phòng khám đa khoa Cầu Diễn","Trung tâm y tế"
"hospital","Trung tâm Y tế huyện Ân Thi","Trung tâm y tế"
"hospital","Trung tâm y tế quận Tân Phú","Trung tâm y tế"
"hospital","Trung tâm Y tế khu vực Bàu Bàng","Trung tâm y tế"
"hospital","Trung tâm Y tế Quận 6","Trung tâm y tế"
"hospital","Trung Tâm Y Tế Phường Khương Đình","Trung tâm y tế"
"hospital","Trạm y tế xã Quốc Oai","Trung tâm y tế"
"hospital","Trung Tâm Y Tế Dự Phòng Hà Nội","Dịch vụ y tế địa phương"
"hospital","Trung tâm Y tế khu vực Dĩ An","Trung tâm y tế"
"hospital","Trạm Y Tế Xã Cẩm Đông","Bệnh viện"
"hospital","Trung tâm Y tế Khu vực Liên Chiểu","Bệnh viện"
"hospital","Trạm Y Tế Phường Yên Hòa","Trung tâm y tế"
"hospital","Trung Tâm Y Tế Hoàng Mai","Bệnh viện"
"hospital","Trung tâm Y tế Huyện Lương Tài","Bệnh viện đa khoa"
"hospital","Phòng khám Đa khoa Tâm Anh Cầu Giấy","Phòng khám"
"hospital","Trung tâm Y tế khu vực Cái Răng","Trung tâm y tế"
"hospital","Phòng khám Đa khoa - Trạm Y tế phường Bình Lợi Trung","Trung tâm y tế"
"hospital","Bệnh Viện Đa Khoa Quế Võ","Bệnh viện đa khoa"
"hospital","BỆNH VIỆN THÚ Y KKC","Phòng khám miễn phí"
"hospital","Bệnh viện Đa khoa Thiện Nhân - Quế Võ","Bệnh viện"
"hospital","Bệnh viện Thị Trấn Ngụ","Bệnh viện"
"hospital","Bệnh viện Đa khoa Hoàn Mỹ 3","Bệnh viện"
"hospital","Bệnh Viện Đa Khoa Huyện Lương Tài","Bệnh viện"
"hospital","Bệnh viện đa khoa Bắc Ninh số 2","Bệnh viện đa khoa"
"hospital","Bệnh Viện Đa Khoa Huyện Gia Bình","Bệnh viện"
"hospital","CTCP Bệnh Viện Quốc Tế Nhân Đức","Bệnh viện"
"hospital","Bệnh viện Sản - Nhi Bắc Ninh số 2","Bệnh viện chuyên khoa"
"hospital","Bệnh viện đa khoa Ngã Tư Hồ","Bệnh viện"
"hospital","Bệnh Viện Đa Khoa Thị Xã Thuận Thành","Bệnh viện"
"hospital","Bệnh viện Mắt Tỉnh Bắc Ninh","Bệnh viện"
"hospital","Bệnh viện đa khoa Kinh Bắc 2","Bệnh viện"
"hospital","CTCP BỆNH VIỆN QUỐC TẾ HOÀN MỸ CS2 - THUẬN THÀNH","Phòng khám"
"hospital","Bệnh Viện Đa Khoa Văn Giang","Bệnh viện"
"hospital","Bệnh viện E","Bệnh viện đa khoa"
"hospital","Bệnh Viện Quân Y 110 - Bắc Ninh","Bệnh viện quân đội"
"hospital","Bệnh viện Việt Đức","Bệnh viện"
"hospital","Bệnh viện Tâm thần Bắc Ninh","Bệnh viện tâm thần"
"hospital","CTCP BỆNH VIỆN QUỐC TẾ HOÀN MỸ","Phòng khám"
"hospital","Bệnh viện K","Trung tâm điều trị ung thư"
"hospital","Bệnh viện Đa khoa Vinmec Ocean Park 2","Bệnh viện"
"hospital","Bệnh Viện Việt Pháp Hà Nội","Bệnh viện"
"hospital","Bệnh Viện Đa Khoa Thường Tín","Bệnh viện đa khoa"
"hospital","Bệnh viện Đa khoa Yên Phong","Bệnh viện"
"hospital","Chuyên khoa Sức khỏe tổng quát - Bệnh viện Đa khoa Quốc tế Vinmec Ocean Park 2","Bệnh viện"
"hospital","BỆNH VIỆN MẮT HẢI HƯNG","Bệnh viện"
"hospital","Bệnh Viện Điều Dưỡng Phục Hồi Chức Năng","Bệnh viện"
"hospital","Bệnh viện Hữu Nghị Việt Xô","Bệnh viện đa khoa"
"hospital","Bệnh viện mắt Việt - Hà Nội","Bệnh viện"
"hospital","Trung tâm Y tế Khoái Châu","Trung tâm y tế"
"hospital","Cổng số 3 - Bệnh Viện Đa Khoa Tỉnh","Bệnh viện"
"hospital","Trạm Y tế xã Song Giang","Bệnh viện"
"hospital","Bệnh viện Việt Nhật - PKĐK Yên Phong","Bệnh viện"
"hospital","Viện Giảm Béo - Điêu khắc Body số 1 bắc ninh","Spa sức khỏe"
"hospital","TT Ung bướu - Bệnh viện Bắc Ninh","Bệnh viện"
"hospital","Bệnh viện K cơ sở 3 (Tân Triều)","Trung tâm điều trị ung thư"
"hospital","Bệnh viện chuyên khoa mắt Alina","Bệnh viện tư nhân"
"hospital","Thẩm Mỹ Viện Quyên Phạm","Thẩm mỹ viện"
"hospital","Viện Kiểm Sát Nhân Dân Huyện Lương Tài","Văn phòng công tố viên"
"hospital","Nhất liệu y viện kết hợp với làm móng","Tiệm chăm sóc móng"
"hospital","Khoa Phẫu thuật Nhi - Bệnh viện Việt Đức","Khoa của bệnh viện"
"hospital","Bệnh Viện Thú Y PETLUXURY VET HOSPITAL","Bệnh viện thú y"
"hospital","Trung Tâm Nam Học - Bệnh Viện Hữu Nghị Việt Đức","Bệnh viện"
"hospital","Thẩm mỹ viện Khúc Thảo","Thẩm mỹ viện"
"hospital","Viện Kiểm Sát Huyện Khoái Châu","Văn phòng công tố viên"
"hospital","Bệnh viện K cơ sở 1 (Quán sứ)","Bệnh viện"
"hospital","Bệnh viện thú y sunpet","Dịch vụ cấp cứu thú y"
"hospital","Viện Tóc K&T","Chuyên gia làm đẹp"
"hospital","Bệnh Viện Thú Y Cvet Chức Nhung - Phố Chợ Tía . Thường Tín","Bệnh viện thú y"
"hospital","Thẩm mỹ viện Huyền Tây","Thẩm mỹ viện"
"hospital","Thẩm mỹ viện Simi - CN Bắc Ninh","Thẩm mỹ viện"
"hospital","Mỹ Viện Cẩm Nhàn","Thẩm mỹ viện"
"hospital","Chuyên khoa Cơ xương khớp Chấn thương chỉnh hình - Bệnh viện Đa khoa Quốc tế Vinmec Ocean Park 2","Bệnh viện"
"hospital","Viện Kiểm Sát Thị Xã Quế Võ","Văn phòng công tố viên"
"hospital","Thẩm Mỹ Viện Tuấn Hường","Thẩm mỹ viện"
"hospital","Nhà Thuốc Bệnh Viện","Hiệu thuốc"
"hospital","Thẩm mỹ viện yuki","Thẩm mỹ viện"
"hospital","Bệnh viện thú y Nguyệt Phát","Bệnh viện thú y"
"hospital","Thẩm Mỹ Viện Xuân Hương","Thẩm mỹ viện"
"hospital","Thẩm Mĩ Viện Hải Lý","Thẩm mỹ viện"
"hospital","Bệnh Viện Thú Y HomePet Bắc Ninh","Bệnh viện thú y"
"hospital","Viện thẩm mỹ dưỡng sinh","Thẩm mỹ viện"
"hospital","Thẫm Mỹ Viện KOREA","Thẩm mỹ viện"
"hospital","Thẩm Mỹ Viện Hà Anh","Spa mặt"
"hospital","Viện Kiểm Sát Khu Vực 9","Văn phòng công tố viên"
"hospital","Bệnh viện Việt Nam - Thụy Điển Uông Bí","Bệnh viện đa khoa"
"hospital","THẨM MỸ VIỆN THU CÚC","Thẩm mỹ viện"
"hospital","Phòng khám Nhi Bác sĩ viện Nhi","Phòng khám chuyên khoa"
"hospital","Chuyên khoa Sản - Bệnh viện ĐKQT Vinmec Ocean Park 2","Bệnh viện phụ sản"
"hospital","Nhất Liệu Y Viện 126","Vật lý trị liệu"
"hospital","Bệnh viện K cơ sở 2 (Tam Hiệp)","Trung tâm điều trị ung thư"
"hospital","Bệnh viện Xã Đại Lai","Bệnh viện"
"hospital","Bệnh Viện Đa Khoa Phúc Lâm","Bệnh viện chuyên khoa"
"hospital","Bệnh Viện Đa Khoa An Việt","Bệnh viện"
"hospital","Bệnh viện chuyên khoa tỉnh Bắc Ninh","Bệnh viện chuyên khoa"
"hospital","Trung Tâm Y Tế Quận Lê Chân","Trung tâm y tế"
"hospital","Dịch Vụ Y Tế","Bệnh viện đa khoa"
"hospital","Hỗ trợ bệnh viện tâm thần hải phòng","Phòng khám"
"hospital","Trung tâm Y tế An Dương","Trung tâm y tế"
"hospital","Trung tâm Y tế Kiến Thuỵ","Trung tâm y tế"
"hospital","Trung Tâm Y Tế Hòa Khánh Nam","Trung tâm y tế"
"hospital","Trung Tâm Y Tế Huyện Hoà Vang","Bệnh viện đa khoa"
"hospital","Trung tâm Y tế quận Cẩm Lệ","Trung tâm y tế"
"hospital","Trung tâm Y tế quận Thanh Khê","Bệnh viện"
"hospital","Bệnh Viện Tâm Thần Trung Ương 1","Bệnh viện tâm thần"
"hospital","Trung tâm Y tế Quế Võ","Bệnh viện"
"hospital","Trung Tâm Y Tế Huyện Tiên Du","Trung tâm y tế"
"hospital","Trung tâm Y tế thành phố Bắc Ninh","Trung tâm y tế"
"hospital","Trung tâm y tế Thị xã Việt Yên","Trung tâm y tế"
"hospital","Trung tâm y tế TP. Từ Sơn","Trung tâm y tế"
"hospital","Trung tâm Y Tế dự phòng huyện Yên Phong","Trung tâm y tế"
"hospital","Trung tâm Y tế huyện Hiệp Hòa","Bệnh viện chính phủ"
"hospital","Phòng Khám đa khoa Trung Giã","Trung tâm y tế"
"hospital","Đơn vị Khám và Điều trị 24h của Khoa Điều trị Tự nguyện - Bệnh viện Nhi Trung Ương","Bệnh viện nhi"
"hospital","Trung Tâm Y Tế Dự Phòng","Bệnh viện"
"hospital","Phòng khám Đa khoa Tâm An","Bệnh viện"
"hospital","Bệnh Viện - Trung Tâm Y Tế Huyện","Bệnh viện"
"hospital","Phòng Khám Đa Khoa Tâm Việt","Bệnh viện"
"hospital","Trung tâm Y tế huyện Lạc Thủy","Trung tâm y tế"
"hospital","Bệnh Viện Tâm Thần Hà Nội","Bệnh viện tâm thần"
"hospital","Trung Tâm Y Tế huyện Đà Bắc","Trung tâm y tế"
"hospital","Trụ sở chính- Trạm y tế Phường Linh Xuân","Trung tâm y tế"
"hospital","Trung tâm Y tế quận 10","Bệnh viện đa khoa"
"hospital","Trung Tâm Y Tế Quận 1 Trạm Y Tế","Trung tâm y tế"
"hospital","Trung tâm Y tế TP. Thủ Đức","Trung tâm y tế"
"hospital","Trung tâm Y tế Quận 8","Trung tâm y tế"
"hospital","Trung Tâm Y Tế Quận 1","Trung tâm y tế"
"hospital","Trung Tâm Y Tế Quận 4","Bệnh viện"
"hospital","Trạm Y Tế Phường Bình Thọ Thành phố Thủ Đức","Trung tâm y tế"
"hospital","Trung Tâm Y Tế Quận 10","Trung tâm y tế công cộng"
"hospital","Trạm y tế phường Bình Thắng","Trung tâm y tế"
"hospital","Phòng Khám Thiên Tâm","Bệnh viện"
"hospital","Trung tâm Y tế quận Tân Bình","Trung tâm y tế công cộng"
"hospital","Bệnh viện Tai Mũi Họng","Trung tâm y tế"
"hospital","Bệnh viện Tâm thần Trung ương 2","Bệnh viện tâm thần"
"hospital","Trạm Y tế xã Nhà Bè","Trung tâm y tế"
"hospital","BỆNH VIỆN ĐA KHOA TÂM TRÍ SÀI GÒN","Bệnh viện đa khoa"
"hospital","Bệnh Viện Đa Khoa Tân Bình","Bệnh viện"
"hospital","Trạm Y Tế Xã Phong Phú Huyện Bình Chánh","Bệnh viện"
"hospital","Trung Tâm Y Tế Huyện Trảng Bom","Bệnh viện"
"hospital","Trạm y tế phường Tân Mỹ","Trung tâm y tế"
"hospital","Phòng Khám Đa Khoa Bình An","Bệnh viện"
"hospital","Bệnh Viện Thú Y","Bệnh viện thú y"
"hospital","Trung Tâm Y Tế Huyện Bến Lức","Trung tâm y tế"
"hospital","Trạm Y Tế Phường Tân Định","Trung tâm y tế"
"hospital","Trạm Y Tế Phường Tân Phú","Bệnh viện đa khoa"
"hospital","Trạm Y Tế Phường Bình Chiểu TP. Thủ Đức","Trung tâm y tế"
"hospital","Trạm Y Tế Phường Tân Bình","Trung tâm y tế"
"hospital","Trung tâm Sức khỏe Doanh nghiệp - Đa Khoa Quốc Tế Sài Gòn","Bệnh viện"
"hospital","Trung Tâm Bảo Vệ Sức Khỏe Bà Mẹ, Trẻ Em - Kế Hoạch Hoá Gia Đình","Bệnh viện đa khoa"
"hospital","Bệnh Viện Thú Y Trường Đại Học Nông Lâm TP. HCM","Bệnh viện thú y"
"hospital","Bệnh viện Quân Dân Y Miền Đông","Bệnh viện quân đội"
"hospital","Trạm Y tế phường Thủ Dầu Một","Bệnh viện"
"hospital","Trung Tâm Y Tế Huyện Phú Giáo","Bệnh viện"
"hospital","Trung tâm Y tế TP.Long Xuyên","Trung tâm y tế"
"hospital","Bệnh Viện Y Học Cổ Truyền Cơ Sở 2","Bệnh viện"
"hospital","Bệnh viện Đa khoa Lê Văn Việt","Bệnh viện đa khoa"
"hospital","Bệnh viện Đa khoa Trung Mỹ Tây","Bệnh viện"
"hospital","Trạm Y tế Phường Bình Quới","Trung tâm y tế"
"hospital","Trạm Y tế xã Tân Nhựt","Trạm y tế tự phục vụ"
"hospital","Bệnh viện Thống Nhất","Bệnh viện đa khoa"
"hospital","Trạm y tế phường Thới An","Trung tâm y tế"
"hospital","Phòng khám chuyên khoa HIV/AIDS thuộc Trung tâm Kiểm soát bệnh tật tỉnh Đồng Nai","Bệnh viện chuyên khoa"
"hospital","Trạm Y Tế Phường 16 Quận Gò Vấp","Trung tâm y tế"
"hospital","Trung tâm Y tế Trảng Bàng","Trung tâm y tế"
"hospital","Shing Mark Hospital","Bệnh viện"
"hospital","Trung tâm Pháp y Tâm thần Khu vực TP. Hồ Chí Minh","Bệnh viện chuyên khoa"
"hospital","Trung Tâm Y Tế Dự Phòng Quận 5 - Cs 2","Trung tâm y tế"
"hospital","Trạm Y Tế Phường Hiệp Thành","Trung tâm y tế"
"hospital","Bệnh viện Đa khoa Tân Định","Bệnh viện"
"hospital","Trạm Y tế Phường Bình Hưng Hoà","Trung tâm y tế"
"hospital","Phòng Khám Đa Khoa Nhơn Tâm","Phòng khám"
"hospital","Bệnh Viện Đa Khoa Quốc Tế Nam Sài Gòn","Bệnh viện đa khoa"
"hospital","Bệnh viện Đa khoa Quốc tế Vinmec Central Park","Bệnh viện đa khoa"
"hospital","Phòng khám quốc tế Victoria Healthcare","Phòng khám"
"hospital","Bệnh viện Đa Khoa Thuận An","Bệnh viện"
"hospital","Bệnh viện Tân Định - Cơ sở 2","Bệnh viện"
"hospital","Bệnh viện Đại học Y Tân Tạo","Bệnh viện đại học"
"hospital","Bệnh viện Y Học Cổ Truyền TP.HCM","Bệnh viện"
"hospital","Trạm Y Tế Phường 6 Quận 8","Trung tâm y tế"
"hospital","Bệnh viện Hoàn Mỹ Đồng Nai","Bệnh viện tư nhân"
"hospital","Bệnh viện Lê Văn Thịnh","Bệnh viện đa khoa"
"hospital","Bệnh Viện Đa Khoa Hồng Ngọc","Bệnh viện đa khoa"
"hospital","Bệnh viện Quân Y 354","Bệnh viện quân đội"
"hospital","Bệnh Viện Đa Khoa Hòe Nhai","Bệnh viện đa khoa"
"hospital","Bệnh viện Quốc tế Thăng Long Lạc Việt","Bệnh viện đa khoa"
"hospital","TCI Hospital - Bệnh Viện Đa Khoa Quốc Tế Thu Cúc","Bệnh viện đa khoa"
"hospital","Bệnh viện Đa khoa Tràng An","Bệnh viện đa khoa"
"hospital","Bệnh viện Hữu Nghị Việt Nam - Cuba","Bệnh viện đa khoa"
"hospital","Bệnh viện Đa Khoa Xanh Pôn","Bệnh viện đa khoa"
"hospital","Bệnh viện Đa khoa Hồng Hà","Bệnh viện đa khoa"
"hospital","Bệnh Viện Đa khoa Hà Nội - Hanoi Hospital","Bệnh viện đa khoa"
"hospital","Bệnh viện Đại học Y Hà Nội","Bệnh viện đại học"
"hospital","Bệnh viện Đa khoa MEDLATEC","Bệnh viện đa khoa"
"hospital","Bệnh viện Đa khoa Hòe Nhai 2","Bệnh viện đa khoa"
"hospital","Bệnh viện Đa khoa Đức Giang","Bệnh viện đa khoa"
"hospital","Bệnh viện Đa khoa Quốc tế Vinmec Times City","Bệnh viện đa khoa"
"hospital","Trung Tâm Cấp Cứu Bệnh viện Đa khoa Xanh Pôn","Bệnh viện đa khoa"
"hospital","Phòng khám Đa khoa Bệnh viện Hà Thành","Bệnh viện đa khoa"
"hospital","Bệnh viện Thanh Nhàn","Bệnh viện đa khoa"
"hospital","Phòng Khám Đa Khoa Trần Duy Hưng","Bệnh viện đa khoa"
"hospital","Bệnh Viện Đa khoa Quốc Tế TIMES","Bệnh viện đa khoa"
"hospital","Bệnh Viện Đa Khoa Quốc Tế Bắc Hà","Bệnh viện đa khoa"
"hospital","Bệnh Viện Đa Khoa Quốc Tế Thiên Đức","Bệnh viện đa khoa"
"hospital","Bệnh viện Đa khoa Đan Phượng","Bệnh viện đa khoa"
"hospital","XƯƠNG KHỚP - CỘT SỐNG VIỆT XÔ","Bệnh viện đa khoa"
"hospital","Bệnh Viện Đa Khoa Tâm Anh","Bệnh viện đa khoa"
"hospital","Bệnh viện Đa khoa Nông Nghiệp","Bệnh viện đa khoa"
"hospital","Bệnh Viện Đa Khoa Nông Nghiệp 1","Bệnh viện đa khoa"
"hospital","Khoa Vi sinh BVĐK Đức Giang","Bệnh viện đa khoa"
"hospital","Bệnh viện Đa khoa Hồng Phúc","Bệnh viện đa khoa"
"hospital","Bệnh viện Đa khoa Phúc Yên","Bệnh viện đa khoa"
"hospital","Bệnh viện thú y TiuPet","Bệnh viện thú y"
"hospital","Bệnh viện Đa khoa Đông Anh","Bệnh viện đa khoa"
"hospital","Bệnh viện Đa khoa Gia Lâm","Bệnh viện đa khoa"
"hospital","Bệnh viện Bệnh Nhiệt đới Trung ương","Bệnh viện đa khoa"
"hospital","Bệnh Viện Đa Khoa Sơn Tây","Bệnh viện đa khoa"
"hospital","Trung Tâm Kiểm Soát Bệnh Tật Hà Nội","Dịch vụ y tế địa phương"
"hospital","Trung tâm y tế quận Cầu Giấy - Khu vực Yên Hòa","Phòng khám"
"hospital","Trạm y tế phường Giãng Võ","Trung tâm y tế"
"hospital","Trung Tâm Y Tế Ba Đình - Phòng Khám Bệnh Lao & Bệnh Phổi","Bệnh viện"
"hospital","Phòng y tế quận Cầu Giấy","Trung tâm y tế"
"hospital","Trung tâm y tế môi trường","Bệnh viện"
"hospital","Khoa Ngoại tổng hợp_Bệnh viện Bắc thăng long","Bệnh viện đa khoa"
"hospital","Trung Tâm Y Tế Dự Phòng Quận Hoàn Kiếm","Trung tâm y tế"
"hospital","Bệnh Viện Đa Khoa Hoài Đức","Bệnh viện đa khoa"
"hospital","Y Học Quốc Tế","Trung tâm y tế"
"hospital","Trung tâm Tế bào gốc - Bệnh viện Nhi Trung ương","Trung tâm y tế"
"hospital","Hội đồng Giám định Y khoa - Cục y tế giao thông vận tải","Trung tâm y tế"
"hospital","Phòng Khám Đa Khoa Y Học Quốc Tế","Dịch vụ y tế địa phương"
"hospital","Trung tâm bác sĩ gia đình Duy Anh","Trung tâm y tế"
"hospital","Trung tâm Dịch vụ Nam Y","Trung tâm y tế"
"hospital","Trung Tâm Y Tế Dự Phòng Quận ...","Dịch vụ y tế địa phương"
"hospital","Trung Tâm Y Tế Quân Dân Y","Bệnh viện"
"hospital","Viện Kinh tế và Công nghệ Y tế","Trung tâm y tế công cộng"
"hospital","Trạm Y Tế Phường Dịch Vọng","Trung tâm y tế"
"hospital","Phòng Y Tế Quận Đống Đa","Trung tâm y tế"
"hospital","Trung Tâm Y Tế Lao Động","Dịch vụ y tế địa phương"
"hospital","Trạm Y Tế Phường Láng Hạ 122 đường láng","Trung tâm y tế"
"hospital","Trạm Y Tế Phường Thụy Khuê","Trung tâm y tế"
"hospital","Trung Tâm Y Tế Hàng Hải","Bệnh viện"
"hospital","Trung Tâm Ứng Dụng Công Nghệ Thông Tin Y Tế","Cơ sở điều dưỡng"
"hospital","Trung tâm y tế","Trung tâm chăm sóc sức khỏe"
"hospital","Trung Tâm Y Tế Phường Hàng Gai","Bệnh viện"
"hospital","Dr Trang Pi","Trung tâm y tế cộng đồng"
"hospital","Trung tâm công nghệ Y-Sinh học, Phòng khám đa khoa","Trung tâm y tế"
"hospital","Phòng Khám Bác Sĩ Gia Đình - Trung Tâm Y Khoa Gia Đình Hà Nội","Bác sĩ đa khoa"
"hospital","VHN Care Tràng An Trung Tâm Tiêm Chủng","Trung tâm y tế"
"hospital","Trung tâm Quốc tế - Bệnh viện Nhi Trung ương","Khoa của bệnh viện"
"hospital","Trung Tâm Sức Khỏe & Tiêu Thụ Thực Phẩm Chức Năng Tâm Não Khang","Trung tâm y tế"
"hospital","Trạm Y Tế Phường Thành Công","Phòng khám"
"hospital","Trạm Y tế phường Ba Đình","Trung tâm y tế"
"hospital","Trung Tâm Y Tế Quận Hoàn Kiếm 36","Bệnh viện"
"hospital","Trạm y tế phường Quang Trung","Dịch vụ y tế địa phương"
"hospital","Điểm Y Tế Quán Thánh","Dịch vụ y tế địa phương"
"hospital","Med - Center Medical Clinic","Phòng khám miễn phí"
"hospital","Phòng Y Tế","Sở y tế công cộng"
"hospital","Trung tâm y tế phường Phan Chu Trinh","Trung tâm y tế"
"hospital","Trạm Y Tế Phường Trung Tự","Trung tâm y tế"
"hospital","Trạm y tế phường Trúc Bạch","Trung tâm y tế"
"hospital","Trạm Y Tế Phường Hàng Bạc","Trung tâm y tế"
"hospital","Công Ty TNHH Trang Thiết Bị Y Tế DND","Trung tâm y tế"
"hospital","Điểm Y tế Trần Hưng Đạo - Trạm Y tế phường Cửa Nam - TP Hà Nội","Trung tâm y tế"
"hospital","Trạm Y Tế Phường Thanh Xuân Trung","Trung tâm y tế"
"hospital","Bảo Hiểm Xã Hội Đống Đa","Trung tâm y tế"
"hospital","Trung Tâm Cấp Cứu 115 Hà Nội","Trung tâm y tế"
"hospital","Trạm Y Tế Phường Hàng Trống","Trung tâm y tế"
"hospital","Trung tâm y tế cơ quan công ty tnhh 1 tv MTDT Hà Nội","Phòng mạch y tế"
"hospital","Trạm y tế phường Ngọc Hà","Trạm sơ cứu"
"hospital","Trạm Y tế phường Ô Chợ Dừa","Trạm sơ cứu"
"hospital","Dong Da District Medical Center","Phòng khám"
"hospital","Trạm Y Tế Phường Thụy Khuê","Dịch vụ y tế địa phương"
"hospital","Trạm Y Tế Phường Thổ Quan","Trung tâm y tế công cộng"
"hospital","Trạm Y Tế Phường Hàng Bông","Trung tâm y tế"
"hospital","Trung Tâm Xương Khớp Thời Đại Xanh","Trung tâm y tế"
"hospital","Herblux Việt Nam","Trung tâm y tế"
"hospital","Thanh tra Bộ Y Tế","Sở y tế công cộng"
"hospital","Bệnh viện Phổi Trung ương","Bệnh viện chuyên khoa"
"hospital","Đông Phương Y Pháp - Trung Tâm Vật Lý Trị Liệu & Phục Hồi Chức Năng","Trung tâm y tế công cộng"
"hospital","Trung tâm y tế Bách Khoa","Trung tâm y tế"
"hospital","Cục Quản Lý Khám Chữa Bệnh Bộ Y Tế","Dịch vụ y tế địa phương"
"hospital","Trạm y tế phường Hàng Bột","Trạm sơ cứu"
"hospital","Center for Community Health and Injury Prevention","Trung tâm y tế cộng đồng"
"hospital","Phòng khám Đa khoa MEDLATEC Tây Hồ","Phòng khám"
"hospital","Trạm Y Tế phường Phúc Xá","Trung tâm y tế"
"hospital","Trạm Y Tế Phường Đội Cấn","Trạm sơ cứu"
"hospital","Trung tâm y tế phường Cổ Nhuế 1","Trung tâm y tế"
"hospital","Thẩm mỹ răng sứ Alisa Giảng Võ, Đống Đa, Hà Nội","Trung tâm y tế"
"hospital","Cty TNHH dược phẩm thiện nhân","Trung tâm y tế"
"hospital","Trạm Y Tế Phường Cát Linh","Trung tâm y tế"
"hospital","Bệnh viện Tim Hà Nội","Bệnh viện tim"
"hospital","Trung tâm Văn hóa - Thể thao phường Yên Phụ","Trung tâm cộng đồng"
"hospital","Bệnh viện Đa khoa Bảo Sơn 2","Bệnh viện"
"hospital","Cửa Hàng Thiết Bị Y Tế Trường Sơn","Dịch vụ y tế địa phương"
"hospital","Phòng Khám Mỹ Việt -","Phòng khám"
"hospital","Phòng khám Đa khoa Vietclinic","Chăm sóc sức khỏe"
"hospital","PHÒNG KHÁM HIẾU LÊ, Phòng Khám Sản Phụ Khoa chất lượng tốt nhất , Phòng khám hiếm muộn uy tín nhất Hà Nội","Phòng khám sức khỏe sinh sản"
"hospital","Phòng khám Tai Mũi Họng PGS Trần Anh (ENT Clinic)","Phòng khám tai mũi họng"
"hospital","Phòng khám Đa khoa Quốc tế Hamilton","Phòng khám"
"hospital","Phòng Khám Đa Khoa Y Học Quốc Tế Kim Mã","Phòng khám bệnh lây truyền qua đường tình dục"
"hospital","Phòng Khám Sản Phụ Khoa Hoàng Cầu - bác sĩ sản phụ khoa giỏi, uy tín tại Hà Nội","Phòng khám phụ khoa"
"hospital","Phòng khám đa khoa Vĩnh Hà","Bệnh viện"
"hospital","Phòng Khám Bệnh Đa Khoa","Bệnh viện"
"hospital","PHÒNG KHÁM SẢN PHỤ KHOA CHUYÊN NGHIỆP- 43 NGUYỄN KHANG CẦU GIẤY (PHÒNG KHÁM BÁC SĨ VĨ)","Trung tâm chăm sóc thai sản"
"hospital","Phòng Khám Minh Đức","Phòng khám"
"hospital","Phòng khám chuyên khoa Yên Hoà","Dịch vụ sức khỏe tâm thần"
"hospital","Phòng Khám Nhi - Bs Nguyễn Văn Thường","Phòng khám"
"hospital","Phòng khám Phụ Sản Vạn Vạn Phúc","Phòng khám"
"hospital","Phòng khám trĩ tốt ở Hà Nội","Phòng khám chuyên khoa"
"hospital","PHÒNG KHÁM DA LIỄU LAN PHẠM","Bác sĩ da liễu"
"hospital","Phòng Khám Tư Nhân Chuyên Khoa Phụ Sản","Phòng khám phụ khoa"
"hospital","Phòng khám tai mũi họng bác sỹ Nguyễn Ngọc Phấn, BsTMH Bv ĐHY Hà Nội","Bác sĩ chuyên khoa tai mũi họng"
"hospital","Phòng khám đông y Hồng Minh","Dịch vụ y tế địa phương"
"hospital","Phòng khám Đa khoa Cầu Giấy","Phòng khám"
"hospital","Phòng khám Đa Khoa 589","Phòng khám"
"hospital","Phòng khám chuyên khoa Sản phụ khoa 434 Đội Cấn","Phòng khám"
"hospital","Phòng Khám Phụ Sản An Bình","Bác sĩ khoa sản-Bác sĩ phụ khoa"
"hospital","Phòng Khám Chuyên Khoa Sản 32 Vạn Bảo","Phòng khám"
"hospital","Phòng Khám Đa Khoa Quận Tây Hồ","Phòng khám"
"hospital","Phòng khám đa khoa Thái Hà","Phòng khám"
"hospital","Phòng khám chuyên khoa Tai Mũi Họng Giáo sư Lê Minh Kỳ - Tiến sĩ Nguyễn Thị Tố Uyên","Phòng khám tai mũi họng"
"hospital","Phòng Khám Y Cao","Phòng khám"
"hospital","Phòng Khám Chuyên Khoa Da Liễu La Hues","Phòng khám chuyên khoa"
"hospital","Phòng Khám Sản Phụ Khoa Tâm Đức","Phòng khám phụ khoa"
"hospital","Phòng Khám Đa Khoa Quốc Tế Thanh Chân","Phòng khám"
"hospital","Phòng Khám Tai Mũi Họng - Bs Đoàn Trung Hiếu","Phòng khám"
"hospital","Pgs.Bs Nguyễn Quốc Tuấn - Phòng Khám Sản Phụ Khoa","Bác sĩ khoa sản-Bác sĩ phụ khoa"
"hospital","Phòng Khám Đa Khoa - Phòng Khám Nhi","Phòng khám"
"hospital","PHÒNG KHÁM ĐÔNG Y HOÀNG NAM","Phòng khám"
"hospital","Phòng khám chuyên khoa da liễu Maia&Maia Hoàng Cầu","Bác sĩ da liễu"
"hospital","Phòng Khám Đa Khoa Tư Nhân Niềm Tin","Bác sĩ chuyên khoa tai mũi họng"
"hospital","Phòng Khám An Thái","Phòng khám"
"hospital","Phòng khám nha khoa - Bác sĩ Nguyễn Hữu Duy","Phòng khám nha khoa"
"hospital","Phòng khám nội soi Tai Mũi Họng","Phòng khám tai mũi họng"
"hospital","Phòng Khám Tai Mũi Họng Nguyễn Công Hoan","Phòng khám"
"hospital","Phòng khám chuyên khoa CĐHA Việt Nhật","Phòng khám"
"hospital","Phòng Khám Chuyên Trĩ Bác Sĩ Nguyễn Hữu Thợi","Phòng khám"
"hospital","Quân Y Cơ Quan BS Phạm Minh Khoa","Phòng khám"
"hospital","Phòng khám Tai Mũi Họng Vạn Phúc - ENT clinic for Foreigners and Locals","Bác sĩ chuyên khoa tai mũi họng"
"hospital","Phòng Khám Sản Phụ Khoa Ý An - Bs Phương BV PSHN","Bác sĩ khoa sản-Bác sĩ phụ khoa"
"hospital","Phòng Khám An Phước","Phòng khám"
"hospital","Phòng Khám Chuyên Khoa Mắt 432","Bệnh viện"
"hospital","Phòng khám Nhi Bác sĩ Xoay","Bác sĩ khoa nhi"
"hospital","Phòng Khám Chuyên khoa Mắt Sơn Thủy","Trung tâm chăm sóc mắt"
"hospital","Phòng Khám Nội Khoa Đội Cấn","Phòng khám"
"hospital","Phòng khám Doctor4U","Dịch vụ y tế địa phương"
"hospital","Phòng khám chuyên khoa phụ sản Dr.Chường - siêu âm giỏi hiện đại chất lượng tại Hà Nội","Phòng khám"
"hospital","Phòng Khám An Thịnh","Phòng khám"
"hospital","Phòng khám Sản phụ khoa Bs Lê Duy Toàn","Phòng khám"
"hospital","Phòng khám Y học cổ truyền Tạ Phúc Gia","Phòng khám"
"hospital","Phòng Khám Đa Khoa Ba Đình","Phòng khám"
"hospital","Phòng Khám Đa Khoa Đức Minh","Phòng khám"
"hospital","Phòng khám chuyên khoa Tai Mũi Họng - PGS.TS Lê Công Định","Bác sĩ chuyên khoa tai mũi họng"
"hospital","Phòng Khám Tai Mũi Họng Hải Ly (ENT Clinic) in Ha Noi","Bác sĩ chuyên khoa tai mũi họng"
"hospital","Phòng khám Dr. Đính","Bác sĩ khoa sản-Bác sĩ phụ khoa"
"hospital","Phòng Khám Bệnh Đa Khoa","Phòng khám"
"hospital","Phòng khám Nhi 155 Đội Cấn","Phòng khám"
"hospital","Phòng Khám Chữa Bệnh An Thai","Trung tâm chăm sóc mắt"
"hospital","Phòng Khám Da Liễu Thành Công","Bác sĩ da liễu"
"hospital","Phòng khám chuyên khoa NHI PGS.TS.BS Đào Minh Tuấ","Phòng khám chuyên khoa"
"hospital","Phòng Khám Phụ sản Hoa Hồng","Bệnh viện phụ sản"
"hospital","Phòng khám đa khoa Ánh Dương","Phòng khám"
"hospital","Phòng Khám Tư Nhân 12 Tôn Thất Thiệp","Phòng khám"
"hospital","Phòng Khám Tư Nhân - Bác Sĩ Ðào Minh Tuấn","Bệnh viện"
"hospital","Phòng khám chữa bệnh trĩ","Phòng khám"
"hospital","Phòng Khám Chuyên Khoa Nhi","Phòng khám"
"hospital","Phòng Khám 12 - Chuyên Khoa Siêu Âm Sản Phụ Khoa","Bệnh viện"
"hospital","Phòng Khám Sản Phụ Khoa Cầu Giấy Hà Nội","Phòng khám phụ khoa"
"hospital","Phòng Khám Răng Hàm Mặt","Phòng khám miễn phí"
"hospital","Phòng Khám 56 - Khoa khám bệnh theo yêu cầu Bệnh viện Phụ sản Trung Ương","Phòng khám"
"hospital","Khanh Phuong Medical Clinic","Phòng khám miễn phí"
"hospital","Phòng Khám Tai Mũi Họng Thuỵ Khuê - BS Thu Hương","Phòng khám tai mũi họng"
"hospital","Phòng khám chuyên khoa Dinh dưỡng VIAM","Phòng khám chuyên khoa"
"hospital","Phòng Khám Hiếm Muộn Bs Mỹ Dung","Bệnh viện phụ sản"
"hospital","PHÒNG KHÁM ĐA KHOA CÁC CƠ QUAN ĐẢNG Ở TRUNG ƯƠNG","Phòng khám"
"hospital","Phòng khám trĩ PGS TS Thầy thuốc nhân dân Đỗ Ngọc Tấn","Bệnh viện"
"hospital","Phòng Khám Nhi Khoa - Bs Bùi Thị Yến","Phòng khám"
"hospital","Phòng khám Sản Phụ khoa Dr.Marie HN03","Phòng khám phụ khoa"
"hospital","Phòng khám Việt An","Phòng khám"
"hospital","Phòng Khám Nội Nhi Bs Lê Kim Phú","Phòng khám"
"hospital","PHÒNG KHÁM MẮT KỸ THUẬT CAO HÀ NỘI","Phòng khám"
"hospital","Bệnh viện Nhi Trung ương","Bệnh viện nhi"
"hospital","Trung tâm chăm sóc sức khỏe Á Đông","Bệnh viện"
"hospital","Khoa Khám Bệnh Đa Khoa Theo Yêu Cầu Bệnh Viện Phổi Trung Ương","Phòng khám"
"hospital","Phòng khám chữa bệnh trĩ ở Hà Nội - Bs. Phương Hồng Thái Hà","Phòng khám"
"hospital","Khoa Khám Bệnh - Bệnh Viện Phụ Sản Trung Ương","Bệnh viện"
"hospital","Trung Tâm Ngoại Tổng Hợp Bệnh Viện Nhi","Khoa của bệnh viện"
"hospital","Bệnh Viện Giao Thông Vận Tải","Bệnh viện"
"hospital","Trung Tâm Sơ Sinh","Bệnh viện nhi"
"hospital","Khoa Cấp Cứu & Chống Độc Bệnh Viện Nhi","Khoa của bệnh viện"
"hospital","Phòng khám chữa bệnh lậu ở Hà Nội - BS XU Hưng Thịnh","Bệnh viện chuyên khoa"
"hospital","Phòng Khám Đa Khoa An Sinh","Phòng khám"
"hospital","Chuyên Khoa Bệnh Xã Hội - Đại Tá BS CKII Nguyễn Văn Châu","Phòng khám tiết niệu"
"hospital","Phòng khám Tâm thần và Tâm lý y học - Bs Minh Tuấn","Phòng khám tâm thần"
"hospital","Phòng Khám Bệnh Trần Thị Độ","Phòng khám miễn phí"
"hospital","Phòng khám đa khoa uy tín Hưng Thịnh","Phòng khám tiết niệu"
"hospital","Bệnh Viện Đa Khoa Hồng Phát","Bệnh viện"
"hospital","Phòng Khám Bệnh Bs Nguyễn Nghi","Phòng khám"
"hospital","Địa chỉ khám và chữa bệnh lậu ở Hà Nội","Phòng khám"
"hospital","Bệnh Viện phụ sản Hà Nội","Bệnh viện chuyên khoa"
"hospital","Trung Tâm Tim Mạch","Bệnh viện"
"hospital","Phòng khám bệnh xã hội Hưng Thịnh","Phòng khám chuyên khoa"
"hospital","Viện Sức khỏe Tâm thần Quốc gia","Bệnh viện tâm thần"
"hospital","Phòng Khám Bệnh Xã Hội","Trung tâm y tế cộng đồng"
"hospital","Phòng Tiêm chủng Bệnh viện Nhi Trung ương","Dịch vụ y tế địa phương"
"hospital","Trung tâm Phục Hồi Chức Năng Itomedic","Bệnh viện"
"hospital","Khám bệnh xã hội chữa sùi mào gà, bệnh lậu giang mai ở Hà Nội","Phòng khám chuyên khoa"
"hospital","Phòng Khám Bệnh Đỗ Đức Hiển","Phòng khám"
"hospital","Thái An Đường","Phòng khám"
"hospital","Phòng khám dinh dưỡng","Phòng khám"
"hospital","Khoa Khám bệnh Bệnh viện Phổi Trung ương","Bệnh viện"
"hospital","Trung tâm kiểm soát cận thị - Phòng khám CK Mắt Dr Trần Tuấn","Trung tâm chăm sóc mắt"
"hospital","Phòng khám chuyên khoa Y Học cổ truyền An Triết","Phòng khám"
"hospital","Phòng Khám Bệnh Tư Nhân Thạc Sỹ Lương Quốc Ninh","Bệnh viện"
"hospital","Bệnh Viện Mắt Hà Nội 2","Bệnh viện"
"hospital","Bệnh viện Đa khoa Hà Thành","Bệnh viện tư nhân"
"hospital","Khoa khám bệnh Bệnh viện Việt Đức","Khoa của bệnh viện"
"hospital","Phòng Khám Đa Khoa Vietlife 14 Trần Bình Trọng","Bệnh viện"
"hospital","T-Matsuoka NURA Center","Phòng khám"
"hospital","Phòng Khám Đa Khoa Tomec","Bệnh viện"
"hospital","Phòng Khám Tư Nhân Chuyên Khoa Răng Hàm Mặt","Phòng khám"
"hospital","Nam Trung Đường Cầu Giấy","Phòng khám"
"hospital","Phòng Khám Bệnh BS Đào Lê Nam Trung","Phòng khám"
"hospital","Phòng Khám Chuyên Khoa Đông Y YHCT Vượng Y Đường - điều trị cơ xương khớp,đĩa đệm,tai biến uy tín hiệu quả tại Ba Đình","Bệnh viện"
"hospital","Trung tâm khám bệnh trong ngày - tòa K1 -Bệnh viện Bạch mai","Bệnh viện"
"hospital","Phòng Khám Bệnh Phạm Văn Quý","Phòng khám"
"hospital","Phòng Khám Bệnh Tư Nhân Lê Kim Phú","Phòng khám"
"hospital","Bệnh Viện Phụ Sản Trung Ương Phòng Khám","Bệnh viện"
"hospital","Phòng Khám Đa Khoa Hưng Thịnh Hà Nội","Phòng khám chuyên khoa"
"hospital","Bệnh Viện Đức Phúc","Bệnh viện"
"hospital","Phòng khám bệnh xã hội Kim Mã","Phòng khám"
"hospital","Phòng Khám Bệnh Răng Hàm Mặt","Phòng khám miễn phí"
"hospital","Phòng Khám Bệnh Tư Nhân - Bs Chuyên Khoa Cấp 2 Bùi Văn Khôi","Phòng khám"
"hospital","Khoa Truyền nhiễm - BVĐK Đống Đa","Bệnh viện"
"hospital","Phòng Khám Chuyên Khoa Răng Hàm Mặt","Phòng khám miễn phí"
"hospital","Phòng Khám Bác Sĩ Hồng Minh","Phòng khám miễn phí"
"hospital","Trạm y tế phường Giảng Võ","Dịch vụ y tế địa phương"
"hospital","Trạm Y Tế Phường Láng Thượng","Trạm sơ cứu"
"hospital","Trạm Y tế phường Ô Chợ Dừa","Dịch vụ y tế địa phương"
"hospital","Trạm Y Tế Phường Ngọc Khánh","Trung tâm y tế"
"hospital","Trạm Y Tế phường Trung Hòa","Trạm sơ cứu"
"hospital","Trạm Y Tế Phường Quan Hoa","Trạm sơ cứu"
"hospital","Trạm Y Tế phường Mễ Trì","Dịch vụ y tế địa phương"
"hospital","trạm y tế đoài phương","Dịch vụ y tế địa phương"
"hospital","Trạm Y tế VAST","Trung tâm y tế"
"hospital","Trạm Y tế phường Văn Miếu - Quốc Tử Giám","Trạm sơ cứu"
"hospital","Trạm Y Tế Phường Thượng Đình","Phòng khám"
"hospital","Trạm Y Tế Mễ Trì","Trạm sơ cứu"
"hospital","Trạm Y Tế Phường Điện Biên","Dịch vụ y tế địa phương"
"hospital","Trạm Y Tế Phường Hàng Bồ","Trạm sơ cứu"
"hospital","Trạm Y Tế Phường Láng Hạ","Trạm sơ cứu"
"hospital","Trạm y tế dịch vọng","Dịch vụ y tế địa phương"
"hospital","Trạm y tế phường Bưởi","Phòng khám"
"hospital","Trạm Y tế phường Mỹ Đình 1","Dịch vụ y tế địa phương"
"hospital","Trạm Y Tế Phường Kim Mã","Dịch vụ y tế địa phương"
"hospital","Trạm Y Tế Phường Liễu Giai","Trạm sơ cứu"
"hospital","Trạm Y tế ĐH Thủy Lợi","Trung tâm y tế"
"hospital","Trạm Y Tế Phường Cống Vị","Trạm sơ cứu"
"hospital","Trạm Y Tế Phường Xuân La","Phòng khám"
"hospital","Trạm Y Tế Phường Cát Linh","Trạm sơ cứu"
"hospital","Trạm Y Tế Phường Mai Dịch","Phòng khám"
"hospital","Trạm Y Tế Phường Trung Liệt","Phòng khám"
"hospital","Trạm Y tế phường Cầu Giấy","Dịch vụ y tế địa phương"
"hospital","Trạm Y Tế Phường Nghĩa Đô","Phòng khám"
"hospital","Trạm Y Tế Phường Văn Chương","Phòng khám"
"hospital","Trạm Y tế phường Thanh Xuân","Dịch vụ y tế địa phương"
"hospital","Trạm Y Tế Phường Thổ Quan","Trạm sơ cứu"
"hospital","Trạm Thú Y Ba Đình","Dịch vụ cấp cứu thú y"
"hospital","Trạm Y Tế Phường Dịch Vọng Hậu","Dịch vụ y tế địa phương"
"hospital","Trạm Y Tế Phường Dịch Vọng Hậu","Bệnh viện"
"hospital","Trạm Y Tế Phường Khương Mai","Trung tâm y tế"
"hospital","tyt việt yên","Trạm y tế tự phục vụ"
"hospital","Trạm Y Tế Phường Khương Thượng","Trung tâm y tế cộng đồng"
"hospital","Trạm Y Tế Phường Kim Liên","Dịch vụ y tế địa phương"
"hospital","Trạm Y Tế Phường Đồng Xuân","Trạm sơ cứu"
"hospital","Trạm y tế phường Đại Mỗ","Phòng khám"
"hospital","Điểm Y Tế Hàng Bài - Trạm y tế phường cửa nam","Trạm sơ cứu"
"hospital","Trạm Y Tế Phường Hàng Buồm","Dịch vụ y tế địa phương"
"hospital","Trạm Y Tế Yên Phụ","Trạm sơ cứu"
"hospital","Trạm Y Tế Phường Phương Liên - Trung Tự","Dịch vụ y tế địa phương"
"hospital","Trạm y tế phường Thịnh Quang","Trạm sơ cứu"
"hospital","Trạm Y tế phường Phú Đô","Dịch vụ y tế địa phương"
"hospital","Trạm Y Tế Phường Nghĩa Đô","Trạm sơ cứu"
"hospital","Trạm Y Tế Phường Nguyễn Du","Dịch vụ y tế địa phương"
"hospital","Trung tâm y tế thị xã Hương Trà","Bệnh viện"
"hospital","Trung Tâm Y Tế Thành Phố Huế","Bệnh viện"
"hospital","Bệnh viện Tâm thần Huế","Bệnh viện"
"hospital","PHÒNG KHÁM ĐA KHOA Y TẾ 24/7 TÂM ĐỨC","Phòng khám"
"hospital","Khoa Sức khỏe tâm trí - Bệnh Viện TW Huế","Khoa của bệnh viện"
"hospital","Trung Tâm Y Tế TP Huế @ Nhà Hộ Sinh Khu Vực I","Bệnh viện"
"hospital","Trung tâm y tế Thuận Hóa","Bệnh viện"
"hospital","Phòng Khám Đa Khoa Hà Nội","Bệnh viện"
"hospital","Cơ Sở Dịch Vụ Y Tế Tư Nhân Trung Cấp Y Lan Anh","Bệnh viện"
"hospital","Bệnh Viện Nội Tiết Trung Ương","Bệnh viện"
"hospital","Bệnh viện đa khoa Y học Cổ truyền Hà Nội","Bệnh viện chuyên khoa"
"hospital","Bệnh Viện Tai Mũi Họng Trung Ương","Bệnh viện"
"hospital","Bệnh viện lão khoa TW","Bác sĩ chuyên khoa thanh quản"
"hospital","Trung tâm y tế Quảng Yên","Trung tâm y tế"
"hospital","Trạm Y tế phường Vĩnh Tuy","Trung tâm y tế"
"hospital","Trung Tâm Y Tế Huyện Tiên Lãng","Bệnh viện"
"hospital","Trạm Y Tế Xã Hữu Bằng Huyện Kiến Thụy","Bệnh viện"
"hospital","Trung Tâm Y Tế quận Kiến An","Bệnh viện"
"hospital","Viện Y học biển Việt Nam","Bệnh viện"
"hospital","Trung tâm y tế quận Đồ Sơn","Trung tâm y tế"
"hospital","Công ty dịch vụ thương mại Thành Nam","Phòng thương mại"
"hospital","Trung tâm Y tế Đức Thọ","Trung tâm y tế"
"hospital","Trạm Y Tế Xã Nghi Phong","Bệnh viện"
"hospital","Trung tâm y tế xãThạch Hà","Dịch vụ y tế địa phương"
"hospital","Trạm Y Tế Xã Nam Trung","Bệnh viện"
"hospital","Trung tâm Y tế Hồng Lĩnh","Bệnh viện đa khoa"
"hospital","TRUNG TÂM Y TẾ XÃ TIÊN ĐIỀN","Bệnh viện"
"hospital","Trung tâm y tế Quận Bình Thủy","Bệnh viện"
"hospital","TRUNG TÂM Y TẾ THÀNH PHỐ CẦN THƠ","Bệnh viện"
"hospital","Sở Y Tế Cần Thơ @ Trung Tâm Chẩn Đoán Y Khoa","Bệnh viện"
"hospital","Bệnh viện Đa khoa Trung ương Cần Thơ","Bệnh viện"
"hospital","Trạm Y Tế Xã Mỹ Khánh","Bệnh viện đa khoa"
"hospital","Sở Y tế TP. Cần Thơ","Sở y tế công cộng"
"hospital","TRUNG TÂM Y TẾ QUẬN Ô MÔN","Bệnh viện đa khoa"
"hospital","Bệnh viện Tâm thần TP. Cần Thơ","Bệnh viện tâm thần"
"hospital","Bệnh viện Quân y 121","Bệnh viện quân đội"
"hospital","Trung Tâm Y Tế Huyện Thới Lai","Bệnh viện"
"hospital","Bệnh Viện Y Học Cổ Truyền Bộ Công An","Bệnh viện"
"hospital","Bệnh viện Ung bướu Thành phố Cần Thơ","Bệnh viện chuyên khoa"
"hospital","Phòng khám bác sĩ gia đình","Bệnh viện"
"hospital","Bệnh Viện Tuệ Tĩnh","Bệnh viện"
"hospital","Trạm y tế phường Bồ Đề","Trung tâm y tế"
"hospital","Trung tâm Bác sĩ Gia đình Hà Nội FDC","Phòng khám"
"hospital","Phòng Khám Đa Khoa Giao Thông Vận Tải Gia Lâm","Bệnh viện"
"hospital","Bệnh Viện Dệt May","Bệnh viện"
"hospital","Trạm Y Tế Phường Hoàng Liệt","Trung tâm y tế"
"hospital","Trạm Y tế phường Thịnh Liệt","Trung tâm y tế"
"hospital","Trung Tâm Y Tế Huyện Thoại Sơn","Trung tâm y tế"
"hospital","Bệnh Viện Nam Thăng Long","Bệnh viện"
"hospital","Viện Y học phóng xạ và Ung bướu Quân đội","Bệnh viện quân đội"
"hospital","Bệnh Viện Đại Học Quốc Gia Hà Nội","Bệnh viện"
"hotel","Khách sạn Mường Thanh Grand Hà Nội","Khách sạn"
"hotel","Hanoi L' Heritage Hotel & Spa - Gym","Khách sạn"
"hotel","Grand Vista Hotel","Khách sạn"
"hotel","Khách sạn Fortuna Hà Nội","Khách sạn"
"hotel","Dolce By Wyndham Hanoi Golden Lake","Khách sạn"
"hotel","Lotte Hotel Hanoi","Khách sạn"
"hotel","The Five Residences Hà Nội","Khách sạn lưu trú dài hạn"
"hotel","HOTEL HOÀNG GIA LUXURY","Khách sạn"
"hotel","Khách sạn Hà Nội Daewoo","Khách sạn"
"hotel","Khách Sạn Ánh Sao","Khách sạn"
"hotel","Peridot Grand Luxury Boutique Hotel","Khách sạn"
"hotel","HanoPalais Homestay and Residence Base 5","Khách sạn"
"hotel","GRAND HÔTEL du LAC Hanoi","Khách sạn"
"hotel","Khách sạn Aroma","Khách sạn"
"hotel","The Oriental Jade Hotel","Khách sạn"
"hotel","Canary, Hà Nội","Khách sạn"
"hotel","Mix boutique hotel 256b đặng tiến đông","Khách sạn"
"hotel","Novotel Hà Nội Thái Hà","Khách sạn"
"hotel","My Hotel Hoàng Cầu","Khách sạn"
"hotel","Lucien Hanoi Lakeside Hotel & Rooftop","Khách sạn"
"hotel","Khách sạn Lake Side Hotel","Khách sạn"
"hotel","Grand Plaza Hotel Hanoi","Khách sạn"
"hotel","Rose Garden Residences Hotel and Apartments","Khách sạn"
"hotel","Meritel Hanoi","Khách sạn"
"hotel","Khách sạn Hacinco","Khách sạn lưu trú dài hạn"
"hotel","The Legend Hanoi Hotel","Khách sạn"
"hotel","La Siesta Classic Hang Thung","Khách sạn"
"hotel","King's Hotel Trung Yên","Khách sạn"
"hotel","A25 Hotel - 18 Nguyễn Hy Quang","Khách sạn"
"hotel","Hanoi Hotel","Khách sạn"
"hotel","Heritage Ham Long Hotel & Spa","Khách sạn"
"hotel","GM Premium Hotel Hanoi","Khách sạn"
"hotel","Khách Sạn Danly","Khách sạn"
"hotel","Ngoc Khanh House","Khách sạn"
"hotel","Sunny Hotel Nguyên Hồng","Khách sạn"
"hotel","Khách Sạn Công Đoàn Việt Nam","Khách sạn"
"hotel","Mix Boutique Hotel Premium","Khách sạn"
"hotel","Khách Sạn Văn Miếu","Khách sạn"
"hotel","Le Chanvre Hanoi Hotel & Spa","Khách sạn"
"hotel","Khách sạn Bích Ngọc","Khách sạn"
"hotel","TA Hotel & Apartment","Khách sạn"
"hotel","Sunny Hotel 1","Khách sạn"
"hotel","Le Petit Prince Lakeside Hotel & Rooftop Bar","Khách sạn"
"hotel","Bánh Trung Thu Khách Sạn Daewoo Hà Nội","Khách sạn"
"hotel","Khách Sạn Hà Nội Star","Khách sạn"
"hotel","69 Boutique Hotel","Khách sạn"
"hotel","BridgeLakeside Hotel Hanoi","Khách sạn"
"hotel","Hotel Bel Ami Hanoi","Khách sạn"
"hotel","Khách Sạn Trần Gia","Khách sạn"
"hotel","Serene Premier Hotel","Khách sạn"
"hotel","Fukurai Hotel & Apartments 2","Khách sạn"
"hotel","La Mejor Indochine Hotel","Khách sạn nghỉ dưỡng"
"hotel","Saigon Aroma Hotel","Khách sạn"
"hotel","King’s Hotel Yên Hòa","Khách sạn"
"hotel","Khách Sạn My Love","Khách sạn"
"hotel","Khách Sạn Pium","Khách sạn"
"hotel","My Hotel OCD","Khách sạn"
"hotel","Ba Sao Hotel","Khách sạn"
"hotel","Khách Sạn Nho 9","Khách sạn"
"hotel","Hanoi Royal Palace Hotel 2","Khách sạn"
"hotel","Khách sạn La Batisse Kim Mã","Khách sạn"
"hotel","Sao Mai Hotel","Khách sạn"
"hotel","TrangTrang Classy Hotel","Khách sạn"
"hotel","Aviary Hanoi Hotel & Travel","Khách sạn"
"hotel","Fukurai Boutique Apartments","Khách sạn"
"hotel","Silk Path Hotel Hanoi","Khách sạn"
"hotel","Serene Central Hotel","Khách sạn"
"hotel","Soleil Boutique Hotel","Khách sạn"
"hotel","Flora Centre Hotel & Spa","Khách sạn"
"hotel","Babylon Grand Hotel & Spa","Khách sạn"
"hotel","Dahlia Hotel Hanoi","Khách sạn"
"hotel","The Q Hotel","Khách sạn"
"hotel","Flower Garden Hotel Hanoi","Khách sạn"
"hotel","Acoustic Hotel & Spa Hanoi","Khách sạn"
"hotel","Aquarius Premium Hotel","Khách sạn"
"hotel","Bao Son International Hotel","Khách sạn lưu trú dài hạn"
"hotel","Super Candle Hotel","Khách sạn"
"hotel","JM Marvel Hotel & Spa","Khách sạn"
"hotel","Palago Boutique Hanoi Hotel","Khách sạn"
"hotel","Khách sạn L'Signature","Khách sạn"
"hotel","San Premium Hotel","Khách sạn"
"hotel","Minasi Premium Hotel","Khách sạn"
"hotel","Khách sạn La Mejor và Sky Bar","Khách sạn"
"hotel","Khách Sạn Golden Silk","Khách sạn"
"hotel","Mon Regency Hotel","Khách sạn"
"hotel","La Santé Hotel & Spa","Khách sạn"
"hotel","Bella Premier Hotel & Rooftop Skybar","Khách sạn"
"hotel","Hanoi Flora Hotel","Khách sạn"
"hotel","Hanoi Lion Boutique Hotel & Spa","Khách sạn"
"hotel","Champton Hanoi Hotel","Khách sạn"
"hotel","Bespoke Trendy Hotel","Khách sạn"
"hotel","Mercure Hotel","Khách sạn"
"hotel","Hanoi Center Silk Boutique Hotel & Travel","Khách sạn"
"hotel","Antique Angel Hotel & Travel","Khách sạn"
"hotel","The Five Suites Lilas","Khách sạn"
"hotel","SKYLARK BOUTIQUE HOTEL","Khách sạn"
"hotel","Hotel Emerald Waters Classy","Khách sạn"
"hotel","Avani Central Hotel","Khách sạn"
"hotel","La Sinfonía del Rey Hotel & Spa","Khách sạn"
"hotel","Golden Legend Palace Hotel","Khách sạn"
"hotel","Hanoi Le Jardin Hotel & Spa","Khách sạn"
"hotel","L'HÔTEL du LAC Hanoi","Khách sạn"
"hotel","Madelise Adora Hotel & Travel","Khách sạn"
"hotel","Beryl Signature Hotel and Travel","Khách sạn"
"hotel","Khách Sạn Nesta Hà Nội","Khách sạn"
"hotel","Aurora Premium Hotel & Spa","Khách sạn"
"hotel","Solare De Monte Hotel & Spa","Khách sạn"
"hotel","Hanoi Vacanza Premier Hotel","Khách sạn"
"hotel","Myrcella Urban Studio","Khách sạn"
"hotel","Le Petit Princess Hotel & Spa","Khách sạn"
"hotel","20 Hotel & Apartment","Khách sạn"
"hotel","Le Jardin Hotel Haute Couture","Khách sạn"
"hotel","Nhà nghỉ Phương Nguyên","Khách sạn"
"hotel","Nhà Nghỉ 24/24 Trang Linh gần đại học y dược","Khách sạn tình yêu"
"hotel","Nhà nghỉ 126 - Cần Thơ 126 Motel","Nhà nghỉ trượt tuyết"
"hotel","Nhà Nghỉ Ngọc Cường","Khách sạn"
"hotel","Nhà Nghỉ Gia Khang","Khách sạn"
"hotel","Nhà Nghỉ mini khu ĐHYD Cần Thơ Anh Thư 103","Nhà khách"
"hotel","Nhà nghỉ Như Oanh","Khách sạn"
"hotel","Nhà Nghỉ CKC 24H","Khách sạn"
"hotel","Nhà Nghỉ Minh Nguyên","Nhà trọ"
"hotel","Nhà nghỉ Homestay KV","Khách sạn"
"hotel","Nhà Nghỉ Phi Trường","Nhà khách"
"hotel","Nhà nghỉ Bum 3","Nhà nghỉ trượt tuyết"
"hotel","Nhà Nghỉ ÂU DƯƠNG 8 Cần Thơ","Khách sạn"
"hotel","Nhà nghỉ Nam Anh","Nhà nghỉ dưỡng cho thuê"
"hotel","Nhà Nghỉ Ngọc Thúy","Nhà nghỉ trượt tuyết"
"hotel","Nhà Nghỉ Phương Thuý","Khách sạn tình yêu"
"hotel","Nhà Nghỉ Song Hỷ","Nhà trọ"
"hotel","Nhà Nghỉ Hoàng Anh","Khách sạn"
"hotel","Nhà Nghỉ Nguyễn Thông","Nhà nghỉ trượt tuyết"
"hotel","Nhà Nghỉ 99","Nhà nghỉ dưỡng cho thuê"
"hotel","Nhà nghỉ Coban 2","Khách sạn"
"hotel","NHÀ NGHỈ HUỲNH KIM","Nhà trọ"
"hotel","NHÀ NGHỈ MỸ CHI","Đại lý cho thuê nhà nghỉ"
"hotel","NHÀ NGHỈ PHI LONG 1","Khách sạn"
"hotel","Nhà nghỉ hành phúc","Nhà trọ"
"hotel","NHÀ NGHỈ PHI LONG 2","Khách sạn"
"hotel","NHÀ NGHỈ ĐẠI NGÂN 41/2","Nhà nghỉ dưỡng"
"hotel","Nhà Nghỉ Thảo Nguyên","Khách sạn"
"hotel","Nhà Nghỉ Trường Cát Tiên","Khách sạn"
"hotel","Nhà Nghỉ Như Ý","Nơi tạm trú"
"hotel","Khách Sạn Mimin Cần Thơ","Khách sạn"
"hotel","Nhà khách T80","Khách sạn"
"hotel","Nhà Khách T82","Nhà khách"
"hotel","Mini House Trạm","Nhà trọ"
"hotel","Nhà trọ Nhật Anh","Lưu trú nhà dân"
"hotel","The Cozy Nook ( Gốc Nhỏ Ấm Cúng) Nhà Nghỉ","Nhà khách"
"hotel","HONEY HOUSES HOTEL","Khách sạn"
"hotel","Homestay Green Sunshine","Khách sạn"
"hotel","Khách Sạn Soda House Không Gian Việt Cần Thơ","Khách sạn"
"hotel","(MOTEL) Nhà Khách 330","Khách sạn"
"hotel","Nhà Nghỉ Ngọc Ngân House","Khách sạn"
"hotel","Can Tho Riverside Hostel","Phòng cho thuê"
"hotel","Khách sạn chiến công","Khách sạn"
"hotel","NHÀ NGHỈ TRUNG HIẾU 1 CẦN THƠ NHÀ NGHỈ CẦN THƠ| NHÀ NGHỈ BÌNH THUỶ","Nhà nghỉ trượt tuyết"
"hotel","Nhà nghỉ Quỳnh Giao","Khách sạn"
"hotel","Nhà Nghỉ Dũng Nhi","Khách sạn"
"hotel","Nhà nghỉ Lê Anh 49","Khách sạn tình yêu"
"hotel","Nhà Nghỉ Quốc Cường","Khách sạn"
"hotel","Orchid Garden Homestay Can Tho","Lưu trú nhà dân"
"hotel","Nhà Nghỉ Tín Tuyết","Khách sạn"
"hotel","Khách sạn Đăng Khoa","Khách sạn"
"hotel","Nhà Nghỉ Gia Hân","Chỗ trọ trong nhà"
"hotel","Nhà nghỉ Kim Lài","Nhà trọ"
"hotel","Nhà trọ Duy Tùng","Nhà trọ"
"hotel","Nhà Khách Cần Thơ","Khách sạn"
"hotel","Nhà nghỉ Bảo Trân","Khách sạn"
"hotel","Nhà Nghỉ Thanh Huynh","Nhà nghỉ trượt tuyết"
"hotel","Nhà Nghỉ Mai Đình","Khách sạn"
"hotel","Nhà Nghỉ Đăng Khoa","Khách sạn"
"hotel","Pham Van Luong Motel","Khách sạn"
"hotel","Nhu’s House","Lưu trú nhà dân"
"hotel","Nhà Nghỉ Khải Dương","Khách sạn"
"hotel","Nhà Nghỉ Sugar","Khách sạn"
"hotel","Hotel nhà nghỉ thanh tâm","Khách sạn"
"hotel","Nhà Nghỉ Hoa Sen","Khách sạn"
"hotel","Nhà Khách Tây Nam","Khách sạn"
"hotel","Nhà nghỉ KIM GIA","Khách sạn"
"hotel","Nhà Nghỉ Ngọc Hoa","Nhà nghỉ dưỡng cho thuê"
"hotel","MOTEL GIA BẢO TÂY ĐÔ 1","Nhà nghỉ trượt tuyết"
"hotel","Nhà Khách UBND Cần Thơ","Nhà khách"
"hotel","Khu Nghỉ Dưỡng Đoàn 30 Cần Thơ","Khách sạn nghỉ dưỡng"
"hotel","Khách Sạn Bita Hotel","Khách sạn"
"hotel","Nhà Nghỉ Thiên Phước 2","Khách sạn"
"hotel","Nhà Khách Số 2 Cần Thơ","Nhà khách"
"hotel","Nhà Nghỉ","Khách sạn"
"hotel","Nhà nghỉ Phúc Minh","Khách sạn"
"hotel","Nhà nghỉ Khang Linh","Khách sạn"
"hotel","Nhà trọ Quỳnh Anh","Nhà trọ"
"hotel","Phan Van Son Motel","Khách sạn"
"hotel","Nhà Nghỉ Nhật Minh","Khách sạn"
"hotel","Nhà Nghỉ Nguyên Tuấn","Khách sạn"
"hotel","Nhà Nghỉ Xuân Lan Cần Thơ","Nhà nghỉ dưỡng"
"hotel","Thanh Ha Guesthouse","Phòng cho thuê"
"hotel","Nhà Nghỉ Hạnh Phát ( Khách sạn Mini )","Nhà nghỉ trượt tuyết"
"hotel","Nhà Nghỉ 62","Khách sạn"
"hotel","Nhà Nghĩ ý Nhi","Khách sạn"
"hotel","Nhà nghỉ 131","Khách sạn"
"hotel","Nhà Nghỉ Thiên Tâm","Phòng cho thuê"
"hotel","Nhà trọ sinh viên Sushi House","Nhà trọ"
"hotel","Nguyen Thi Nhung Guest House","Khách sạn"
"hotel","Vo Van Phong Guest House","Khách sạn"
"hotel","Nhà Nghỉ Ngọc Nhớ 1","Khách sạn"
"hotel","Thien Long Guest House","Khách sạn"
"hotel","Nhà Nghỉ Đại Lộc","Khách sạn"
"hotel","Nhà Nghỉ Nam Phương","Khách sạn"
"hotel","Nhà Nghỉ Kim Ngân","Nhà khách"
"hotel","Nhà Nghỉ Hải Đăng","Khách sạn"
"hotel","Nhà Nghỉ An Bình","Khách sạn"
"hotel","NHÀ NGHỈ BÌNH AN","Khách sạn"
"hotel","Nhà nghỉ Như Ý","Khách sạn"
"hotel","Nhà nghĩ 86","Khách sạn"
"hotel","Nhà nghỉ tăng Nguyễn","Khách sạn"
"hotel","Nhà Nghỉ Happy","Khách sạn"
"hotel","Nhà nghỉ Diệu Hiền","Nhà nghỉ trượt tuyết"
"hotel","Nhà Nghỉ Bảo Hân","Khách sạn"
"hotel","Khách Sạn Thanh Tân","Khách sạn"
"hotel","Nhà Nghỉ Trần Thị Kim Cúc","Khách sạn"
"hotel","Nhà nghỉ Quỳnh Anh","Nhà nghỉ trượt tuyết"
"hotel","Khách sạn - Nhà nghỉ Khoa","Khách sạn"
"hotel","Nhà Nghỉ Cát Tường","Khách sạn"
"hotel","Nhà Khách Hậu Giang","Khách sạn"
"hotel","Lam Thi Thuy Tien Guest House","Khách sạn"
"hotel","Dinh Thi Bien Guest House","Khách sạn"
"hotel","Khách Sạn Thanh Thủy 2","Khách sạn"
"hotel","Nhà Khách Binh Chủng Thông Tin","Khách sạn"
"hotel","Tulip Hotel Can Tho (Khách sạn Tulip Cần Thơ)","Khách sạn"
"hotel","KHÁCH SẠN SAO MAI","Khách sạn"
"hotel","Homestay canthoriver","Khách sạn"
"hotel","Khách Sạn Pandora Cần Thơ","Khách sạn"
"hotel","Lavender Hotel Cần Thơ","Khách sạn"
"hotel","CONVOI HOTEL","Khách sạn"
"hotel","Khách sạn Hoàng Mai","Khách sạn"
"hotel","Resort Cồn Khương","Khách sạn nghỉ dưỡng"
"hotel","Khách sạn homestay KV 2","Khách sạn"
"hotel","Nhà Sách Ngọc Lâm","Phòng cho thuê"
"hotel","WELKOM INN","Khách sạn"
"hotel","Ninh Kieu Riverside Hotel","Khách sạn"
"hotel","Khách sạn Hello","Khách sạn"
"hotel","Đại Quang Hotel","Khách sạn"
"hotel","Anh Dao Mekong 2 Hotel","Khách sạn"
"hotel","Kim Phụng Ngân Hotel","Khách sạn"
"hotel","Vạn Phát Riverside","Khách sạn"
"hotel","LION HOTEL","Khách sạn"
"hotel","Casa Eco Mekong","Khách sạn"
"hotel","MID NIGHT HOMESTAY CẦN THƠ","Khách sạn"
"hotel","VẠN KIM HƯNG HOTEL","Khách sạn"
"hotel","MMT Homestay","Khách sạn"
"hotel","Khách sạn Hạnh Phúc","Khách sạn"
"hotel","KHÁCH SẠN KIẾN AN","Khách sạn"
"hotel","Tru by Hilton Can Tho Cai Khe","Khách sạn"
"hotel","Khách sạn Hải Dương","Khách sạn"
"hotel","Luxhome Mekong Hotel","Khách sạn"
"hotel","Khách Sạn Mekong Rose (Mekong Rose Hotel)","Khách sạn"
"hotel","Moony hostel","Khách sạn"
"hotel","FIT Hotel Can Tho","Khách sạn"
"hotel","V'Luna Hotel - Managed by THM","Khách sạn"
"hotel","Lion 6 Hotel","Khách sạn"
"hotel","Khách Sạn Nam Anh","Khách sạn"
"hotel","MOTEL TRUNG HẬU","Khách sạn"
"hotel","Hoang Son Hotel Can Tho (Khách sạn Hoàng Sơn)","Khách sạn"
"hotel","Hân Nam Hotel (An Nam Cũ)","Khách sạn"
"hotel","Lại Nguyễn Boutique Hotel","Khách sạn"
"hotel","Khách sạn LONG HÀ (Long Ha Hotel)","Khách sạn"
"hotel","Sunny Hotel Lê Lai","Khách sạn"
"hotel","Khách sạn Dona","Khách sạn"
"hotel","Khách Sạn Thanh Tùng","Khách sạn"
"hotel","Ninh Kieu Fortuneland Hotel","Khách sạn"
"hotel","Khách sạn Lê My","Khách sạn"
"hotel","Khách sạn Hậu Giang","Khách sạn"
"hotel","B.O.B HOTEL CẦN THƠ","Khách sạn"
"hotel","YLUNA Boutiquestay","Khách sạn"
"hotel","Hân Cao Hotel","Khách sạn"
"hotel","Rich Hotel","Khách sạn"
"hotel","KHÁCH SẠN BỜ HỒ","Khách sạn"
"hotel","Diamond Suite Đại Nam Hotel Cần Thơ","Khách sạn"
"hotel","Khách sạn Apple Cần Thơ","Khách sạn"
"hotel","Ông 5 House - Khách sạn Cần Thơ","Khách sạn"
"hotel","Thịnh's House","Lưu trú nhà dân"
"hotel","HOTEL GIA BẢO TÂY ĐÔ 3","Nhà nghỉ trượt tuyết"
"hotel","Khách sạn Anh Đào Mekong","Khách sạn"
"hotel","Hùng Thi Hotel","Khách sạn"
"hotel","Khách sạn Ninh Kiều 2","Khách sạn"
"hotel","Khách sạn Hân Gia","Khách sạn"
"hotel","Maison de Léa - Homestay & Coffee Cần Thơ 1","Lưu trú nhà dân"
"hotel","Sophia Healing House Cần Thơ","Lưu trú nhà dân"
"hotel","Thien Lam Homestay","Khách sạn"
"hotel","Nhà Nghỉ Lộc Duyên","Khách sạn"
"hotel","MOTEL GIA BẢO TÂY ĐÔ 2","Nhà nghỉ trượt tuyết"
"hotel","Khách Sạn Thanh Tâm","Khách sạn"
"hotel","Khách sạn Tân Tây Đô","Khách sạn"
"hotel","CT Morning Hotel","Khách sạn"
"hotel","C - HOME CẦN THƠ - Căn hộ dịch vụ - Lưu trú ngắn hạn - dài hạn","Khách sạn lưu trú dài hạn"
"hotel","Winny Hotel Can Tho","Khách sạn"
"hotel","Tran Phu Riverside House","Nhà trọ"
"hotel","Adora Central Park","Nhà trọ"
"hotel","54 Homestay","Khách sạn"
"hotel","Hai Homestay And Space","Khách sạn"
"hotel","Huy Hoàng Motel - Cần Thơ","Khách sạn"
"hotel","09 Homestay","Khách sạn"
"hotel","Bonnie Homestay - Linh Ngân","Khách sạn"
"hotel","K2 Homestay & Coffee","Khách sạn"
"hotel","Nhà Nghỉ Hạnh Phát 8","Nhà nghỉ dưỡng cho thuê"
"hotel","BigHotel Can Tho","Khách sạn nghỉ dưỡng"
"hotel","Khách sạn Huỳnh Lạc Cần Thơ","Khách sạn"
"hotel","Nhà Nghỉ Quỳnh My","Khách sạn"
"hotel","Nhà Nghỉ Phú Mỹ","Khách sạn"
"hotel","Winter Spring Homestay","Khách sạn"
"hotel","Nhà Yên 1 Bed 2 Beds Hotel Homestay Hostel Cần Thơ","Khách sạn"
"hotel","HOTEL TRUNG HẬU","Khách sạn"
"hotel","Nhà Nghỉ LỆ TRÂN 2","Khách sạn"
"hotel","MES Hotel Can Tho","Khách sạn"
"hotel","Ánh Sáng Hotel","Khách sạn"
"hotel","Hostel Tây Đô 69","Khách sạn"
"hotel","Nhà trọ Bình Thủy","Nhà trọ"
"hotel","Nhà Trọ NGỌC THY","Nhà trọ"
"hotel","Nhà trọ TRỌNG THẢO","Nhà trọ"
"hotel","Nhà trọ Kim-Thanh","Nhà trọ"
"hotel","Nhà trọ Qui Điền","Nhà trọ"
"hotel","Nhà trọ Hữu Phú","Nhà trọ"
"hotel","Nhà trọ dì Bình","Nhà trọ"
"hotel","Nhà trọ sinh viên Lê Hải","Nhà trọ"
"hotel","Nhà Trọ Hoàng Giang","Nhà trọ"
"hotel","Nhà Trọ Minh Đức","Nhà trọ"
"hotel","Nhà Trọ Phạm Tâm","Nhà trọ"
"hotel","Nhà Trọ Bình Thuỷ","Nhà trọ"
"hotel","Nhà trọ chú 3","Nhà trọ"
"hotel","Nhà trọ sinh viên Như Ngọc","Nhà trọ"
"hotel","Nhà Trọ Ngọc Mai","Nhà trọ"
"hotel","Nhà trọ Quí Thư","Nhà trọ"
"hotel","Nhà trọ Thành Phong","Nhà trọ"
"hotel","Nhà riêng và Nhà trọ 39","Nhà trọ"
"hotel","Nhà trọ Dương Bình","Nhà trọ"
"hotel","Nhà Trọ Quỳnh Lưu","Nhà trọ"
"hotel","Nhà Trọ Quy Sơn","Nhà trọ"
"hotel","Nhà Trọ Bình An","Nhà trọ"
"hotel","Nhà Trọ Hoàng Anh 03","Nhà trọ"
"hotel","Nhà trọ Tuệ Minh","Nhà trọ"
"hotel","Nhà Trọ Phương Nam Quang Dũng","Nhà trọ"
"hotel","Nhà trọ Quang Diệu 1 ( Nhà Trọ Quang Diệu 2,","Nhà trọ"
"hotel","NHÀ TRỌ NGUYỄN GIA","Nhà trọ"
"hotel","NHÀ TRỌ THU THỦY","Nhà trọ"
"hotel","Nhà trọ nguyễn nhã","Nhà trọ"
"hotel","Nhà Trọ Ngọc Thuận","Nhà trọ"
"hotel","Nhà trọ MT","Nhà trọ"
"hotel","Nhà trọ Quế Chi(Rạch Súc)","Nhà trọ"
"hotel","Nhà Trọ Thiên Khánh","Nhà trọ"
"hotel","Nhà trọ Hữu Nghị","Nhà trọ"
"hotel","Nhà Trọ Tư Triều","Nhà trọ"
"hotel","Nhà trọ Mẫu Đơn","Nhà trọ"
"hotel","Nhà Trọ Cẩm Thi","Nhà trọ"
"hotel","Nhà trọ Hoàng","Nhà trọ"
"hotel","Nhà trọ Thanh Xuân","Nhà trọ"
"hotel","Nhà Trọ Minh Uyên","Nhà trọ"
"hotel","Nhà trọ Nguyễn Truyền","Nhà trọ"
"hotel","Nhà trọ Thuận Bửu","Nhà trọ"
"hotel","Nhà trọ 136/N nguyễn văn cừ tp cần thơ","Nhà trọ"
"hotel","Nhà Trọ Thành Phương 2","Nhà trọ"
"hotel","Nhà trọ Ba Chúng","Nhà trọ"
"hotel","NHÀ TRỌ TUẤN ANH","Nhà trọ"
"hotel","Nhà Trọ Kỳ Hân","Nhà trọ"
"hotel","Nhà trọ Thuận Nguyên","Nhà trọ"
"hotel","Nhà Trọ Tháng Minh Đăng","Nhà trọ"
"hotel","Nhà Trọ Tuấn Kiejet","Nhà trọ"
"hotel","Nhà Trọ 388","Nhà trọ"
"hotel","Nhà Trọ Nam Hưng","Nhà trọ"
"hotel","Nhà Trọ sinh viên Quốc Anh","Nhà trọ"
"hotel","Nhà trọ Thiên Khánh dãy sau","Nhà trọ"
"hotel","Nhà trọ Quốc Hào","Nhà trọ"
"hotel","Nhà trọ Ngọc Lắm","Nhà trọ"
"hotel","Nhà Trọ Mười Lâm","Nhà trọ"
"hotel","Nhà trọ Nguyễn Thị Vệ","Nhà trọ"
"hotel","Nhà trọ Văn Phúc","Nhà trọ"
"hotel","Nhà trọ Hải An","Nhà trọ"
"hotel","NHÀ TRỌ SÁU LỘC","Phòng cho thuê"
"hotel","172 Nhà Trọ Sinh Viên","Nhà trọ"
"hotel","Nhà trọ Châu","Nhà trọ"
"hotel","Nhà trọ Minh Nhật","Nhà trọ"
"hotel","Nhà Trọ Huỳnh Thị Hồng Yến","Nhà trọ"
"hotel","Nhà trọ Thới Nhựt","Nhà trọ"
"hotel","Nhà trọ Student House","Nhà trọ"
"hotel","Nhà trọ Thu Nguyệt","Nhà trọ"
"hotel","Nhà trọ cô Châu","Nhà trọ"
"hotel","Nhà Trọ 590","Nhà trọ"
"hotel","Nhà trọ Liên Nam","Nhà trọ"
"hotel","Nhà Trọ Prohome - Nguyễn Đệ","Nhà trọ"
"hotel","Nha Tro Son Thuy","Phòng cho thuê"
"hotel","Nhà trọ chị Tài 1","Nhà trọ"
"hotel","Nhà trọ Như Ý","Nhà trọ"
"hotel","NHÀ TRỌ NHẬT LAM","Nhà trọ"
"hotel","nhà trọ sinh viên TÂN TÀI","Nhà trọ"
"hotel","NHÀ TRỌ BÊ TÔNG - ROOMS FOR RENT","Nhà trọ"
"hotel","NHÀ TRỌ 79","Nhà trọ"
"hotel","Nhà trọ hai đê","Nhà trọ"
"hotel","Nhà trọ Bảy Hứng","Nhà trọ"
"hotel","Nhà Trọ Thái An","Nhà trọ"
"hotel","Nhà Trọ Kim Tuyến","Nhà trọ"
"hotel","Nhà Trọ Minh Châu 3","Nhà trọ"
"hotel","Nhà trọ CÔ LAN","Nhà trọ"
"hotel","Nhà Trọ Cô Huyền","Nhà trọ"
"hotel","Nhà trọ minh thông","Nhà trọ"
"hotel","NHÀ TRỌ BOBA","Nhà trọ"
"hotel","NHÀ TRỌ TRĂM KHIÊM","Nhà trọ"
"hotel","Nhà trọ Tuấn Phong","Nhà trọ"
"hotel","Nhà trọ trọng lễ","Nhà trọ"
"hotel","Nhà trọ Cảm","Nhà trọ"
"hotel","Nhà trọ Tư Linh","Nhà trọ"
"hotel","Nhà trọ Tây Hồ","Nhà trọ"
"hotel","Nhà trọ Đăng Khoa","Nhà trọ"
"hotel","Nhà Trọ Ánh Tuyết","Nhà trọ"
"hotel","Nhà Trọ Chí Linh","Nhà trọ"
"hotel","Nhà trọ Mỹ Quý","Nhà trọ"
"hotel","Nhà Trọ Tuân Nguyễn","Nhà nghỉ trượt tuyết"
"hotel","Nhà Nghỉ Sơn Hà","Phòng cho thuê"
"hotel","Khách sạn Mường Thanh Luxury Cần Thơ","Khách sạn"
"hotel","TTC Hotel - Cần Thơ - Khách sạn 5 sao","Khách sạn"
"hotel","LÂM HOME 1 - HOMESTAY TỰ CHECK IN","Nhà nghỉ dưỡng cho thuê"
"hotel","Lưu trú Mạnh Tuấn","Nhà trọ"
"hotel","The Local Homestay Cồn Sơn","Lưu trú nhà dân"
"hotel","Cơ sơ lưu trú Hồng Phượng","Chung cư"
"hotel","Đông Châu Homestay","Lưu trú nhà dân"
"hotel","Trung tâm lưu trú cách ly tài xế","Hiệp hội nhà ở"
"hotel","Homestay Hoa Vẫn Nở Mỗi Ngày - Urban Hideaway","Lưu trú nhà dân"
"hotel","An’s House","Lưu trú nhà dân"
"hotel","처남집","Lưu trú nhà dân"
"hotel","Khu nội trú lưu học sinh","Nhà trọ"
"hotel","Emerald Boutique Stay","Lưu trú nhà dân"
"hotel","KOKO HOME Đại Ngân - Homestay không lễ tân","Khách sạn"
"hotel","Nhà Trọ Cô Bào","Lưu trú nhà dân"
"hotel","Vi’s House","Lưu trú nhà dân"
"hotel","Nhà Nghỉ Hà Nội Sao","Nhà nghỉ dưỡng cho thuê"
"hotel","Nhà Nghỉ Phố Biển","Nhà nghỉ trượt tuyết"
"hotel","Nhà Nghỉ Thành Công","Khách sạn"
"hotel","Nhà Nghỉ Gia Đạt","Nhà trọ"
"hotel","Nhà Nghỉ Hoàng Mai 2","Chỗ trọ trong nhà"
"hotel","Emerald Homestay & Tea","Lưu trú nhà dân"
"hotel","Nhà Nghỉ Duy Trinh","Nhà nghỉ trượt tuyết"
"hotel","Nhà Nghỉ Thu Hồng","Nhà nghỉ trượt tuyết"
"hotel","Nhà Nghỉ Quang Minh","Nhà nghỉ trượt tuyết"
"hotel","Nhà Nghỉ Thu Phương","Nhà nghỉ trượt tuyết"
"hotel","NHÀ NGHỈ THANH PHONG","Nhà trọ"
"hotel","Nhà Nghỉ Ánh Dương","Khách sạn"
"hotel","Nhà Nghỉ Út Dỉ 2","Phòng cho thuê"
"hotel","Nhà Nghỉ Chiều Tím","Nhà nghỉ trượt tuyết"
"hotel","Nhà nghỉ Minh Huyền","Khách sạn"
"hotel","Nhà Nghỉ Thuận An 2","Khách sạn"
"hotel","Nhà Nghỉ Trúc Mai","Khách sạn"
"hotel","Nhà Nghỉ Điểm Hẹn","Nhà trọ"
"hotel","Nhà Nghỉ Vy Anh","Khách sạn"
"hotel","Nhà Nghỉ Cuối Tuần","Nhà trọ"
"hotel","Nhà Nghỉ Nam Dương","Khách sạn"
"hotel","Nhà nghỉ Xuân Dũng","Nhà nghỉ trượt tuyết"
"hotel","Nhà Nghỉ Lê Hương","Nhà nghỉ trượt tuyết"
"hotel","Nhà Nghỉ Hồng Dương","Khách sạn"
"hotel","Nhà Nghỉ An Bình 4","Nhà trọ"
"hotel","Nhà Nghỉ Thanh Xuân","Nhà nghỉ trượt tuyết"
"hotel","Trúc Mai House - Nhà Nghỉ Bình Dân","Nhà khách"
"hotel","Nhà nghỉ Việt Linh","Trạm nghỉ"
"hotel","Nhà Nghỉ Sen","Nhà nghỉ trượt tuyết"
"hotel","Nhà Nghỉ Thủy Tiên","Nhà nghỉ trượt tuyết"
"hotel","Nhà Nghỉ Khang","Khách sạn"
"hotel","Nhà Nghỉ Hoàng Long","Khách sạn"
"hotel","Nhà Nghỉ Thùy Linh","Nhà nghỉ trượt tuyết"
"hotel","Nhà nghỉ Hoàng linh 466 Đê La Thành","Khách sạn"
"hotel","Cơ Sở Hoạt Động Dịch Vụ Lưu Trú Ngắn Ngày Mai Thị Chính","Khách sạn"
"hotel","Cơ sở lưu trú","Văn phòng công ty"
"hotel","Trung tâm lưu trữ lưu trữ lịch sử Thành phố","Chính phủ"
"hotel","Hibou House","Khách sạn"
"hotel","Cơ sở lưu trú số 1","Cơ quan quản lý nhà ở"
"hotel","Cơ sở lưu trú Hoa Núi (Homestay)","Lưu trú nhà dân"
"hotel","Nhà lưu trú Quang Thành","Lưu trú nhà dân"
"hotel","Dịch Vụ Lưu Trú Daisy","Chỗ trọ trong nhà"
"hotel","Dịch Vụ Lưu Trú Văn Tiến Hùng","Khách sạn"
"hotel","Nhà trọ mạnh lưu","Nhà trọ"
"hotel","Công Ty Dịch Vụ Lưu Trữ Việt","Dịch vụ di dời và lưu trữ"
"hotel","Dịch Vụ Lưu Trú","Khách sạn"
"hotel","Doanh Nghiệp Hoạt Động Dịch Vụ Lưu Trú Nguyễn Thanh Phương","Nhà trọ"
"hotel","Hộ kinh doanh lưu trú Nguyễn Thị Oanh","Lưu trú nhà dân"
"hotel","Fuji Apartment - 63 ngõ 219 nguyễn ngọc vũ","Khách sạn"
"hotel","Nhà khách Nam Cường - Dịch vụ lưu trú tại quận Đống Đa - Standard King Room","Nhà ở"
"hotel","Công ty TNHH dịch vụ và thương mại du lịch B&B","Khách sạn lưu trú dài hạn"
"hotel","Hotel Nhà Nghỉ 24h - nhà nghỉ trọ 24h","Khách sạn"
"hotel","NGÁO Home - Láng Hạ","Lưu trú nhà dân"
"hotel","Xumi Motel","Khách sạn"
"hotel","The Pearl Hotel","Khách sạn"
"hotel","Grandiose Hotel&Spa","Khách sạn"
"hotel","Khách sạn Thắng Lợi","Khách sạn"
"hotel","Rosy Motel Trung Yên - Nhà nghỉ/ Khách sạn","Khách sạn"
"hotel","Nhà Nghỉ Phương Đông","Khách sạn"
"hotel","Gisre Home","Chỗ ở được phục vụ"
"hotel","皇冠酒店","Khách sạn"
"hotel","Nhà nghỉ Quốc Kiên","Nhà nghỉ trượt tuyết"
"hotel","Hanoi Aria Central Hotel & Spa","Khách sạn"
"hotel","An Viet Motel","Trạm nghỉ"
"hotel","NHÀ TRỌ HD- NAM SƠN","Khách sạn"
"hotel","Luxury Place Hotel","Khách sạn"
"hotel","La Passion Hanoi Hotel & Spa","Khách sạn"
"hotel","Army Hotel","Khách sạn"
"hotel","Chalcedony Grand Hotel","Khách sạn"
"hotel","Nhà Nghỉ Trà My","Chỗ trọ trong nhà"
"hotel","Phòng lưu trú bệnh nhân Bác sĩ Linh","Khách sạn lưu trú dài hạn"
"hotel","Nhà Nghỉ Trường Sơn","Nhà nghỉ trượt tuyết"
"hotel","Hotel Phương Nam","Khách sạn"
"hotel","Mandala Hotel & Spa Bac Ninh","Khách sạn"
"hotel","OYO 317 Kim Cuong Hotel 2","Khách sạn"
"hotel","Wyndham Garden Hanoi Hotel","Khách sạn"
"hotel","Phong Thai HomeStay","Khách sạn nghỉ dưỡng"
"hotel","ADAMO HOTEL","Khách sạn"
"hotel","Khách Sạn Cao Cấp","Khách sạn"
"hotel","Khách Sạn La Thành","Khách sạn"
"hotel","Garden Phoenix hotel -明月花园酒店","Khách sạn"
"hotel","Khách Sạn Mường Thanh Grand Xa La","Khách sạn"
"hotel","Nhà Nghỉ Thành Đạt 1","Khách sạn"
"hotel","Hotel Mely","Khách sạn"
"hotel","Tùng Bách Hotel","Khách sạn"
"hotel","Nhà Nghỉ Hà Thành","Nhà nghỉ trượt tuyết"
"hotel","Luxury Phoenix Hotel | 凤凰明月酒店","Khách sạn"
"hotel","22Land Moon West Lake","Khách sạn"
"hotel","Atour phoenix Hotel (亚朵酒店)","Khách sạn"
"hotel","Lucky Phoenix Hotel & Apartment","Khách sạn"
"hotel","Khách sạn Viz Goo","Khách sạn"
"hotel","凤凰明月酒店2","Khách sạn"
"hotel","SUN HOTEL & APARTMENT","Khách sạn"
"hotel","Mp Hotel","Khách sạn"
"hotel","Hải An Quế Võ Hotel","Khách sạn"
"hotel","Royal Phoenix Hotel Bac Ninh","Khách sạn"
"hotel","Từ Sơn Luxury Hotel","Khách sạn"
"hotel","Center hotel Bắc Ninh","Khách sạn"
"hotel","Mường Thanh Luxury Bắc Ninh","Khách sạn"
"hotel","Mini Motel","Khách sạn"
"hotel","Mini Hotel","Khách sạn"
"hotel","Min Hotel","Khách sạn tình yêu"
"hotel","Royal Hotel Que Vo","Khách sạn"
"hotel","May De Ville Lakeside Hotel","Khách sạn"
"hotel","Hotel du Parc Hanoi","Khách sạn"
"hotel","Hanoi La Storia Hotel","Khách sạn"
"hotel","Narcissus 2 (Le Duan) Hotel And Apartment","Khách sạn"
"hotel","Blue Hannoi Inn Luxury Hotel & Spa","Khách sạn"
"hotel","Luxury Hotel","Khách sạn"
"hotel","Hana 1 Apartment & Hotel Bac Ninh","Khách sạn"
"hotel","Phuc Anh Hotel","Khách sạn"
"hotel","Khách Sạn Sunrise","Khách sạn"
"hotel","D'Lux Hotel","Khách sạn"
"hotel","New Hotel II","Khách sạn"
"hotel","căn hộ đầy đủ tiện nghi","Căn hộ được phục vụ"
"hotel","Khách Sạn Giá Rẻ Cầu Giấy - Mely Hotel 2","Khách sạn"
"hotel","Chung Cư Đường Sắt","Chung cư"
"hotel","ALà Home","Căn hộ nghỉ dưỡng cho thuê"
"hotel","LT Home","Căn hộ nghỉ dưỡng cho thuê"
"hotel","Căn hộ dịch vụ Bonbon - Serviced Apartment","Khách sạn"
"hotel","BAW – Hanoi Greenish Flat","Căn hộ nghỉ dưỡng cho thuê"
"hotel","Soleil Apartment","Khách sạn"
"hotel","Atlanta Apartment","Căn hộ nghỉ mát"
"hotel","GAIA HOUSE LÁNG HẠ","Căn hộ được phục vụ"
"hotel","SANY Village Homestay Đê La Thành","Khách sạn nghỉ dưỡng"
"hotel","ROOFTOP","Khách sạn"
"hotel","P&R suites","Căn hộ được phục vụ"
"hotel","HC Luxury Apartment","Khách sạn"
"hotel","2 núi trúc","Căn hộ nghỉ dưỡng cho thuê"
"hotel","68 Apartment","Căn hộ nghỉ dưỡng cho thuê"
"hotel","Tranquil Homestay","Căn hộ nghỉ dưỡng cho thuê"
"hotel","THE LITTLE HANOI","Căn hộ nghỉ dưỡng cho thuê"
"hotel","CĂN HỘ TRÚC SƠN - TRUC SON APARTMENT","Lưu trú nhà dân"
"hotel","Khách sạn căn hộ Urhome","Phòng cho thuê"
"hotel","Ancu Stay & Residence - Cho thuê căn hộ ngắn & dài hạn","Căn hộ nghỉ dưỡng cho thuê"
"hotel","Cozystay Apartment","Căn hộ nghỉ dưỡng cho thuê"
"hotel","Nhà trọ căn hộ THANH NGUYÊN","Nhà trọ"
"hotel","Khách Sạn Hoàng Gia Hotel Đại Mỗ","Khách sạn"
"hotel","Nhà nghỉ ba sao","Khách sạn"
"hotel","Khách Sạn Seven","Khách sạn"
"hotel","LE GRAND HANOI APARTMENT","Khách sạn"
"hotel","LINN HOTEL","Khách sạn"
"hotel","Nhà Nghỉ Hoa Biển","Khách sạn"
"hotel","Little Hanoi","Phòng cho thuê"
"hotel","Carol Ha Noi Old Quarter Hoan Kiem","Khách sạn"
"hotel","Khách Sạn Thành Công","Khách sạn"
"hotel","Thái Sơn Villa Nhà Nghỉ","Khách sạn"
"hotel","Khách Sạn Trần Gia - Láng Hạ","Khách sạn"
"hotel","Binh Minh hotel 84 Ngọc Khánh","Khách sạn"
"hotel","Nhà Nghỉ Hà Vi","Chỗ trọ trong nhà"
"hotel","Nhà Nghỉ Bình Dương","Khách sạn"
"hotel","Nhà Nghỉ Phương Nhung","Nhà nghỉ trượt tuyết"
"hotel","Nhà Nghỉ Nghênh Phong Các","Nhà khách"
"hotel","Nhà Khách Cơ Yếu Chính Phủ","Nhà khách"
"hotel","Nhà nghỉ Anh Túc","Khách sạn"
"hotel","Nhà Nghỉ G9","Khách sạn"
"hotel","Nhà Nghỉ Thái An","Nhà nghỉ trượt tuyết"
"hotel","Nhà Nghỉ Hoàng Diệu","Nhà nghỉ trượt tuyết"
"hotel","Nhà Nghỉ Hoa Lan","Khách sạn"
"hotel","Binh Minh Hotel - 94 Ngoc Khanh","Khách sạn"
"hotel","Lily Hotel","Khách sạn"
"hotel","Nhà khách Quốc hội","Nhà khách"
"hotel","Nhà Nghỉ Kim Cương 1","Khách sạn"
"hotel","Nhà Nghỉ Gia Khánh","Nhà nghỉ trượt tuyết"
"hotel","Nhà Nghỉ Villa Thanh","Phòng cho thuê"
"hotel","Nhà nghỉ anh tuấn","Khách sạn"
"hotel","Nhà Nghỉ Hương Tràm","Nhà nghỉ thanh niên"
"hotel","Nhà Nghỉ Hải Lâm","Nhà nghỉ trượt tuyết"
"hotel","Nhà Nghỉ 56","Nhà nghỉ trượt tuyết"
"hotel","Nhà nghỉ Hương Ngọc","Nhà nghỉ trượt tuyết"
"hotel","Nhà Nghỉ Mạnh Vũ 2","Trạm nghỉ"
"hotel","Nhà Nghỉ Ban Mai","Nhà trọ"
"hotel","Hotel myti","Khách sạn"
"hotel","Nhà Nghỉ Hương Sen","Nhà trọ"
"hotel","Nhà nghỉ Ruby Motel","Khách sạn"
"hotel","Nhà nghỉ Bích Ngân","Khách sạn"
"hotel","Nhà Nghỉ Sao Mai","Khách sạn"
"hotel","Khách sạn Times Hoàng cầu","Khách sạn"
"hotel","Nhà Nghỉ Mai Villa Thành Công","Khách sạn"
"hotel","Nhà nghỉ Năm Thanh","Khách sạn"
"hotel","Milan Hotel Hanoi","Khách sạn"
"hotel","Nhà Nghỉ Song Long","Khách sạn"
"hotel","Nhà Nghỉ Thành Vinh","Nhà nghỉ trượt tuyết"
"hotel","Nhà nghỉ Tuấn Anh - cạnh Royal city","Khách sạn"
"hotel","Nhà Nghỉ Hoàng Sa","Nhà nghỉ trượt tuyết"
"hotel","Regal Hotel Hanoi I","Khách sạn"
"hotel","Nhà khách Trung ương","Nhà khách"
"hotel","Nhà Nghỉ Sắc Màu Play Boy","Khách sạn"
"hotel","Nhà Nghỉ Trúc Mai 1","Khách sạn"
"hotel","Nhà nghỉ Bảo Anh","Nhà nghỉ trượt tuyết"
"hotel","NHÀ NGHỈ THIÊN PHÚ","Nhà nghỉ trượt tuyết"
"hotel","Nhà Nghỉ Minh Hằng 2","Khách sạn"
"hotel","NHÀ KHÁCH LÀO CAI","Nhà khách"
"hotel","Nhà Nghỉ Hoa Phượng Đỏ","Nhà nghỉ trượt tuyết"
"hotel","Nhà Nghỉ Thanh Bình","Nhà nghỉ trượt tuyết"
"hotel","HAI YEN HOTEL khách sạn cầu giấy hà nội","Khách sạn"
"hotel","Homestay Nam Dong","Khách sạn"
"hotel","Nhà Nghỉ Tre Xanh","Khách sạn"
"hotel","Nhà nghỉ Ánh Sao Hotel","Khách sạn"
"hotel","Nhà Nghỉ Ngoc Lan","Khách sạn"
"hotel","Sammy Luxury Hotel Hà Nội","Khách sạn"
"hotel","Khách Sạn Thái Hà","Khách sạn"
"hotel","Nhà Nghỉ Đại Hữu","Khách sạn"
"hotel","Nhà Nghỉ Đại An","Khách sạn"
"hotel","Nhà Nghỉ Ban Mai 2","Khách sạn"
"hotel","Nhà khách Bộ Công An","Nhà khách"
"hotel","Nhà Nghỉ Lan Anh","Nhà nghỉ trượt tuyết"
"hotel","Mii's home","Khách sạn"
"hotel","Nhà Nghỉ Giá Rẻ Bình Dân","Khách sạn nghỉ dưỡng"
"hotel","Nhà nghỉ 98","Khách sạn"
"hotel","Nhà nghỉ bình dân Trúc Mai - Chùa Láng","Đại lý cho thuê nhà nghỉ"
"hotel","Nhà Nghỉ Tiến Thành","Khách sạn"
"hotel","Nhà Nghỉ Luxury","Khách sạn"
"hotel","NHÀ NGHỈ BÊN HỒ","Nhà nghỉ dưỡng cho thuê"
"hotel","Nhà Nghỉ Thanh Lan Bình dân","Khách sạn"
"hotel","Nhà Nghỉ 36 - NSC","Khách sạn"
"hotel","Nhà nghỉ bình dân","Phòng cho thuê"
"hotel","Nhà Nghỉ Bình Nguyên","Khách sạn"
"hotel","Nhà Nghỉ Hòa Bình","Khách sạn"
"hotel","Nhà Nghỉ Phương Anh","Nhà nghỉ trượt tuyết"
"hotel","Nhà nghỉ Bình Hiền","Nhà nghỉ dưỡng cho thuê"
"hotel","Nhà Nghỉ Ngân An","Khách sạn"
"hotel","Nhà Nghỉ Bình An 1","Nhà nghỉ trượt tuyết"
"hotel","Nhà Nghỉ Hoàng Ngân","Nhà nghỉ trượt tuyết"
"hotel","Nhà nghỉ Bình Minh 2","Trạm nghỉ"
"hotel","Nhà Nghỉ Bích Thuận","Nhà trọ"
"hotel","Nhà Nghỉ Thanh Bình 1","Khách sạn"
"hotel","Nhà nghỉ Sao star","Nhà trọ"
"hotel","Nhà Nghỉ khánh linh","Khách sạn"
"hotel","Nhà Nghỉ Ngọc Tùng","Nhà nghỉ dưỡng cho thuê"
"hotel","Nhà Nghỉ Ba Tư","Khách sạn"
"hotel","Nhà Nghỉ Bình An 2","Nhà nghỉ trượt tuyết"
"hotel","Nhà nghỉ Đại Đồng 2","Khách sạn"
"hotel","Nhà Nghỉ 686 Minh Khai","Nhà nghỉ trượt tuyết"
"hotel","Nhà Nghỉ Bình Minh","Nhà trọ"
"hotel","Nhà Nghỉ Bình Thân","Nhà trọ"
"hotel","Nhà Nghỉ Mùa Xuân","Khách sạn"
"hotel","Khách Sạn Giá Rẻ Hà Nội - khachsangiarehanoi","Khách sạn"
"hotel","Nhà nghỉ bình nguyên 2","Lưu trú nhà dân"
"hotel","Nhà Nghỉ Nam Cường","Khách sạn"
"hotel","Nhà Nghỉ Hồng hà","Nhà nghỉ trượt tuyết"
"hotel","Nhà Nghỉ Tây Đô","Nhà nghỉ trượt tuyết"
"hotel","Khách Sạn Blue 29","Khách sạn"
"hotel","Nhà nghỉ Ngọc Anh","Nhà nghỉ dưỡng"
"hotel","North Hostel N.2","Nhà trọ"
"hotel","Nhà nghỉ Thái Sơn","Nhà nghỉ trượt tuyết"
"hotel","Nhà Nghỉ Sáng Hà","Khách sạn"
"hotel","Nhà Nghỉ Ban Mai","Nhà nghỉ trượt tuyết"
"hotel","Nhà Nghỉ Khánh Linh 2 bình dân","Khách sạn"
"hotel","Nhà Nghỉ Bảo Sơn Villa 2","Nhà nghỉ trượt tuyết"
"hotel","Nhà nghỉ Thu Hà 3A","Khách sạn"
"hotel","Nhà Nghỉ Trăng 2","Khách sạn"
"hotel","Nhà Nghỉ Bình Dân 24/24","Khách sạn"
"hotel","ĐỨC ANH HOTEL (Khách Sạn- Nhà Nghỉ)","Khách sạn"
"hotel","Nhà Nghỉ Kim Dung","Nhà nghỉ trượt tuyết"
"hotel","Nhà Nghỉ Hương Quỳnh","Nhà nghỉ trượt tuyết"
"hotel","Nhà Nghỉ Bình Dân 88","Nhà nghỉ dưỡng"
"hotel","Nhà Nghỉ Hương Sen 3","Chỗ trọ trong nhà"
"hotel","NGÁO Home - Giảng Võ","Lưu trú nhà dân"
"hotel","Nhà lưu trú Cty Kymdan","Lưu trú nhà dân"
"hotel","Nhà lưu trú A1","Khách sạn"
"hotel","Nhà Lưu Trú Bệnh Viện E","Phòng cho thuê"
"hotel","Miu Homestay - CS1 Đê La Thành","Khách sạn lưu trú dài hạn"
"hotel","Yen's House","Lưu trú nhà dân"
"hotel","Nhà Trọ Lưu Hà","Hiệp hội nhà ở"
"hotel","Nhà trọ Thịnh Lưu","Nhà trọ"
"hotel","Nhà Trọ Ba Lưu","Nhà trọ"
"hotel","Link Villa Hanoi","Lưu trú nhà dân"
"hotel","Nhà khách lưu trú","Nhà nghỉ thanh niên"
"hotel","Nhà thuê","Lưu trú nhà dân"
"hotel","An Homestay","Lưu trú nhà dân"
"hotel","Quyet Homestay","Lưu trú nhà dân"
"hotel","Nhà lưu trú Tuna","Lưu trú nhà dân"
"hotel","Hanoi A83 Hotel","Khách sạn"
"hotel","OYO 546 Thu Do Vang 12 Hotel","Khách sạn"
"hotel","The Autumn Homestay","Lưu trú nhà dân"
"hotel","NHÀ NGHỈ TÂN TIẾN","Khách sạn"
"hotel","Hanoi IRIS Homestay 2A Nguyên Hồng","Khách sạn"
"hotel","Khách Sạn","Khách sạn tình yêu"
"hotel","Tulip Hotel","Khách sạn"
"hotel","Blue Hanoi Inn City Hotel","Khách sạn"
"hotel","Khách Sạn Capital Garden","Phòng cho thuê"
"hotel","Khách Sạn Lake View","Khách sạn"
"hotel","A25 HOTEL - 36 GIANG VĂN MINH","Khách sạn"
"hotel","Nhà nghỉ tiến minh","Khách sạn"
"hotel","Nhà nghỉ điệp nhẫn","Khách sạn"
"hotel","Ngoc Lan 2 Hotel","Khách sạn"
"hotel","Minh Trang Phòng Nghỉ Vip","Khách sạn"
"hotel","Nhà nghỉ 555","Khách sạn"
"hotel","Nhà nghỉ Huyền Anh","Nhà trọ"
"hotel","Nhà nghỉ A9","Nhà trọ"
"hotel","Nhà Nghỉ Minh Hằng 1","Khách sạn"
"hotel","Nhà Nghỉ Mạnh Quân","Khách sạn"
"hotel","Nhà Nghỉ Nghĩa Hoàn","Khách sạn"
"hotel","Nhà Nghỉ Hoa Dương","Khách sạn"
"hotel","Nhà Nghỉ Duy Linh","Trạm nghỉ"
"hotel","Nhà nghỉ Hoàng Tử 9","Trạm nghỉ"
"hotel","Nhà nghỉ Bình Yên","Khách sạn"
"hotel","Nhà Nghỉ Thùy Dương","Nhà nghỉ trượt tuyết"
"hotel","Nhà Nghỉ Cát Linh","Trạm nghỉ"
"hotel","Nhà Nghỉ Văn Lương","Khách sạn"
"hotel","Nhà Nghỉ Vạn Xuân","Nhà nghỉ trượt tuyết"
"hotel","Nhà Nghỉ Hoa Phượng","Nhà nghỉ trượt tuyết"
"hotel","Nhà nghỉ QT Nam Khánh","Khách sạn"
"hotel","NHÀ NGHỈ 181","Nhà nghỉ trượt tuyết"
"hotel","Nhà Nghỉ Huyền My","Nhà khách"
"hotel","Nhà Nghỉ Linh Anh","Chỗ trọ trong nhà"
"hotel","Nhà Nghỉ Thế Phong","Nhà hàng"
"hotel","Nhà Nghỉ Anh Đức","Chỗ trọ trong nhà"
"hotel","Nhà Nghỉ Trúc Mai 6","Khách sạn"
"hotel","Nhà nghỉ Hoàng Gia II","Khách sạn"
"hotel","Nhà Nghỉ Phương Thảo","Nhà nghỉ trượt tuyết"
"hotel","NHÀ NGHỈ 24h","Khách sạn"
"hotel","Nhà nghỉ Sao Băng","Khách sạn"
"hotel","Nhà Nghỉ Huyền Trang","Chỗ trọ trong nhà"
"hotel","Nhà Nghỉ Bích Ngọc","Nhà nghỉ trượt tuyết"
"hotel","Nhà nghỉ Tuấn Trường","Nhà nghỉ trượt tuyết"
"hotel","Nhà Nghỉ Hoa Anh Đào","Nhà nghỉ trượt tuyết"
"hotel","Nhà Nghỉ Sao A","Khách sạn"
"hotel","Nhà Nghỉ Hoa Lư","Chỗ trọ trong nhà"
"hotel","Nhà Nghỉ Hương Nam","Nhà nghỉ trượt tuyết"
"hotel","Nhà Nghỉ Tâm Anh","Khách sạn"
"hotel","Khu 7 sơn lương phú thọ","Lưu trú nhà dân"
"hotel","Nhà Nghỉ MINH PHÚC","Nhà nghỉ dưỡng cho thuê"
"hotel","Vietnam Vacation Club","Đại lý du lịch"
"hotel","Khu Nghỉ Dưỡng Làng An Bình","Khách sạn nghỉ dưỡng"
"hotel","NYT HOME Giang Vo","Căn hộ nghỉ dưỡng cho thuê"
"hotel","Công ty TNHH Khu du lịch Vịnh Thiên Đường","Văn phòng công ty"
"hotel","NCC Garden Villas - Khu Biệt thự Trung tâm Hội nghị Quốc gia","Khách sạn"
"hotel","Đòng Garden","Nhà nghỉ dưỡng cho thuê"
"hotel","Garden","Khách sạn nghỉ dưỡng"
"hotel","Đội Cấn Resort & Cafe","Lưu trú nhà dân"
"hotel","Tản Đà Spa Resort","Khách sạn nghỉ dưỡng"
"hotel","Homestay Nguyên hồng","Căn hộ nghỉ dưỡng cho thuê"
"hotel","CoCo Hotel","Khách sạn"
"hotel","Domino Home","Căn hộ nghỉ dưỡng cho thuê"
"hotel","Khách Sạn Hoa Lan 2","Khách sạn"
"hotel","Khu nghỉ dưỡng Ba Hạt Dẻ","Khách sạn nghỉ dưỡng"
"hotel","Nghỉ dưỡng","Khách sạn"
"hotel","Công Ty Thẻ Du Lịch Crystal Bay","Đại lý du lịch"
"hotel","LushStay - CN Yet Kieu","Lưu trú nhà dân"
"hotel","Mộc Tiên Retreat","Khách sạn nghỉ dưỡng"
"hotel","Lynntimes Thanh Thủy","Khách sạn nghỉ dưỡng"
"hotel","Mai Châu Ecolodge","Khách sạn nghỉ dưỡng"
"hotel","Đại Dương Hotel - 28 Nguyễn Khang","Khách sạn"
"hotel","Ha Noi Calido Hotel","Khách sạn nghỉ dưỡng"
"hotel","Libré Homestay by VnaHomes","Khách sạn"
"hotel","KHU NGHỈ DƯỠNG TUẤN ANH","Khách sạn"
"hotel","ĐỒI THÔNG Homestay","Khách sạn nghỉ dưỡng"
"hotel","Hanoi Local Vibe Homestay","Khách sạn"
"hotel","Amour Resort Bavi","Khách sạn nghỉ dưỡng"
"hotel","Tea Hotel & Zen Tea","Khách sạn lưu trú dài hạn"
"hotel","Jeju Hotel","Khách sạn"
"hotel","A25 Hotel - Hoàng Đạo Thúy","Khách sạn"
"hotel","Homestay CHẤT","Căn hộ nghỉ dưỡng cho thuê"
"hotel","Tien Dat Hotel","Khách sạn"
"hotel","Cốm Homestay","Căn hộ nghỉ dưỡng cho thuê"
"hotel","Keypad Hotel - Nhân Hòa","Khách sạn"
"hotel","Hanoi Broken Social Club","Lưu trú nhà dân"
"hotel","Khách Sạn Khăn Quàng Đỏ","Khách sạn"
"hotel","Happy House Hotel","Khách sạn nghỉ dưỡng"
"hotel","Hotel Dinh","Nhà nghỉ trượt tuyết"
"hotel","Homestay de Fam","Nhà nghỉ dưỡng cho thuê"
"hotel","Dream Aparthotel","Chung cư"
"hotel","Nhà Khách Quân Đội","Nhà khách"
"hotel","Nhà nghỉ Hà Nội Vàng","Khách sạn"
"hotel","VyHouse Hotel","Khách sạn"
"hotel","Khách Sạn Phương Đông","Khách sạn"
"hotel","CÔNG TY TNHH TMDV HANVINA TRAVEL","Đại lý du lịch"
"hotel","May's Cottage","Nhà trọ"
"hotel","The Westin Hanoi","Khách sạn"
"hotel","Nhà Nghỉ An Phú","Khách sạn"
"hotel","Kitty Home","Khách sạn"
"hotel","Viewest Glamping Stay","Văn phòng công ty"
"hotel","The HappyStay","Lưu trú nhà dân"
"hotel","Flamingo Cát Bà Beach Resort","Khách sạn nghỉ dưỡng"
"hotel","CÔNG TY TNHH OH VACATION - 19006967","Đại lý du lịch"
"hotel","Muse Boutique Apartment","Căn hộ nghỉ dưỡng cho thuê"
"hotel","Era Cozy Apartment","Khách sạn"
"hotel","Hanoi Westlake Homestay","Khách sạn lưu trú dài hạn"
"hotel","Khu nghỉ dưỡng Làng hạnh phúc","Khách sạn nghỉ dưỡng"
"hotel","Sen Hotel 1","Khách sạn"
"hotel","LOTUS INN Serviced Apartment Hanoi","Khách sạn lưu trú dài hạn"
"hotel","HONEYMOON Hotel 2","Khách sạn"
"hotel","A25 Hotel - Đội Cấn 2","Khách sạn"
"hotel","EVEREST HOTEL","Khách sạn"
"hotel","Khách sạn Đống Đa - Kaori Hotel","Khách sạn"
"hotel","RedDoorz near Lieu Giai Street 1","Khách sạn"
"hotel","HERA HOTEL & APARTMENT","Khách sạn lưu trú dài hạn"
"hotel","Asahi Le Capitole","Căn hộ nghỉ dưỡng cho thuê"
"hotel","A25 Hotel - 88 Nguyễn Khuyến","Khách sạn"
"hotel","Lalago - Đặt Phòng Thảnh Thơi","Văn phòng công ty"
"hotel","Dom's Residence & Hotel Hanoi","Khách sạn"
"hotel","Pearl Hotel","Khách sạn"
"hotel","BĐS Nghỉ Dưỡng","Công ty tư vấn bất động sản"
"hotel","La Sinfonía Citadel Hotel and Spa","Khách sạn"
"hotel","Paragon resort","Khách sạn"
"hotel","Lilo's Homestay","Lưu trú nhà dân"
"hotel","Hera Palace Hotel & Apartment Ba Dinh","Khách sạn"
"hotel","La Saveur Resort Hòa Bình","Biệt thự nhà vườn"
"hotel","Vlocation resort","Biệt thự nhà vườn"
"hotel","VNAHOMES Serviced Apartment","Khách sạn"
"hotel","Khe Gioòng resort","Phòng cho thuê"
"hotel","Hưng Hợp Resort","Văn phòng công ty"
"hotel","Lakeside Resort","Khách sạn nghỉ dưỡng"
"hotel","Resort Minh Sơn","Khách sạn nghỉ dưỡng"
"hotel","Wyndham Sky Lake Resort & Villas","Khách sạn nghỉ dưỡng"
"hotel","Thủy Quang resort","Biệt thự"
"hotel","PG's resort","Dự án nhà"
"hotel","Bà Lương resort","Khách sạn nghỉ dưỡng"
"hotel","Thanh Loan Resort","Khách sạn nghỉ dưỡng"
"hotel","Phú Ninh Homestay","Khách sạn nghỉ dưỡng"
"hotel","Lavita Resort","Nhà nghỉ dưỡng cho thuê"
"hotel","Tano Stone Resort - Tang Xinh Sweet Home","Khách sạn nghỉ dưỡng"
"hotel","The Five Hotel & Resort Evara","Khách sạn nghỉ dưỡng"
"hotel","Maro Castel","Khách sạn nghỉ dưỡng"
"hotel","Angel Resort","Khách sạn nghỉ dưỡng"
"hotel","Paradise Dai lai Resort","Khách sạn"
"hotel","Hoà Sơn resort","Khách sạn nghỉ dưỡng"
"hotel","Resort Bill-Bon","Khách sạn"
"hotel","Hoàng Long Resort","Khách sạn nghỉ dưỡng"
"hotel","Resort Trường Thành","Khách sạn nghỉ dưỡng"
"hotel","Meliá Vinpearl Tay Ninh","Khách sạn nghỉ dưỡng"
"hotel","Xanh Melody Resort","Khách sạn nghỉ dưỡng"
"hotel","May Homestay","Khách sạn"
"hotel","SJourney Luxury Train Hanoi","Khách sạn nghỉ dưỡng"
"hotel","Emerald Paradise","Khách sạn nghỉ dưỡng"
"hotel","Garden Resort","Khách sạn"
"hotel","Resort Hoà Bình","Khách sạn"
"hotel","Duy Chinh","Khách sạn nghỉ dưỡng"
"hotel","Văn phòng Star Villa Vũng Tàu - Đống Đa - Hà Nội","Khách sạn nghỉ dưỡng"
"hotel","Ivory Villas & Resort - Phòng kinh doanh","Khách sạn nghỉ dưỡng"
"hotel","Villa bavi-Hoàng Yến garden","Khách sạn nghỉ dưỡng"
"hotel","Hải Giang Hotel","Khách sạn nghỉ dưỡng"
"hotel","SenStay","Khách sạn nghỉ dưỡng"
"hotel","Thuê Phòng Flamingo giá gốc tốt nhất","Khách sạn nghỉ dưỡng"
"hotel","Athena resort","Khách sạn"
"hotel","Công Ty Tnhh Tư Vấn Và Du Lịch Tiên Phong","Khách sạn nghỉ dưỡng"
"hotel","Khánh Homestay","Khách sạn nghỉ dưỡng"
"hotel","Homestay Villa Resort Gần Hà Nội","Biệt thự"
"hotel","Sơn Tinh Resorts Holding","Khách sạn nghỉ dưỡng"
"hotel","Voucher Resort & Hotel Giá Rẻ","Văn phòng công ty"
"hotel","XaDan Homestay2","Khách sạn nghỉ dưỡng"
"hotel","iRest Apartment","Khách sạn"
"hotel","Kim Bích Resort","Biệt thự"
"hotel","Resort ngọc diệp","Dự án nhà"
"hotel","Minh Oanh Resort","Điểm thu hút khách du lịch"
"hotel","Timeless Hanoi – Green Era Living","Khách sạn nghỉ dưỡng"
"hotel","Gia Triệu Homestay","Khách sạn nghỉ dưỡng"
"hotel","Bungalow","Khách sạn nghỉ dưỡng"
"hotel","U&V Resort","Biệt thự"
"hotel","Almaholiday's luxury apartments and villas in 5* resort, Cam Ranh, Nha Trang","Căn hộ nghỉ mát"
"hotel","Đức Kiên Resort","Chung cư"
"hotel","Apec Mandala Mũi Né Resorts & Hotels NN","Khách sạn"
"hotel","Lakeside Resort Apartment","Căn hộ nghỉ mát"
"hotel","Ks hồng hà","Khách sạn nghỉ dưỡng"
"hotel","Van Anh Motel","Nhà nghỉ trượt tuyết"
"hotel","Kim Hotel & Apartment","Khách sạn"
"hotel","Khách sạn Phương Minh","Khách sạn"
"hotel","Hotel Pure","Khách sạn"
"hotel","Khách Sạn City View","Khách sạn"
"hotel","Hotel Nam Sơn Tân Dương","Khách sạn"
"hotel","HÀO PHÚC HOTEL","Khách sạn"
"hotel","GOLDEN JOY HOTEL & APARTMENT","Khách sạn"
"hotel","Camela Hotel & Resort","Khách sạn"
"hotel","Khách sạn Solis","Khách sạn"
"hotel","Khách sạn Tân An Palace","Khách sạn"
"hotel","Melia Vinpearl Hai Phong Rivera","Khách sạn"
"hotel","Lều Vịt Homestay Hải Phòng","Khách sạn"
"hotel","Merry House BH04-12A - Serviced Apartment","Khách sạn"
"hotel","Halidao Homestay Hải Phòng","Khách sạn"
"hotel","Meta Apartment & Homestay","Lưu trú nhà dân"
"hotel","META HOME Serviced Apartment","Lưu trú nhà dân"
"hotel","Khách sạn Quỳnh Trang","Khách sạn"
"hotel","Nhật Minh Motel","Khách sạn"
"hotel","Hotel Nam Sơn","Khách sạn lưu trú dài hạn"
"hotel","Homestay Honey Appartment - Hoàng Huy Grand Tower","Khách sạn"
"hotel","Sheraton Hai Phong","Khách sạn"
"hotel","PH Hotel & Apartment","Khách sạn lưu trú dài hạn"
"hotel","The Flamboyant #StayWork Vinhomes Imperia","Chỗ ở được phục vụ"
"hotel","Draco Thang Long Hotel","Khách sạn"
"hotel","The Tray Hotel","Khách sạn"
"hotel","Punt Hotel - Khách sạn Hải Phòng","Khách sạn"
"hotel","Ba Con Ếch Homestay-Coffee-Lunch","Phòng cho thuê"
"hotel","Khách sạn Pullman Hải Phòng","Khách sạn"
"hotel","The Eastern Hotel & Apartment","Khách sạn"
"hotel","Wink Hai Phong Centre, part of Unscripted by Hyatt","Khách sạn"
"hotel","ANVI HOUSE Apartment","Lưu trú nhà dân"
"hotel","Khách Sạn Đông Đô","Khách sạn"
"hotel","Hải Phượng Hotel","Khách sạn"
"hotel","The Quin Hotel","Khách sạn"
"hotel","Khách sạn IRIS Hải Phòng","Khách sạn"
"hotel","Haiphong Backpacker hostel","Nhà trọ"
"hotel","Đông Dương Hotel","Khách sạn lưu trú dài hạn"
"hotel","Paul CHABOT Hotel","Khách sạn"
"hotel","Khách Sạn Thiện Anh","Khách sạn"
"hotel","Khách sạn Menrva","Khách sạn"
"hotel","Merry House Hoàng Huy Riverside Serviced Apartment","Khách sạn lưu trú dài hạn"
"hotel","Hai Phong Harbour View Hotel","Khách sạn"
"hotel","Na’s Homestay Hải Phòng","Lưu trú nhà dân"
"hotel","Khách sạn Thanh Bình","Khách sạn"
"hotel","C&K Homestay Hai Phong","Khách sạn"
"hotel","Khách sạn Hoàng Hải","Khách sạn"
"hotel","PHAM. Homes","Lưu trú nhà dân"
"hotel","tuấn nam hotel","Khách sạn"
"hotel","Kovie Hotel 코비호텔","Khách sạn"
"hotel","Khách Sạn Luxury","Khách sạn"
"hotel","Hoang Long Hotel - Hai Phong Center","Khách sạn"
"hotel","Gare D’47 homestay / hotel","Khách sạn"
"hotel","Khách sạn Trung Kiên Hải Phòng","Khách sạn"
"hotel","Khách sạn Nam Sơn","Khách sạn lưu trú dài hạn"
"hotel","AUI Nguyen Trai","Khách sạn"
"hotel","Thuy Duong Hotel & Apartments","Khách sạn"
"hotel","The Nova Hotel & Apartment","Khách sạn"
"hotel","CINDY HOTEL & APARTMENT","Khách sạn"
"hotel","Haiphong Tower Hotel & Apartment","Tòa nhà với các căn hộ đã được hoàn thiện"
"hotel","Hotell Nam Sơn","Khách sạn lưu trú dài hạn"
"hotel","Trang Thanh Serviced Apartment & Hotel","Chỗ ở được phục vụ"
"hotel","Mercure Hai Phong","Khách sạn"
"hotel","CANDY HOTEL","Khách sạn"
"hotel","NINA Hotel","Khách sạn"
"hotel","Nhà Nghỉ Thành Gia Mini Hotel","Nhà nghỉ trượt tuyết"
"hotel","Nhà khách Hải quân","Nhà khách"
"hotel","Nhà nghỉ bình dân giá rẻ Hoa Cau","Nhà nghỉ trượt tuyết"
"hotel","Nhà Nghỉ Nhật Duyên","Nhà khách"
"hotel","Nhà Nghỉ Hà My","Khách sạn"
"hotel","Quang Thang Guest House","Khách sạn"
"hotel","Nhà Nghỉ Tân Hoa","Nhà khách"
"hotel","Nhà Nghỉ Phương Mai","Khách sạn"
"hotel","Gió Nam Nhà Nghỉ","Khách sạn"
"hotel","Nhà khách BTL Vùng 1 Hải quân","Nhà khách"
"hotel","Nhà Nghỉ Quỳnh Trang","Khách sạn"
"hotel","Nhà Nghỉ Văn Minh","Nhà nghỉ trượt tuyết"
"hotel","Van Anh Guest House","Khách sạn"
"hotel","Nhà Nghỉ Tùng Dương (Thuỷ Nguyên, HP)","Khách sạn"
"hotel","Nhà Nghỉ Thiên An","Nhà khách"
"hotel","Nhà Nghỉ Thảo Quỳnh","Nhà nghỉ trượt tuyết"
"hotel","Nhà Nghỉ Thanh Tùng","Nhà nghỉ trượt tuyết"
"hotel","Nhà Nghỉ Quang Hưng","Khách sạn"
"hotel","NHÀ NGHỈ HẢI HÀ","Khách sạn tình yêu"
"hotel","Nhà Nghỉ Tuấn Lâm","Nhà nghỉ trượt tuyết"
"hotel","Nhà Nghỉ Phú Đạt","Nhà khách"
"hotel","Nhà nghỉ Quỳnh Hương (299k/1 đêm )","Khách sạn"
"hotel","Nhà Nghỉ Duy Anh - Hồng Bàng - Hải Phòng","Khách sạn lưu trú dài hạn"
"hotel","Nhà Nghỉ Hương Nhung","Khách sạn"
"hotel","Nhà nghỉ Thế Mạnh","Phòng cho thuê"
"hotel","Nhà nghỉ Phong Lan","Khách sạn"
"hotel","Nhà Nghỉ Tố Như","Khách sạn"
"hotel","Nhà Nghỉ lan Bình","Khách sạn"
"hotel","Nhà nghỉ Như Ý","Nhà nghỉ trượt tuyết"
"hotel","Nhà Nghỉ Hoa sơn","Chỗ trọ trong nhà"
"hotel","Nhà Nghỉ 88","Nhà trọ"
"hotel","Nhà Nghỉ Thu Hằng","Nhà nghỉ trượt tuyết"
"hotel","Nhà Nghỉ Nam Trang","Khách sạn"
"hotel","Nhà Nghỉ Huy Hoàng","Nhà nghỉ trượt tuyết"
"hotel","Nhà Nghỉ Quỳnh Ngọc","Khách sạn"
"hotel","Nhà Nghỉ Tùng Lâm","Nhà nghỉ trượt tuyết"
"hotel","Nhà nghỉ huyện An Dương","Khách sạn"
"hotel","Metahome Apartment","Căn hộ nghỉ dưỡng cho thuê"
"hotel","DN Stay Cơ sở 1","Căn hộ nghỉ dưỡng cho thuê"
"hotel","HeartStay","Khu liên hợp căn hộ"
"hotel","MINHKHANG HOTEL","Căn hộ nghỉ dưỡng cho thuê"
"hotel","Apartment 1","Căn hộ nghỉ dưỡng cho thuê"
"hotel","The LuxHomes Apartment ᵀᴹ I Vinhomes Imperia","Căn hộ nghỉ dưỡng cho thuê"
"hotel","Homestay HP","Căn hộ nghỉ dưỡng cho thuê"
"hotel","Dip Haus Homestay - 45 Hoàng Văn Thụ","Căn hộ nghỉ dưỡng cho thuê"
"hotel","Panklee Homestay","Căn hộ nghỉ dưỡng cho thuê"
"hotel","Happy Homestay Hải Phòng","Căn hộ nghỉ dưỡng cho thuê"
"hotel","DORO Cinema Coffee","Căn hộ nghỉ dưỡng cho thuê"
"hotel","Chỗ ở họp","Căn hộ nghỉ dưỡng cho thuê"
"hotel","Our Homestay","Căn hộ nghỉ dưỡng cho thuê"
"hotel","Apartment","Căn hộ nghỉ dưỡng cho thuê"
"hotel","Khánh Phong Apartment PG02-20","Căn hộ nghỉ dưỡng cho thuê"
"hotel","Cho thuê Vinhomes Imperia Rentals | Hai Phong 高级公寓出租 | 하이퐁 아파트 임대","Đại lý cho thuê căn hộ"
"hotel","Hannah Homestay","Căn hộ nghỉ dưỡng cho thuê"
"hotel","Nhà nghỉ Phương Thoa","Căn hộ nghỉ dưỡng cho thuê"
"hotel","26 Residence Hanoi","Căn hộ nghỉ dưỡng cho thuê"
"hotel","Nhà LK2-22 Hoàng Huy Pruksa Town","Căn hộ nghỉ dưỡng cho thuê"
"hotel","Lahomes Thái Hà","Căn hộ nghỉ dưỡng cho thuê"
"hotel","Thanh Apartment","Căn hộ nghỉ dưỡng cho thuê"
"hotel","Ngochomestay","Căn hộ nghỉ dưỡng cho thuê"
"hotel","Love Path Homestay","Căn hộ nghỉ dưỡng cho thuê"
"hotel","Papa's Homestay","Căn hộ nghỉ dưỡng cho thuê"
"hotel","MAY STAY","Căn hộ nghỉ dưỡng cho thuê"
"hotel","G. Stay","Căn hộ nghỉ dưỡng cho thuê"
"hotel","Nhà nghỉ Vinh Quang","Căn hộ nghỉ dưỡng cho thuê"
"hotel","META HOME HD106 - Apartment&Homestay","Căn hộ nghỉ dưỡng cho thuê"
"hotel","Aura Home Thái Hà","Căn hộ nghỉ dưỡng cho thuê"
"hotel","Toan Tien Housing's the Celadon Building","Căn hộ nghỉ dưỡng cho thuê"
"hotel","Hanoi Lakeside Guesthouse","Căn hộ nghỉ dưỡng cho thuê"
"hotel","Bluehomes 34 Hoàng Cầu","Căn hộ nghỉ dưỡng cho thuê"
"hotel","Thao Nguyen Homestay Ha Noi","Căn hộ nghỉ dưỡng cho thuê"
"hotel","Lahomestay Nguyễn Văn Tuyết","Căn hộ nghỉ dưỡng cho thuê"
"hotel","SakuraHousing-Vinhomes Metropolis Apartment","Căn hộ nghỉ dưỡng cho thuê"
"hotel","VIHA HOME","Căn hộ nghỉ dưỡng cho thuê"
"hotel","Chisina House","Căn hộ được phục vụ"
"hotel","Chung cư Mini Happy House","Căn hộ nghỉ dưỡng cho thuê"
"hotel","The Urbanist – Hanoi Gardenia Living","Khách sạn"
"hotel","Hanoi's Hidden Gem Escape Rooftop","Căn hộ nghỉ dưỡng cho thuê"
"hotel","Era Apartment Trung Liệt","Căn hộ nghỉ dưỡng cho thuê"
"hotel","26 Phạm Huy Thông","Căn hộ nghỉ dưỡng cho thuê"
"hotel","Funhome Apartment Kim Mã","Căn hộ nghỉ dưỡng cho thuê"
"hotel","SALAHOMES","Căn hộ nghỉ dưỡng cho thuê"
"hotel","Căn hộ Phú Đăng-Phú Đăng Apartment","Căn hộ nghỉ dưỡng cho thuê"
"hotel","Private Homes","Lưu trú nhà dân"
"hotel","GP Invest Building","Tòa nhà với các căn hộ đã được hoàn thiện"
"hotel","MOONLIGHT TAY HO","Căn hộ nghỉ dưỡng cho thuê"
"hotel","CQSH Nunanunong 34NH","Căn hộ nghỉ dưỡng cho thuê"
"hotel","Toantienhousing ThreeTree","Căn hộ nghỉ dưỡng cho thuê"
"hotel","ECO Green Building","Căn hộ nghỉ dưỡng cho thuê"
"hotel","Hao Nam Apartment by Dapano","Căn hộ nghỉ dưỡng cho thuê"
"hotel","Chung cư C7","Chung cư"
"hotel","SUMITOMO 3 Serviced Apartment","Căn hộ nghỉ dưỡng cho thuê"
"hotel","NINE HOUSING B3 Kim Ma","Căn hộ nghỉ dưỡng cho thuê"
"hotel","Toan Tien Housing Moon Building","Căn hộ nghỉ dưỡng cho thuê"
"hotel","Luxury Apartment in Vinhomes Metropolis near Lotte","Căn hộ nghỉ dưỡng cho thuê"
"hotel","Sumitomo4 Apartment - 20 Dao Tan","Căn hộ được phục vụ"
"hotel","Sumitomo9 Apartment - 58 Dao Tan","Căn hộ được phục vụ"
"hotel","SH Giang Vo","Căn hộ nghỉ dưỡng cho thuê"
"hotel","Aura home Thành Công","Căn hộ nghỉ dưỡng cho thuê"
"hotel","FULL HOUSE HIẾU HUYỀN","Căn hộ nghỉ dưỡng cho thuê"
"hotel","HIMAWARI Services 629 Kim Ma","Căn hộ nghỉ dưỡng cho thuê"
"hotel","CHDV BMC","Căn hộ nghỉ dưỡng cho thuê"
"hotel","Căn hộ nghỉ dưỡng","Căn hộ"
"hotel","12 Ng. 523 P. Kim Mã,Ngọc Khánh, Ba Đình, Hà Nội, Việt Nam","Căn hộ nghỉ dưỡng cho thuê"
"hotel","Bluehomes Đội Cấn","Căn hộ nghỉ dưỡng cho thuê"
"hotel","Khu căn hộ dịch vụ PARKROYAL Hà Nội (PARKROYAL Hanoi Serviced Suites)","Khách sạn"
"hotel","AliHomes CS2","Căn hộ nghỉ dưỡng cho thuê"
"hotel","LYNN Apartment - Vinhomes Metropolis - Lotte Hanoi","Căn hộ nghỉ dưỡng cho thuê"
"hotel","Louis Apartment","Căn hộ nghỉ dưỡng cho thuê"
"hotel","Royal Serviced apartment Vinhomes Metropolis","Căn hộ nghỉ dưỡng cho thuê"
"hotel","CHDV BMC Thái Thịnh","Căn hộ nghỉ dưỡng cho thuê"
"hotel","Lancaster Hanoi","Chỗ ở được phục vụ"
"hotel","Nhà khách Thành phố","Nhà khách"
"hotel","AUI Hotel","Khách sạn"
"hotel","GALLANT HOTEL 154","Khách sạn"
"hotel","GM Homestay","Lưu trú nhà dân"
"hotel","Sunflower homestay","Lưu trú nhà dân"
"hotel","Nhà trọ Đăng Bền","Nhà trọ"
"hotel","Hoàng Tuyết Motel hay Happy guest house","Khách sạn"
"hotel","PHẠM Hotel & Views","Khách sạn"
"hotel","Hotel Hoàng Tùng","Khách sạn"
"hotel","Thao Mai","Khách sạn"
"hotel","Lotus Hotel & Apartments","Khách sạn"
"hotel","Cozi 9 Hotel","Khách sạn"
"hotel","Pandora Aparment & motel","Khách sạn"
"hotel","QUEENIE Hotel","Khách sạn"
"hotel","Home Sweet Home","Khách sạn"
"hotel","Méow Homestays Hải Phòng","Lưu trú nhà dân"
"hotel","Nhà trọ bùi thanh","Nhà trọ"
"hotel","AU79 Hotel & Apartment","Khách sạn"
"hotel","Nhà trọ Sơn Định","Nhà trọ"
"hotel","Nhà trọ tân dương","Nhà trọ"
"hotel","Trọ bác Tuấn","Nhà trọ"
"hotel","Nhà trọ gia đình","Nhà trọ"
"hotel","Nhà trọ ông Trúc","Phòng cho thuê"
"hotel","Nhà trọ Duyên Thuỷ","Nhà trọ"
"hotel","Nhà trọ chú Sáu","Nhà trọ"
"hotel","Nhà trọ Cô Tám","Nhà trọ"
"hotel","Phòng Trọ Hồ Đá","Nhà trọ"
"hotel","Vinh Ngân 2 - Nhà trọ","Nhà trọ"
"hotel","Nhà Trọ Phương Nam","Nhà trọ"
"hotel","Nhà trọ Doan Sách","Nhà trọ"
"hotel","Nhà Trọ Dự Thu","Nhà trọ"
"hotel","Nhà trọ Bác Vinh","Nhà trọ"
"hotel","Nhà trọ bà tình","Nhà trọ"
"hotel","NHÀ TRỌ LÂM ĐỘNG","Nhà trọ"
"hotel","Nhà trọ Cô Loan","Nhà trọ"
"hotel","Nhà Trọ Hướng Dương","Nhà trọ"
"hotel","Nhà trọ công nhân","Nhà trọ"
"hotel","Nhà trọ Tuấn Ngọc","Nhà trọ"
"hotel","Nhà trọ ông chính, gốc cây me","Nhà trọ"
"hotel","Nhà Trọ Bảo Phúc","Nhà trọ"
"hotel","Nhà ông chính","Nhà trọ"
"hotel","Nhà PHY","Lưu trú nhà dân"
"hotel","Nhà Trọ Cường Hằng 4b","Nhà trọ"
"hotel","Nhà Trọ Trai Hoà","Nhà trọ"
"hotel","Nhà Trọ Cô Dịp","Nhà trọ"
"hotel","quân hà","Nhà trọ"
"hotel","Nhà trọ Khương Nụ","Nhà trọ"
"hotel","Nhà trọ Chú Huy","Nhà trọ"
"hotel","Nhà trọ Ông Thủy","Nhà trọ"
"hotel","Nhà Trọ Văn Minh","Phòng cho thuê"
"hotel","Nhà Ông Hân","Khách sạn"
"hotel","Chỗ học","Nhà trọ"
"hotel","Nhà trọ Toàn Cầu","Nhà trọ"
"hotel","nhà trọ Trọng Hải","Nhà trọ"
"hotel","Nhà trọ Tấn Vân","Nhà trọ"
"hotel","Nhà trọ Lan Hương","Nhà trọ"
"hotel","Nhà trọ Hoa Cúc","Nhà trọ"
"hotel","Nhà Trọ Trung Chiều","Nhà trọ"
"hotel","Vinh Ngân","Nhà trọ"
"hotel","Nhà trọ cô Vân","Nhà trọ"
"hotel","Nhà Trọ Đồi 34A","Nhà trọ"
"hotel","NHÀ TRỌ FAMILY","Nhà trọ"
"hotel","Nhà trọ cô Thi ( Taxi Văn Hiển)","Nhà trọ"
"hotel","Nhà trọ chị Hương","Lưu trú nhà dân"
"hotel","Nhà Trọ Thu Hiền","Nhà trọ"
"hotel","Nhà Trọ Bình Dân","Nhà trọ"
"hotel","nhà trọ tuấn tươi","Nhà trọ"
"hotel","Nhà trọ Cường Híp","Khách sạn"
"hotel","Nhà trọ bác Trường","Nhà trọ"
"hotel","Moonlan Homestay - Moonland Hotel","Khách sạn"
"hotel","Trọ chị","Nhà trọ"
"hotel","LN Studio","Nhà trọ"
"hotel","Nhà trọ anh em pro","Khách sạn"
"hotel","nhà trọ hải đăng","Nhà trọ"
"hotel","Nhà Trọ Chị Vân","Nhà trọ"
"hotel","Nhà Trọ Cô nhật","Khách sạn"
"hotel","Nhà Trọ Sơn Hà","Nhà trọ"
"hotel","Nhà Ông Tuyền","Lưu trú nhà dân"
"hotel","Nhà Trọ bác Phương","Nhà trọ"
"hotel","Hotel Thư Kỳ","Khách sạn"
"hotel","Nhà Trọ Anh Hoàng Láng Hạ","Nhà trọ"
"hotel","Huong Lam HOTEL","Khách sạn"
"hotel","Khách Sạn Sao Thái Dương","Khách sạn"
"hotel","Nhà trọ chị Cường","Nhà trọ"
"hotel","Nhà trọ Phương Quang","Nhà trọ"
"hotel","Nhà trọ Tuấn Tuyết","Nhà trọ"
"hotel","Nhà Trọ Chị Thuỷ","Nhà trọ"
"hotel","Nhà trọ Viện Nhi 45 Nguyễn Chí Thanh","Nhà trọ"
"hotel","Chun House - Nhà trọ đầy đủ tiện nghi, xách Vali đến ở.","Nhà trọ"
"hotel","Nhà trọ","Nhà trọ"
"hotel","Nhà trọ bà thoả","Nhà trọ"
"hotel","Nhà Trọ Vịnh Hạ Long","Nhà trọ"
"hotel","Nhà Bắp","Nhà trọ"
"hotel","Doji diamon","Khách sạn"
"hotel","Canhhung palace","Khách sạn"
"hotel","Khách Sạn Tường Vi","Khách sạn"
"hotel","The Eudora Homestay","Khách sạn"
"hotel","Khách Sạn Thông Đỏ","Khách sạn"
"hotel","Khách Sạn Mường Thanh Thanh Niên Vinh","Khách sạn"
"hotel","Khách Sạn Mường Thanh Grand Phương Đông","Khách sạn"
"hotel","Khách sạn Sao Việt","Khách sạn"
"hotel","Nhà nghỉ Lĩnh Hồng","Khách sạn"
"hotel","Nhà nghỉ Phúc Thinhh","Khách sạn"
"hotel","Hotel NHÀ NGHỈ PHONG LAN","Nhà khách"
"hotel","Nhà Nghỉ Công Tuấn","Nhà nghỉ trượt tuyết"
"hotel","Nhà Nghỉ Tân Thu","Nhà nghỉ trượt tuyết"
"hotel","Nhà nghỉ Núi Hồng","Khách sạn"
"hotel","Hotel nhà nghỉ Anhtuan","Khách sạn"
"hotel","NHÀ NGHI 64","Khách sạn"
"hotel","Nhà Nghỉ,Khách sạn vùng trời xanh","Khách sạn"
"hotel","6T Retreat Hương Sơn Cảnh","Nhà nghỉ dưỡng cho thuê"
"hotel","Nhà Nghỉ Thu Linh","Nhà nghỉ trượt tuyết"
"hotel","Nhà Nghỉ Lê Xuân","Nhà nghỉ trượt tuyết"
"hotel","Nhà Nghỉ TUẤN HÀ","Nhà nghỉ trượt tuyết"
"hotel","Nhà Nghỉ HELLO","Khách sạn"
"hotel","Nhà Nghỉ Tuấn Thắm","Khách sạn"
"hotel","Nhà nghỉ 007","Khách sạn"
"hotel","Nhà Nghỉ Lê Khoa","Nhà nghỉ dưỡng"
"hotel","Nhà nghỉ Minh Hải","Nhà nghỉ trượt tuyết"
"hotel","Nhà Nghỉ Nghìn Lẻ Một Đêm","Khách sạn"
"hotel","Nhà Nghỉ Cúc Thông","Chỗ trọ trong nhà"
"hotel","Secret Home","Căn hộ nghỉ dưỡng cho thuê"
"hotel","Ba Đình- Đào Tấn Homestay & Apartment","Căn hộ nghỉ dưỡng cho thuê"
"hotel","J'adore Apartment","Căn hộ nghỉ dưỡng cho thuê"
"hotel","Mango Homestay Hà Nội","Căn hộ nghỉ dưỡng cho thuê"
"hotel","Bloom Home - Hanoi Centre","Căn hộ nghỉ dưỡng cho thuê"
"hotel","Hồng Phúc Apartments LG","Căn hộ nghỉ dưỡng cho thuê"
"hotel","CĂN HỘ LINH LANG SUMITOMO TOWER","Đại lý cho thuê căn hộ"
"hotel","Blue Homestay","Căn hộ nghỉ dưỡng cho thuê"
"hotel","Homestay","Căn hộ nghỉ dưỡng cho thuê"
"hotel","La Casa Di Dicembre","Căn hộ nghỉ dưỡng cho thuê"
"hotel","Serviced Apartment Linh Lang","Căn hộ nghỉ dưỡng cho thuê"
"hotel","Trọ chị Chi","Căn hộ nghỉ dưỡng cho thuê"
"hotel","Soc'sHouse","Căn hộ nghỉ dưỡng cho thuê"
"hotel","Bee.stay","Căn hộ nghỉ dưỡng cho thuê"
"hotel","T&L House","Căn hộ nghỉ dưỡng cho thuê"
"hotel","Lif home","Lưu trú nhà dân"
"hotel","Sumitomo13 Apartment & Hotel","Căn hộ được phục vụ"
"hotel","Chung Cư Mini Thái Hà","Lưu trú nhà dân"
"hotel","Nhà Nghỉ 198","Căn hộ nghỉ dưỡng cho thuê"
"hotel","Chung cư Golden Westlake","Khu liên hợp căn hộ"
"hotel","La Lumiere","Căn hộ nghỉ dưỡng cho thuê"
"hotel","Bong’s Serviced Apartment","Căn hộ nghỉ dưỡng cho thuê"
"hotel","Căn hộ nghỉ dưỡng full tiện ích","Căn hộ"
"hotel","Vinhomes Smart City - Căn hộ nghỉ dưỡng siêu tiện nghi tại tòa nhà SA3","Căn hộ"
"hotel","Phòng nghỉ căn hộ & Homestay Ocean Park","Khách sạn"
"hotel","căn hộ nghỉ dưỡng homestay vinhome ocean park 2ngủ","Nhà ở"
"hotel","NHÀ TRỌ SẠCH SẼ","Nhà trọ"
"hotel","Nhà Tuấn Tuấn","Khách sạn"
"hotel","Nhà Trọ Du Lịch","Nhà trọ"
"hotel","Nhà Trọ Huyền Minh","Nhà trọ"
"hotel","Nhà Số 10 ( Cho Thuê Phòng Trọ )","Nhà trọ"
"hotel","Nhà trọ Bác Hoa","Nhà trọ"
"hotel","nhà trọ tuấn lý","Phòng cho thuê"
"hotel","Dịch Vụ Nhà Cho Thuê Phạm Văn Bé","Nhà trọ"
"hotel","Dịch vụ cho thuê CCMN,phòng trọ","Nhà trọ"
"hotel","Nhà trọ An Sinh","Nhà trọ"
"hotel","Phòng trọ pháo đài láng","Nhà trọ"
"hotel","Nhà trọ Trúc Sơn","Nhà trọ"
"hotel","Nhà trọ Kim Hoa","Nhà trọ"
"hotel","Phòng trọ","Nhà trọ"
"hotel","Nhà nghỉ Thanh Nga","Nhà trọ"
"hotel","Nhà Trọ Viện Nhi Sạch Sẽ","Nhà trọ"
"hotel","Quán Cơm - Nhà Trọ Quỳnh","Nhà trọ"
"hotel","Phòng trọ chung cư mini - Lotus Home 68","Nhà trọ"
"hotel","Nhà Trọ Xanh 2","Nhà trọ"
"hotel","nha nghỉ thảo nguyên","Lưu trú nhà dân"
"hotel","Nhà Trọ Tâm","Nhà trọ"
"hotel","Phòng Trọ Ngõ 33","Nhà trọ"
"hotel","Nhà trọ Tuấn Hương","Nhà trọ"
"hotel","Nhà trọ bác Hải","Lưu trú nhà dân"
"hotel","Nhà Nghỉ Phượng Hoàng","Nhà nghỉ trượt tuyết"
"hotel","Nhà Trọ Nội Vụ","Nhà trọ"
"hotel","Nhà trọ nyc","Nhà trọ"
"hotel","Hotel Hưng Phát","Khách sạn"
"hotel","Thanh Phuong Private Enterprise","Khách sạn"
"hotel","Khách sạn Sông La","Nhà khách"
"hotel","Khách sạn - Hotel Duc Thanh","Khách sạn"
"hotel","Nhà nghỉ 89_Đức Thọ","Nhà nghỉ trượt tuyết"
"hotel","Nhà Nghỉ Book","Khách sạn"
"hotel","Nhà nghỉ Phong Lan 2","Khách sạn"
"hotel","Bách Đại Dũng Hotel","Khách sạn"
"hotel","Khách sạn Nhà hàng Mạnh Hải","Khách sạn"
"hotel","NHÀ NGHỈ ĐỒNG LỘC","Nhà nghỉ dưỡng cho thuê"
"hotel","Nhà nghỉ Lá Diêu Bông","Nhà nghỉ dưỡng cho thuê"
"hotel","MOTEL NHÀ NGHỈ ĐỨC TUYẾT","Khách sạn"
"hotel","Nhà Nghỉ bình dân 268","Khách sạn"
"hotel","Nhà nghỉ Thanh Bỉnh","Khách sạn"
"hotel","Bình Minh Hotel Hà Tĩnh","Khách sạn"
"hotel","Nhà nghỉ Phương Phương","Khách sạn"
"hotel","Nhà Nghỉ Dân Tộc","Khách sạn"
"hotel","Nhà nghỉ Thủy Nam","Khách sạn"
"hotel","Nhà Nghỉ Phuong Nam","Khách sạn"
"hotel","Nhà Nghỉ Nha Trang","Khách sạn"
"hotel","Nhà nghỉ 9999 xã đỉnh bàn thạch hà","Khách sạn"
"hotel","Khách sạn Đức Tài","Khách sạn"
"hotel","Nhà khách Hương Thủy","Nhà khách"
"hotel","Nhà Nghỉ Hà Quảng","Khách sạn"
"hotel","Nhà Nghỉ Gia Đình","Khách sạn"
"hotel","Nhà Khách 24","Khách sạn"
"hotel","Phương Phương 2 Hotel","Khách sạn"
"hotel","Hotel Minh Duc","Khách sạn"
"hotel","Khách sạn Thanh Bình 2","Khách sạn"
"hotel","NHÀ NGHĨ ANH ĐỨC","Khách sạn"
"hotel","Nhà nghỉ Khánh Huyền","Khách sạn"
"hotel","NHÀ KHÁCH NGOẠI THƯƠNG","Khách sạn"
"hotel","Nhà Nghỉ Ngôi Sao","Khách sạn"
"hotel","Cục Văn Thư Lưu Trữ Nhà Nước","Lưu trữ tiểu bang"
"hotel","DuLy's House","Khách sạn lưu trú dài hạn"
"hotel","Luxe Paradise Suites - Đội Cấn","Khách sạn"
"hotel","Cơ Sở Lưu Trú Hưng Tín","Khách sạn"
"hotel","Cơ sở lưu trú CH","Lưu trú nhà dân"
"hotel","P.A. Thani Hotel","Khách sạn"
"hotel","Khum Phaya Resort & Spa Boutique Collection","Khách sạn nghỉ dưỡng"
"hotel","Dịch Vụ Lưu Trú Hàn Phố","Lưu trú nhà dân"
"hotel","Dịch vụ lưu trú Đà Nẵng","Khách sạn"
"hotel","Dịch vụ lưu trú Cánh Đồng","Lưu trú nhà dân"
"hotel","Dịch Vụ Lưu Trú Cẩm Châu","Khách sạn"
"hotel","Dịch Vụ Lưu Trú Nhà Lan","Phòng cho thuê"
"hotel","Sai Gon - Song Lam Resort","Biệt thự"
"hotel","Du Lịch Sinh Thái Hải Thượng Resort","Khách sạn nghỉ dưỡng"
"hotel","Cửa Nhượng Resort & Hotel","Khách sạn nghỉ dưỡng"
"hotel","Khu Nghĩ Dưỡng Quốc Sáng","Quán bar karaoke"
"hotel","Lưu Phi Ý Resort","Khách sạn"
"hotel","Resort 5 sao Ông Hải","Khách sạn"
"hotel","C resort Kỳ Xuân","Khách sạn nghỉ dưỡng"
"hotel","Quynh Vien Resort","Khách sạn nghỉ dưỡng"
"hotel","Cua Lo Golf Resort","Khách sạn nghỉ dưỡng"
"hotel","Xanh Villas Resort & Spa","Khách sạn nghỉ dưỡng"
"hotel","Đông Dư Resort","Khách sạn nghỉ dưỡng"
"hotel","Quảng Tây Resort","Khách sạn nghỉ dưỡng"
"hotel","InterContinental Hà Nội Westlake","Khách sạn"
"hotel","Hotel Yah Hanoi","Khách sạn"
"hotel","Kem Beach Resort","Khách sạn nghỉ dưỡng"
"hotel","Mango Bay Resort","Khách sạn nghỉ dưỡng"
"hotel","Resort bình dân Chí Tươi","Nhà trọ"
"hotel","Star Night Hotel & Apartment","Khách sạn"
"hotel","Amira Hotel Hanoi","Khách sạn"
"hotel","Hoàng Tuấn Resort","Căn hộ nghỉ dưỡng cho thuê"
"hotel","Nhà nghỉ Kim Chi","Khách sạn"
"hotel","Nhà Nghỉ Sơn Thịnh","Nhà nghỉ trượt tuyết"
"hotel","Nhà nghỉ Minh Đạo","Nhà khách"
"hotel","Nhà Nghỉ Thái Bình (Guest House) - 79 Bùi Thị Xuân - Tp. Huế","Nhà nghỉ trượt tuyết"
"hotel","Huế Thơ Homestay","Khách sạn"
"hotel","Homestay Gia Anh","Khách sạn"
"hotel","Nhà nghỉ Ngọc Thạch","Nhà khách"
"hotel","Trầm Homestay","Lưu trú nhà dân"
"hotel","Nhà Nghỉ Vũ Long","Nhà nghỉ trượt tuyết"
"hotel","Nhà Nghỉ Thanh Yên","Khách sạn"
"hotel","HomeStay Misa Tran","Nhà nghỉ trượt tuyết"
"hotel","Nhà Nghỉ Anh Nhật","Khách sạn"
"hotel","Nhà nghỉ Minh Quang","Nhà nghỉ trượt tuyết"
"hotel","Nhà Nghỉ Thanh Lịch","Khách sạn"
"hotel","Nhà Nghỉ Đại Minh","Nhà nghỉ trượt tuyết"
"hotel","Nhà Nghỉ 4 Mùa","Nhà nghỉ trượt tuyết"
"hotel","Nhà Nghỉ Khánh Nguyên","Nhà khách"
"hotel","Nhà Nghỉ Thành Đạt","Nhà nghỉ trượt tuyết"
"hotel","Nhà nghỉ Hoàng Oanh","Khách sạn"
"hotel","Nhà Nghỉ Minh Đức - Cs 2","Khách sạn"
"hotel","Nhà Nghỉ Thịnh Vượng","Nhà nghỉ trượt tuyết"
"hotel","Nhà Nghỉ Thanh Hải","Khách sạn"
"hotel","Nhà nghỉ Tao Đàn","Khách sạn"
"hotel","Nhà Nghỉ Lưu Luyến","Nhà nghỉ trượt tuyết"
"hotel","Nhà khách đoàn an điều dưỡng 41 Huế","Nhà khách"
"hotel","Pine garden Hue","Khách sạn"
"hotel","Là Nhà Homestay Huế","Khách sạn"
"hotel","L'amour Homestay","Khách sạn"
"hotel","Soleil Boutique Homestay","Khách sạn"
"hotel","Hachi Homestay & Spa","Lưu trú nhà dân"
"hotel","Golden Star Villa Hue","Khách sạn nghỉ dưỡng"
"hotel","Metta Homestay Hue","Khách sạn"
"hotel","Hoàng Doji de Villa","Khách sạn nghỉ dưỡng"
"hotel","Khách sạn Athena - Thiên đường tình yêu","Khách sạn"
"hotel","Hue Riverside Boutique Resort & Spa","Khách sạn"
"hotel","Moon Homestay","Khách sạn"
"hotel","RÊU HOME","Khách sạn"
"hotel","Ann Boutique Hotel","Khách sạn"
"hotel","Dakar Homestay Huế","Khách sạn"
"hotel","Rose Homestay Huế","Nhà nghỉ dưỡng cho thuê"
"hotel","Tam Family Homestay Hue","Khách sạn"
"hotel","Hue 1962 INN","Quán trọ"
"hotel","Nội Homestay","Khách sạn"
"hotel","Nhà Nhãn Villa","Căn hộ nghỉ dưỡng cho thuê"
"hotel","Mandarin Villas & Homestay","Biệt thự nhà vườn"
"hotel","Mondial Hotel","Khách sạn"
"hotel","A Stay In Bàu Vá","Khách sạn"
"hotel","Hue Ecolodge","Khách sạn nghỉ dưỡng"
"hotel","Sahi Homestay Retreat","Lưu trú nhà dân"
"hotel","Navilla Hué Homestay","Lưu trú nhà dân"
"hotel","VIỆT Hostel","Trạm nghỉ"
"hotel","Hajime Homestay","Lưu trú nhà dân"
"hotel","DAINOI - Cafe & Homestay","Nhà khách"
"hotel","Lam Vien Homestay Hue","Lưu trú nhà dân"
"hotel","HueNam Residence","Lưu trú nhà dân"
"hotel","De Hué space","Lưu trú nhà dân"
"hotel","Silk Path Grand Hue Hotel","Khách sạn"
"hotel","Hillside Homestay Hue","Lưu trú nhà dân"
"hotel","SAM Homestay And Cafés","Lưu trú nhà dân"
"hotel","Flower Homestay","Khách sạn"
"hotel","Le Robinet Homestay","Lưu trú nhà dân"
"hotel","Niki Homestay","Lưu trú nhà dân"
"hotel","La Peace - Home","Khách sạn nghỉ dưỡng"
"hotel","Minh Anh Homestay Huế","Lưu trú nhà dân"
"hotel","MangoGarden Coffee & homestay","Lưu trú nhà dân"
"hotel","Yesterday Airbnb & Coffee","Khách sạn"
"hotel","Ancient Huế Garden Houses","Khách sạn nghỉ dưỡng"
"hotel","L'âme Homestay","Nhà nghỉ dưỡng"
"hotel","LE HOME Homestay & Art Tea","Lưu trú nhà dân"
"hotel","Chi Homestay","Lưu trú nhà dân"
"hotel","Homestay 5 Sạch","Lưu trú nhà dân"
"hotel","Thiên Hà Homestay Huế","Lưu trú nhà dân"
"hotel","OYO 882 Lucky Hotel","Khách sạn"
"hotel","Hoa Vàng Homestay","Khách sạn"
"hotel","Le Robinet Villa","Lưu trú nhà dân"
"hotel","Châu Bảo An homestay","Khách sạn"
"hotel","Stay Hostel","Phòng cho thuê"
"hotel","Dory Homestay","Khách sạn"
"hotel","Hill Bungalow","Lưu trú nhà dân"
"hotel","Khách sạn Đường Sắt Huế","Nhà khách"
"hotel","Boom Casa Homestay","Lưu trú nhà dân"
"hotel","Asean Garden Homestay Hue","Lưu trú nhà dân"
"hotel","Nhà Trọ Chị Khuê","Nhà trọ"
"hotel","Nhà Trọ Tân Vui","Nhà trọ"
"hotel","Motel Sơn Ca","Khách sạn"
"hotel","Phòng trọ 238","Nhà trọ"
"hotel","Dãy trọ dì Nhung Trường Đồng","Nhà trọ"
"hotel","Nhà Trọ Gì Mừng","Nhà trọ"
"hotel","Nhà trọ Happy Day","Nhà trọ"
"hotel","Nhà trọ Mai Thanh","Nhà trọ"
"hotel","Nhà Trọ Của Đeo","Căn hộ nghỉ dưỡng cho thuê"
"hotel","Cho thuê phòng trọ sinh viên- gia đình Quý Yến","Phòng cho thuê"
"hotel","Nhà trọ Lô F11 Bùi Thị Cúc","Nhà trọ"
"hotel","Phòng trọ gia đình","Chỗ trọ trong nhà"
"hotel","Phòng trọ sinh viên Dì Liên","Nhà trọ"
"hotel","Phòng Trọ Sinh Viên Y Dược","Nhà trọ"
"hotel","Nhà trọ Hoàng Lân","Nhà trọ"
"hotel","Cư xá Thanh Lịch","Phòng cho thuê"
"hotel","Nhà trọ Diệu Vân","Nhà trọ"
"hotel","Minh Hầu Lạc Trú","Lưu trú nhà dân"
"hotel","Nhà Trọ Bồ Câu - Bo Cau Hostel","Nhà trọ"
"hotel","Nhà Trọ Tân Phát","Khách sạn"
"hotel","Nhà trọ 28 kiệt 35 Điện Biên Phủ","Nhà trọ"
"hotel","Nhà trọ phương hà","Nhà trọ"
"hotel","Dãy trọ ông Phước cây xăng bầu vá","Nhà trọ"
"hotel","Nhà Trọ 21 Nguyễn Thượng Hiền","Nhà trọ"
"hotel","NHÀ TRỌ CÔ YẾN - CHÚ NGUYÊN (Ms.TIÊN+Mr.HUY)","Nhà trọ"
"hotel","Kiệt 48, nhà số 7, Quảng Tế","Nhà trọ"
"hotel","Nhà trọ Dì Bích","Nhà trọ"
"hotel","Trọ sinh viên","Lưu trú nhà dân"
"hotel","Nhà Nghỉ Bến Ngự","Nhà nghỉ trượt tuyết"
"hotel","Nhà Nghỉ Cố Đô","Nhà nghỉ trượt tuyết"
"hotel","Nhà Nghỉ 3 Miền ( guest house ) 14 phan chu trinh","Nhà nghỉ trượt tuyết"
"hotel","Nhà trọ anh đạt","Nhà trọ"
"hotel","Nhà nghỉ - cà phê Hoa Ly","Nhà trọ"
"hotel","Nhà Nghỉ Mạnh Đức","Chỗ trọ trong nhà"
"hotel","Nhà Trọ Dì Hường","Nhà trọ"
"hotel","Cư Xá Thiện Duyên","Nhà trọ"
"hotel","Nhà Nghỉ Diệu Hạnh","Chỗ trọ trong nhà"
"hotel","Nhà nghỉ Phương Thủy","Nhà nghỉ trượt tuyết"
"hotel","Nhà nghỉ Tuổi Hồng","Nhà nghỉ trượt tuyết"
"hotel","RubyHomeHue","Khách sạn"
"hotel","Thủy Xuân Thành phố Huế thừa Thiên Huế","Nhà trọ"
"hotel","Nhà Nghỉ Lam Phương","Khách sạn"
"hotel","XINH HOMESTAY","Lưu trú nhà dân"
"hotel","Nhà nghỉ Thanh Tịnh","Chỗ trọ trong nhà"
"hotel","Nhà nghỉ Cát An","Nhà nghỉ trượt tuyết"
"hotel","De Lavie Homestay Huế","Lưu trú nhà dân"
"hotel","Nhà Nghỉ Như Ý 2","Nhà nghỉ trượt tuyết"
"hotel","Nhà Nghỉ 17","Khách sạn"
"hotel","Nhà Nghỉ Hoàng Phúc","Nhà nghỉ trượt tuyết"
"hotel","Bama's Homestay","Lưu trú nhà dân"
"hotel","Nhà Nghỉ Hoài Anh","Nhà nghỉ trượt tuyết"
"hotel","Cung Đàn Xưa Cafe & Homestay","Lưu trú nhà dân"
"hotel","Nhà Nghỉ 68 Phan Chu Trinh","Khách sạn"
"hotel","Nhà Nghỉ Nam Giao","Khách sạn"
"hotel","MOJA HOUSE HUE | Homestay","Lưu trú nhà dân"
"hotel","Nhà Nghỉ Tuyết Đồng","Khách sạn"
"hotel","Nhà nghỉ Phú Gia","Nhà nghỉ trượt tuyết"
"hotel","Nhà Trọ Đức Thìn","Nhà trọ"
"hotel","Nhà nghỉ Hoàng Mai","Khách sạn"
"hotel","Nhà nghỉ Khôi Nguyên","Nhà nghỉ trượt tuyết"
"hotel","Nắng Homestay & Villa Huế","Nhà nghỉ dưỡng"
"hotel","Nhà Trọ Lê Hồng Phong","Nhà trọ"
"hotel","Nhà Nghỉ Ý Lan","Nhà nghỉ trượt tuyết"
"hotel","Nhà Nghỉ Uyển Như","Khách sạn"
"hotel","Nhà Nghỉ Hoa Cúc Xanh","Chỗ trọ trong nhà"
"hotel","Nhà nghỉ Thanh Thanh 2","Nhà nghỉ trượt tuyết"
"hotel","Nhà Nghỉ Phong Phú","Nhà nghỉ trượt tuyết"
"hotel","Nhà Nghỉ Ba Miền","Nhà nghỉ trượt tuyết"
"hotel","ký ức tươi đẹp homestay","Lưu trú nhà dân"
"hotel","mini hotel sh","Khách sạn"
"hotel","Vũ Trâm Homestay Huế","Khách sạn"
"hotel","The Hue Homestay","Khách sạn"
"hotel","ÊMM Hotel Hue","Khách sạn"
"hotel","Scarlet Pavilion","Lưu trú nhà dân"
"hotel","Azerai La Residence Huế","Khách sạn"
"hotel","Shine Hotel","Khách sạn"
"hotel","Nắng Homestay Huế","Lưu trú nhà dân"
"hotel","Hue Crown Boutique Hotel","Khách sạn"
"hotel","Be them homestay","Khách sạn"
"hotel","The Times hotel","Khách sạn"
"hotel","Lacasa Homestay","Lưu trú nhà dân"
"hotel","Victory Hotel Hue","Khách sạn"
"hotel","Homestay - Nhà Nghỉ Trường Ân","Khách sạn"
"hotel","Moon Homestay Huế Điện Biên Phủ","Khách sạn"
"hotel","Hue Four Seasons Hotel","Khách sạn"
"hotel","SON HOME GARDEN","Lưu trú nhà dân"
"hotel","Đại Nội Saphia Villa","Khách sạn"
"hotel","Lặng Homestay","Khách sạn"
"hotel","Homestay Minh Ngọc","Nhà trọ"
"hotel","Ngoc Tung Mini Hotel","Khách sạn"
"hotel","Susu Homestay","Lưu trú nhà dân"
"hotel","Nam Phuong Riverside Villa","Khách sạn"
"hotel","Kha Hostel Hue","Khách sạn"
"hotel","Spatel d'Annam Hotel","Khách sạn"
"hotel","Chi's Homestay & Coffee","Lưu trú nhà dân"
"hotel","Biển Khơi Mini Hotel","Khách sạn"
"hotel","SEA HOMESTAY","Khách sạn"
"hotel","Lumiere Villa Hue","Khách sạn"
"hotel","Sankofa Village Hill Resort and Spa","Khách sạn nghỉ dưỡng"
"hotel","Hue Lotus Homestay","Lưu trú nhà dân"
"hotel","Khách Sạn Pilgrimage Village","Khách sạn nghỉ dưỡng"
"hotel","Perfume Homestay - 66 Đào Tấn Huế","Khách sạn nghỉ dưỡng"
"hotel","Huong Giang Hotel Resort & Spa","Khách sạn"
"hotel","ConiHouse Cơ sở 3 - Thong Dong","Khách sạn nghỉ dưỡng"
"hotel","Moon Sun Boutique Villa","Khách sạn nghỉ dưỡng"
"hotel","An Thư Home Garden","Khách sạn nghỉ dưỡng"
"hotel","CONIHOUSE - Homestay & Villa","Khách sạn nghỉ dưỡng"
"hotel","Spring Garden Villa","Khách sạn"
"hotel","Khách Sạn Mường Thanh Holiday Huế","Khách sạn"
"hotel","Khách sạn TTC Imperial Huế","Khách sạn nghỉ dưỡng"
"hotel","Cloud Inn Homestay","Khách sạn nghỉ dưỡng"
"hotel","Meliá Vinpearl Hue","Khách sạn"
"hotel","TORI HOMESTAY","Khách sạn nghỉ dưỡng"
"hotel","Indochine Palace","Khách sạn"
"hotel","Century Riverside Hotel Hue","Khách sạn"
"hotel","Khách sạn Park View","Khách sạn"
"hotel","La Paix Hue","Khách sạn"
"hotel","Moonlight Hotel Hue","Khách sạn"
"hotel","BALY HOTEL AND SPA","Khách sạn"
"hotel","Cherish hotel","Khách sạn"
"hotel","Thanh Lich Royal Boutique","Khách sạn nghỉ dưỡng"
"hotel","Villa Hue Hotel","Khách sạn"
"hotel","Dong Loi Hotel","Khách sạn"
"hotel","Khách sạn Rosaleen","Khách sạn"
"hotel","Romance Hotel","Khách sạn"
"hotel","Happiest Homestay","Khách sạn nghỉ dưỡng"
"hotel","The Purple Hue BnB_Central Hub","Khách sạn"
"hotel","Canary Boutique Hotel","Khách sạn"
"hotel","HUE MATE HOTEL","Khách sạn"
"hotel","An Chi Homestay","Khách sạn nghỉ dưỡng"
"hotel","Asia Hotel Hue","Khách sạn"
"hotel","Senna Hue Hotel","Khách sạn"
"hotel","Ami Villa Hue","Khách sạn"
"hotel","NANO ECO-HOSTEL","Nhà trọ"
"hotel","Dinh Villa","Khách sạn"
"hotel","Violet Villa Hue","Khách sạn nghỉ dưỡng"
"hotel","White Lotus Hue Hotel","Khách sạn"
"hotel","Thuy Bieu Homestay","Nhà khách"
"hotel","AVON Hotel","Khách sạn"
"hotel","ROSA HOUSE","Khách sạn nghỉ dưỡng"
"hotel","O Ni homestay","Khách sạn nghỉ dưỡng"
"hotel","Hue Family Boutique homestay","Khách sạn"
"hotel","Baloo Hotel","Khách sạn"
"hotel","The Scarlett Boutique Hotel Hue","Khách sạn"
"hotel","Hue Heritage Hotel","Khách sạn"
"hotel","Anhbnb","Lưu trú nhà dân"
"hotel","Mie's Homestay","Lưu trú nhà dân"
"hotel","Thiên Nam Hotel","Khách sạn"
"hotel","Hòa Mỹ","Khách sạn"
"hotel","Family Home Villa Nearby Ba Na Hills","Biệt thự"
"hotel","Homestay Da Nang Full House","Lưu trú nhà dân"
"hotel","Nhà Nghỉ Hồng Ân","Nhà nghỉ trượt tuyết"
"hotel","Nui Than Tai- Ebisu Onsen Resort Da Nang","Khách sạn nghỉ dưỡng"
"hotel","Vi Thao Van 2","Khách sạn"
"hotel","SPOT ON 972 Anh Thy 2 Motel","Khách sạn"
"hotel","Bac Nam Motel","Khách sạn"
"hotel","Phuc Loc Motel","Khách sạn"
"hotel","BUNGALOW DANANG Healing Homestay","Nhà nghỉ dưỡng cho thuê"
"hotel","V Village Đà Nẵng - Làng quê Việt","Khách sạn nghỉ dưỡng"
"hotel","Thảo Vân Hotel","Khách sạn"
"hotel","TRONG MO","Khách sạn"
"hotel","Nhà Nghỉ Lộc Quyên","Khách sạn"
"hotel","O Quyên","Khách sạn"
"hotel","OYO 212 Luxury Hotel Da Nang","Khách sạn"
"hotel","GORI HOTEL","Khách sạn"
"hotel","Khách Sạn Tuyết Vân II - Bến xe Đà Nẵng","Khách sạn"
"hotel","Khách sạn Lucky Hotel","Khách sạn"
"hotel","THẢO VÂN HOTEL 2","Khách sạn"
"hotel","Làng Toom Sara Đà Nẵng","Khách sạn nghỉ dưỡng"
"hotel","OYO 1193 Huynh Gia Hotel","Khách sạn"
"hotel","PQ Luxury Hotel","Khách sạn"
"hotel","Green Hotel Da Nang","Khách sạn"
"hotel","Nguyễn Kim Motel","Khách sạn"
"hotel","SPOT ON 804 My Hanh Hotel","Khách sạn"
"hotel","Nhà của Te","Lưu trú nhà dân"
"hotel","OYO 962 Tulip Motel","Khách sạn"
"hotel","Nhà nghỉ Thu Dung","Nhà nghỉ trượt tuyết"
"hotel","Nhà nghỉ Dương Châu Phát","Khách sạn"
"hotel","Nhà Nghỉ Trâm Uyên","Chỗ trọ trong nhà"
"hotel","Thảo Vinh Apartment","Nhà trọ"
"hotel","Nhà Nghỉ Thành Công motel","Nhà nghỉ trượt tuyết"
"hotel","Muong Thanh Guesthouse","Khách sạn"
"hotel","Mỹ Linh Motel Đà Nẵng","Khách sạn"
"hotel","Trúc Vy Hotel & Spa","Khách sạn"
"hotel","LEMON HOTEL","Khách sạn"
"hotel","Nhà Nghỉ Phú Quý","Khách sạn"
"hotel","Nhà Nghỉ Ngàn Sương","Nhà nghỉ trượt tuyết"
"hotel","ebisu onsen resort danang","Khách sạn"
"hotel","Hotel Việt Hiếu","Khách sạn"
"hotel","SPOT ON 1021 Dai Thang Motel","Khách sạn"
"hotel","SPOT ON 1122 Nhat Anh Motel","Khách sạn"
"hotel","Hòa Phú House","Biệt thự"
"hotel","Hòa Phú Hill","Lưu trú nhà dân"
"hotel","The Miki house and Farm Da Nang","Nhà nghỉ dưỡng cho thuê"
"hotel","Trà Hoa Thôn","Lưu trú nhà dân"
"hotel","nhà nghỉ Việt Thương","Nhà nghỉ dưỡng"
"hotel","Nhà Nghỉ Vạn An","Nhà nghỉ trượt tuyết"
"hotel","Nhà Nghỉ Hồng Ngọc","Nhà trọ"
"hotel","Nhà nghỉ Minh Nhi","Nhà nghỉ trượt tuyết"
"hotel","Nhà Nghỉ Phương Thảo 2 - 09 Nam Trân - Nhà Nghỉ giá rẻ gần Bến Xe Trung Tâm Đà Nẵng","Nhà nghỉ trượt tuyết"
"hotel","LouisMo Lakeside Hill","Căn hộ nghỉ dưỡng cho thuê"
"hotel","Nhà Nghỉ Thái Bình","Nhà nghỉ trượt tuyết"
"hotel","PN Hill Retreat","Căn hộ nghỉ dưỡng cho thuê"
"hotel","Kén Bungalow","Căn hộ nghỉ dưỡng cho thuê"
"hotel","Green Village","Căn hộ nghỉ dưỡng cho thuê"
"hotel","Nhà Nghỉ Thanh Minh","Nhà nghỉ trượt tuyết"
"hotel","Nhà nghỉ HÀ THU","Khách sạn lưu trú dài hạn"
"hotel","NHÀ KHÁCH 258","Khách sạn"
"hotel","Nhà Nghỉ Đà Thành","Khách sạn"
"hotel","Nhà Nghỉ Hà Châu","Nhà nghỉ trượt tuyết"
"hotel","Nhà Nghỉ Valentin","Khách sạn"
"hotel","Nhà Nghỉ Thái Dương","Nhà nghỉ trượt tuyết"
"hotel","Thy Phương Hotel","Khách sạn"
"hotel","Nhà Nghỉ Như Ý 3","Khách sạn"
"hotel","Nhà Nghỉ Elly’s Home Cẩm Lệ","Nhà nghỉ trượt tuyết"
"hotel","Đào Tiên 4 Hotel - 280 Kinh Dương Vương","Khách sạn tình yêu"
"hotel","Nhà Nghỉ Đức Thành","Nhà nghỉ trượt tuyết"
"hotel","Nhà nghỉ 04 Nguyễn Hồng Ánh","Khách sạn"
"hotel","Nhà Nghỉ Thuật Nguyễn-Nhà Nghỉ Giá Rẻ Liên Chiểu-Đà Nẵng","Khách sạn tình yêu"
"hotel","Nhà Nghỉ Thanh Hiền","Nhà nghỉ trượt tuyết"
"hotel","Nhà Nghỉ Ánh Sao","Khách sạn"
"hotel","Quán Quân Hotel","Khách sạn"
"hotel","Nhà Nghỉ Quý Hưng","Khách sạn"
"hotel","Nhà Nghỉ Thành Trung","Khách sạn"
"hotel","PHÒNG TRỌ NAM TÀI LỘC","Nhà trọ"
"hotel","Tên Sa Retreat","Khách sạn nghỉ dưỡng"
"hotel","Bà Nà House","Khách sạn nghỉ dưỡng"
"hotel","Villa vĩnh tú","Khách sạn nghỉ dưỡng"
"hotel","Nhà trọ nghiêm giang","Nhà trọ"
"hotel","Dãy trọ số 5","Nhà trọ"
"hotel","Nhà trọ xóm chùa","Nhà trọ"
"hotel","Nhà trọ Tú hạnh","Nhà trọ"
"hotel","Nhà trọ Lưu Hồng Tư","Khách sạn"
"hotel","Nhà trọ của tôi","Nhà trọ"
"hotel","Trọ chung chủ dành cho sinh viên","Nhà trọ"
"hotel","Nhà Ở","Nhà trọ"
"hotel","Nhà Nghỉ Đào Trình","Khách sạn"
"hotel","AHA Thang Bom Apartment (Căn Hộ Cho Thuê) and Luggage Storage & Delivery(Giữ Hành lý)","Căn hộ nghỉ dưỡng cho thuê"
"hotel","Santori Hotel Danang Bay","Khách sạn"
"hotel","Khách sạn Phương Anh 7","Khách sạn"
"hotel","Khu Phức Hợp Khách Sạn, Căn Hộ Lưu Trú, Trường Học Và Văn Phòng","Hiệp hội/Tổ chức"
"hotel","Dịch vụ lưu trú Kim Anh","Khách sạn lưu trú dài hạn"
"hotel","Lotuz Hanoi Hostel - Ha Giang Loop Office","Khách sạn"
"hotel","Velavila Homestay","Khách sạn"
"hotel","Khách Sạn Phương Nam - địa chỉ lưu trú uy tín giá rẻ tại Túy Loan","Khách sạn"
"hotel","Trúc Home","Lưu trú nhà dân"
"hotel","Khu Lưu Trú KCN Long Hậu","Chung cư"
"hotel","Ngọc Khanh Homestay-Dich vụ lưu trú","Lưu trú nhà dân"
"hotel","Dịch Vụ Lưu Trú PôLa","Nhà trọ"
"hotel","Dịch Vụ Lưu Trú Trăng Làng","Khách sạn"
"hotel","Dịch vụ Lưu trú Ngọc Nga","Nhà nghỉ trượt tuyết"
"hotel","Công Ty TNHH Một Thành Viên Dịch Vụ Lưu Trú Thành Công","Khách sạn"
"hotel","Dịch Vụ Lưu Trú Chân Trời","Khách sạn"
"hotel","Bảo Khánh's Garden","Khách sạn nghỉ dưỡng"
"hotel","Tien Sa Retreat Da Nang","Khách sạn nghỉ dưỡng"
"hotel","Ốc Tiên Sa Hotel","Khách sạn"
"hotel","Tiên Sa Hotel","Khách sạn"
"hotel","Wink Hotel Danang Riverside","Khách sạn"
"hotel","Khách Sạn Rose","Khách sạn"
"hotel","Hilton Đà Nẵng","Khách sạn"
"hotel","Ponte Boutique Villa","Khách sạn"
"hotel","Maxhome Hotel Đà Nẵng","Khách sạn"
"hotel","Minh Toàn Galaxy Hotel","Khách sạn"
"hotel","Cozy Danang Boutique Hotel","Khách sạn"
"hotel","Nhà nghỉ sân vườn","Căn hộ nghỉ dưỡng cho thuê"
"hotel","Nhà nghỉ Quê Hương","Nhà trọ"
"hotel","MayHome","Lưu trú nhà dân"
"hotel","Khách sạn Huy Hùng 2","Khách sạn"
"hotel","Khách sạn Hoàng Phúc","Khách sạn"
"hotel","Khách Sạn Bình Dương","Khách sạn lưu trú dài hạn"
"hotel","Nhà Khách Hoàng Thắng","Khách sạn"
"hotel","Nhà nghỉ MINH TRUNG","Khách sạn"
"hotel","Tổ Ong Kiến Bình Định","Lưu trú nhà dân"
"hotel","Khách sạn An Thịnh","Khách sạn"
"hotel","Nhà Nghỉ Hùng Cường","Nhà nghỉ trượt tuyết"
"hotel","Nhà Nghỉ Ngô Tình","Khách sạn"
"hotel","Thịnh Gia Hotel Bến Cát","Khách sạn"
"hotel","Nhà Nghỉ Gia Bảo","Khách sạn"
"hotel","Nhà Nghỉ Lê Nhi","Khách sạn"
"hotel","Nhà Nghỉ Thăng Hoa","Nhà nghỉ dưỡng cho thuê"
"hotel","Nhà nghỉ An Hòa giá bình dân","Khách sạn"
"hotel","Nhà nghỉ Hà Anh","Khách sạn"
"hotel","Nhà nghĩ hoa phượng","Khách sạn"
"hotel","Nhà Nghỉ Bảo Trân 2","Khách sạn"
"hotel","Nhà Nghỉ Gia Huy","Khách sạn"
"hotel","Nhà Nghỉ Khánh Nhi","Nhà khách"
"hotel","Nhà Nghỉ Gia Phúc 3","Quán trọ"
"hotel","xuyên nhài","Khách sạn"
"hotel","Nhà Nghỉ Mina","Khách sạn"
"hotel","Nhà Nghỉ Hội An","Khách sạn"
"hotel","Ngà Nghỉ Nhà Khách Văn Chư","Nhà khách"
"hotel","Family Home","Văn phòng công ty"
"hotel","Nhà nghỉ thịnh gia","Khách sạn"
"hotel","Nhà Nghỉ Gia Phúc 2","Nhà khách"
"hotel","Nhà Khách Bảo Long","Khách sạn"
"hotel","Nhà Khách 62 Giảng Võ","Nhà khách"
"hotel","Nhà Khách Tỉnh Ủy Bình Dương","Chỗ trọ trong nhà"
"hotel","Nhà Khách Số 10 Nguyễn Quyền","Nhà khách"
"hotel","Nhà Khách Hoàng Long","Khách sạn"
"hotel","Nhà khách 273","Nhà khách"
"hotel","Nhà Nghỉ ABC","Nhà khách"
"hotel","Nhà khách Phú Hưng","Nhà khách"
"hotel","Nhà Khách Bệnh Viện Nhi","Nhà khách"
"hotel","Nhà Trọ Thanh Thu","Nhà trọ"
"hotel","NAM ANH","Nhà trọ"
"hotel","Nhà Nghỉ Tân Thành 2","Chỗ trọ trong nhà"
"hotel","Cơ Sở Lưu Trú Du Lịch TH.Trang","Khách sạn"
"hotel","Cơ Sở Lưu Trú Du Lịch Thông Phong","Khách sạn"
"hotel","Nhà nghỉ Minh Vũ 3","Khách sạn"
"hotel","Nhà nghỉ Trang Anh","Khách sạn"
"hotel","Nhà Nghỉ Ngọc Kim Bảo","Nhà nghỉ trượt tuyết"
"hotel","Cindy's Westlake Apartment","Khách sạn"
"hotel","Nhà Nghỉ Nam Hải","Nhà nghỉ trượt tuyết"
"hotel","Nhà Khách Hà Nội (Trạm 873)","Khách sạn"
"hotel","Nhà Nghỉ Hoàng Yến 2","Nhà nghỉ dưỡng cho thuê"
"hotel","Whalecome Aonang Resort","Khách sạn nghỉ dưỡng"
"hotel","BlueSotel Krabi Aonang Beach","Khách sạn"
"hotel","Nhà Lưu Trú Công Vụ","Khách sạn"
"hotel","Kỳ’s House","Nhà trọ"
"hotel","Khu Resort Ông Nhạc","Khách sạn nghỉ dưỡng"
"hotel","Mỹ An Ocean Hill Resort & Spa","Nhà nghỉ dưỡng cho thuê"
"hotel","Co Hai Beach Resort Mỹ thắng","Khách sạn nghỉ dưỡng"
"hotel","CẨM BOOKING HOTEL- VILLA- RESORT","Đại lý du lịch"
"hotel","Mui Ganh Resort","Căn hộ nghỉ dưỡng cho thuê"
"hotel","Khu Nghỉ Dưỡng Sinh Thái Hương Sen - Ven Sông Sài Gòn (Huong Sen Resort)","Khách sạn"
"hotel","Saigon Park Resort","Khách sạn nghỉ dưỡng"
"hotel","Phương Nam Resort","Khách sạn nghỉ dưỡng"
"hotel","OYO 619 Chikoo Homestay (spot-on)","Khách sạn"
"hotel","Smile Hotel","Khách sạn"
"hotel","Green Hadong Hotel","Khách sạn"
"hotel","Khách sạn Fraser Suites","Khu liên hợp căn hộ"
"hotel","Somerset Hoa Binh Hanoi","Chỗ ở được phục vụ"
"hotel","Nhà Nghỉ Hương Biển","Khách sạn"
"hotel","Hanoi New Airport Hotel","Khách sạn"
"hotel","Hotel Kim Thành","Khách sạn"
"hotel","Thanh Hằng Hotel - Khách Sạn Căn Hộ","Khách sạn lưu trú dài hạn"
"hotel","Xóa tên","Nhà nghỉ dưỡng"
"hotel","Nhà nghỉ Sơn Ca","Khách sạn"
"hotel","Hotel Hoa Cúc Phương","Khách sạn"
"hotel","Khách Sạn Cúc Phương","Khách sạn"
"hotel","Khách Sạn Hương Tràm 3","Khách sạn"
"hotel","Nhà Nghỉ Hương Tình","Nhà nghỉ trượt tuyết"
"hotel","Nhà nghỉ Quang Anh","Khách sạn"
"hotel","Nhà Nghỉ 866","Nhà trọ"
"hotel","Nhà nghỉ Kim Long Phát","Phòng cho thuê"
"hotel","Nhà Nghỉ phúc thiện","Nhà nghỉ trượt tuyết"
"hotel","Nhà nghỉ Bình Thung","Khách sạn"
"hotel","Nhà Nghỉ Anh Đào","Nhà nghỉ trượt tuyết"
"hotel","Nhà Nghỉ Mai Vy","Nhà nghỉ trượt tuyết"
"hotel","Hotel Hương Thiên Phú","Khách sạn"
"hotel","Bach Van Ninh Motel","Khách sạn"
"hotel","Nhà nghỉ Hoàng Thọ","Khách sạn"
"hotel","Nguyen Van Thuan Motel","Khách sạn"
"hotel","Nhà Nghỉ TRANG","Khách sạn"
"hotel","Nhà Nghỉ Dạ Lan","Khách sạn"
"hotel","Nhà nghỉ Hòa Đức","Khách sạn"
"hotel","Nguyen Thi Nhi Motel","Khách sạn"
"hotel","Nhà khách Đại học Quốc gia TP. HCM","Nhà khách"
"hotel","Nhà nghỉ An Hưng","Khách sạn"
"hotel","Nhà nghỉ Thanh Ngân","Khách sạn"
"hotel","Linh Xuân House","Nhà trọ"
"hotel","Nguyen Thi Hue Motel","Khách sạn"
"hotel","Nhà Nghỉ Hồng Hoa","Khách sạn"
"hotel","Khách Sạn Hoàng Anh","Khách sạn"
"hotel","Bcons City Hotel","Trường nhà hàng - khách sạn và du lịch"
"hotel","Japan Luna Hotel","Khách sạn"
"hotel","Khách sạn Milan","Khách sạn"
"hotel","Khách Sạn Dạ Lan","Khách sạn"
"hotel","Khách Sạn Hội Ngộ","Khách sạn"
"hotel","Khách Sạn Hằng Hoa - KCN Sóng Thần","Khách sạn"
"hotel","Nhà nghỉ Thanh Tùng A2","Nhà nghỉ trượt tuyết"
"hotel","Khách Sạn Đăng Hoàng Quân","Khách sạn"
"hotel","Lối Về Hotel","Khách sạn"
"hotel","Hoàng Vỹ Hotel","Khách sạn"
"hotel","KHÁCH SẠN KIM CƯƠNG","Khách sạn"
"hotel","Nong Lam Ecolodge","Khách sạn"
"hotel","Hotel Hoàng Lâm","Khách sạn"
"hotel","Khách sạn Hoàng Hùng","Khách sạn"
"hotel","Redhome Dorm","Nhà trọ"
"hotel","Bảo Trâm Korea Motel","Khách sạn"
"hotel","Hoàng Quân Hotel","Khách sạn"
"hotel","le Jardin Lite Bien Hoa","Khách sạn"
"hotel","Phương Anh Hotel","Khách sạn"
"hotel","Khách sạn Hoàng Nhân","Khách sạn"
"hotel","Khách Sạn Lina","Khách sạn"
"hotel","Khách sạn Dương Châu","Khách sạn"
"hotel","Hotel Hoàng Ngọc","Khách sạn"
"hotel","Hotel Minh Anh","Khách sạn"
"hotel","The City Boutique Hotel & Coffee","Khách sạn"
"hotel","Kimochi Hotel","Khách sạn"
"hotel","Nhà Nghỉ Kỳ Phú","Khách sạn"
"hotel","Khách Sạn Hà Nguyễn","Khách sạn"
"hotel","Hotel Thành Hải","Khách sạn"
"hotel","Khách sạn Biển Đông Green","Phòng cho thuê"
"hotel","NHÀ NGHỈ 2552","Khách sạn"
"hotel","Lakeview Villa","Khu liên hợp căn hộ"
"hotel","Hotel Mỹ Việt","Khách sạn"
"hotel","Summer Hotel","Khách sạn"
"hotel","Khách Sạn Mặt Trời","Khách sạn"
"hotel","Thanh Van Hotel","Khách sạn"
"hotel","RedDoorz Tahami Hotel near Kha Van Can","Khách sạn"
"hotel","Nhà nghỉ An San","Khách sạn"
"hotel","Nhà Nghỉ Kim Anh","Khách sạn"
"hotel","Hotel 6","Khách sạn"
"hotel","Khách sạn KEN HOTEL","Khách sạn"
"hotel","KS Cát Tường","Khách sạn"
"hotel","Khách Sạn Thủ Đức Hồng Thịnh","Khách sạn"
"hotel","Best Hotel","Khách sạn"
"hotel","Khách sạn Hoà Bình (2sao)","Khách sạn"
"hotel","Khách Sạn Hy Vọng","Khách sạn"
"hotel","Công Ty TNHH Khách Sạn Ngọc Thy-Khách Sạn sạch đẹp, giá rẻ khu vực Dĩ An Bình Dương.","Khách sạn"
"hotel","Khách Sạn Hoa Đán","Khách sạn"
"hotel","Khách Sạn Hạ Vy","Khách sạn"
"hotel","OYO 521 Hoang Anh Hotel","Khách sạn"
"hotel","Khách sạn Royal","Khách sạn"
"hotel","Thái Bình Dương 2 Hotel - LUXCENS","Khách sạn"
"hotel","Khách sạn Lộc Thiên Ân - Biên Hoà","Khách sạn"
"hotel","OYO 1131 Truc Lam","Khách sạn"
"hotel","Khách Sạn Quỳnh Anh 2 -Hotel Quynh Anh 2","Khách sạn"
"hotel","D-Dorm Home","Ký túc xá sinh viên"
"hotel","Khách Sạn Minh Tiến","Khách sạn"
"hotel","Hotel trường vũ","Khách sạn"
"hotel","Khách sạn Thuỳ Dương","Khách sạn"
"hotel","Legend Hotel","Khách sạn"
"hotel","RedDoorz near Cau Vuot Linh Trung","Khách sạn"
"hotel","Nhà Nghỉ hoàng dung","Nhà nghỉ trượt tuyết"
"hotel","Khách sạn Sạch","Khách sạn"
"hotel","Lucky Hotel","Khách sạn"
"hotel","KHÁCH SẠN HÀ MY","Khách sạn"
"hotel","THIÊN AN HOTEL","Khách sạn"
"hotel","Hotel Như Ngọc","Khách sạn"
"hotel","Khách sạn Tân Tân","Khách sạn"
"hotel","Nhà Nghỉ Sa Kê","Nhà khách"
"hotel","Nhà Nghỉ Kim Hân","Khách sạn"
"hotel","Nguyen Thanh Duyen Motel","Khách sạn"
"hotel","Nhà Trọ DUY DŨNG","Nhà trọ"
"hotel","Nhà nghỉ Thuận Sơn","Khách sạn"
"hotel","Nhà nghỉ Hoàng Thọ 1","Phòng cho thuê"
"hotel","Nhà Nghỉ Mộng Hoa","Khách sạn"
"hotel","Nguyen Van Tam Motel","Khách sạn"
"hotel","NHÀ NGHỈ NAM ANH SUỐI TIÊN","Khách sạn"
"hotel","Nhà nghỉ Thu Liên","Khách sạn"
"hotel","Nhà nghỉ 68","Khách sạn"
"hotel","Nguyen Phu Minh Motel","Khách sạn"
"hotel","Nhà Nghỉ Hạ Long","Nhà nghỉ trượt tuyết"
"hotel","NHÀ NGHỈ 615 ĐƯỜNG E","Khách sạn"
"hotel","Nhà Khách Người Có Công Tại Thành phố Hồ Chí Minh","Nhà khách"
"hotel","Nhà Khách CAT Đồng Nai","Nhà khách"
"hotel","Khách Sạn Nam Việt","Khách sạn"
"hotel","Nhà Nghỉ Mỹ Phương","Nhà khách"
"hotel","Nhà Nghỉ Tân Đông Thành","Khách sạn"
"hotel","Pham Nam Hung Motel","Khách sạn"
"hotel","Nhà Nghỉ Thiên Lý","Nhà khách"
"hotel","Nhà Nghỉ Thúy An","Khách sạn"
"hotel","Khách sạn Anh Thư","Khách sạn"
"hotel","Nhà nghỉ Nhã Thư","Khách sạn"
"hotel","KHÁCH SẠN LUXURY VƯỜN LÀI (AN PHÚ ĐÔNG)","Khách sạn"
"hotel","Nhà Nghỉ Minh Tuyền","Khách sạn"
"hotel","Nhà Nghỉ Tường Châu","Nhà khách"
"hotel","Nha Nghi HIEU NGUYEN","Khách sạn"
"hotel","NHÀ KHÁCH A11","Khách sạn"
"hotel","Khách sạn Nhà nghỉ gia đình Sợi Tơ Vàng","Khách sạn"
"hotel","Nhà Nghỉ Thùy Trang","Nhà nghỉ trượt tuyết"
"hotel","TARO HOME/THE GREENHOUSE HOMESTAY","Khách sạn"
"hotel","Nhahao","Khách sạn"
"hotel","Khách Sạn Nhã Thy","Khách sạn"
"hotel","Nhà Nghỉ Hoa Sen Hồng","Khách sạn"
"hotel","Dịch Vụ Cung Cấp Nhà Hàng Khách Sạn","Khách sạn"
"hotel","Khách Sạn Khang Đan","Khách sạn"
"hotel","Quỳnh Anh Hotel","Khách sạn"
"hotel","Nhà Nghỉ Anh Thư","Khách sạn"
"hotel","Tân Thành hotel","Khách sạn"
"hotel","Khách Sạn Kỳ Hoà","Khách sạn"
"hotel","Khach san","Khách sạn"
"hotel","Khách Sạn Anh Anh","Khách sạn"
"hotel","OYO 680 Nha Nghi Vy Anh","Khách sạn"
"hotel","Khách Sạn Đông Nam","Khách sạn"
"hotel","Khách Sạn Như Quỳnh","Khách sạn lưu trú dài hạn"
"hotel","Khách Sạn Hoa Hướng Dương","Khách sạn"
"hotel","Hotel gia huyên","Khách sạn"
"hotel","Khách Sạn Tình Cờ","Khách sạn"
"hotel","Nhà Nghỉ Gia Hòa","Nhà trọ"
"hotel","Khách Sạn Thu Hà","Khách sạn"
"hotel","Nhà Nghỉ Phong Dân","Khách sạn"
"hotel","Nhà trọ bình dương","Nhà trọ"
"hotel","Nhà trọ Mau Nguyen","Nhà trọ"
"hotel","Khách Sạn Hạnh Phúc - Phòng Đẹp Giá Rẻ 24/24","Khách sạn"
"hotel","Nhà trọ Hồng Long","Nhà trọ"
"hotel","Cơ sở KD nhà trọ Nhà trọ Hoàng An & DVDL - taxigiare","Điểm thu hút khách du lịch"
"hotel","Nhà Trọ Sinh Viên 12/08","Nhà trọ"
"hotel","NHÀ TRỌ CÔ MÙI","Nhà trọ"
"hotel","Nhà trọ hoàng khắc thành","Nhà trọ"
"hotel","Nhà trọ 55","Nhà trọ"
"hotel","Nhà trọ Thanh Linh","Nhà trọ"
"hotel","Nhà trọ chú 6","Nhà trọ"
"hotel","Nhà trọ Quốc Tuyên","Nhà trọ"
"hotel","Nhà trọ Lâm","Nhà trọ"
"hotel","Nhà Trọ Chú Toàn","Nhà trọ"
"hotel","Nhà trọ Hải Phương","Nhà trọ"
"hotel","Nhà Trọ Trần Thị Hoàng Oanh","Nhà trọ"
"hotel","Nhà trọ Duy Linh","Nhà trọ"
"hotel","Nhà trọ Hùng Thuỷ 2","Nhà trọ"
"hotel","Nhà Trọ Thủy Nương","Nhà trọ"
"hotel","Nhà trọ anh Thành sát KTX B ĐHQG HCM","Nhà trọ"
"hotel","NHÀ TRỌ CHÚ GIẢNG","Nhà trọ"
"hotel","Nhà Trọ : Gia - Bảo - Phúc","Nhà trọ"
"hotel","Nhà Trọ Đoàn Văn Tuyền","Nhà trọ"
"hotel","Nhà Trọ Hồ Văn Thành","Nhà trọ"
"hotel","Clb bi da và nhà trọ Thắng Long","Nhà trọ"
"hotel","Nhà Trọ Ông Lâm","Nhà trọ"
"hotel","Nhà trọ Ngân Phú","Nhà trọ"
"hotel","Nhà trọ sinh viên","Nhà trọ"
"hotel","Nhà Trọ Hà Văn Liễu","Nhà trọ"
"hotel","Nhà trọ Hoàng Thị Thuỳ Mai 75 Nguyễn Bính","Nhà trọ"
"hotel","Nhà trọ Chú Ba","Nhà trọ"
"hotel","Nhà Trọ Cô Tư","Nhà trọ"
"hotel","Nhà Trọ Mi Sa","Nhà trọ"
"hotel","Nhà trọ Nguyễn Văn Cường","Nhà trọ"
"hotel","Nhà Trọ Lê Thị Hạnh","Nhà trọ"
"hotel","Nhà trọ Anh Thành","Nhà trọ"
"hotel","Phòng Trọ Cho Thuê","Khách sạn"
"hotel","Nhà trọ Dũng Hiền","Nhà trọ"
"hotel","Nhà trọ Hùng Thuỷ 1","Nhà trọ"
"hotel","Nhà Trọ Bích Vân","Nhà trọ"
"hotel","Nhà Trọ Thanh Trung","Nhà trọ"
"hotel","Nhà Trọ Lâm Hoàng Minh","Nhà trọ"
"hotel","Nhà trọ cô hải","Nhà trọ"
"hotel","Nhà Trọ Xóm Nhà Lá","Phòng cho thuê"
"hotel","Nhà Trọ Nguyễn Thị Lệ Thủy","Nhà trọ"
"hotel","Nhà Trọ Lâm Hoa","Nhà trọ"
"hotel","Nhà Trọ Trần Công","Nhà trọ"
"hotel","Nhà Trọ Văn Minh 139","Nhà trọ"
"hotel","Nhà Trọ - KTX Năm Thành","Nhà trọ"
"hotel","Nhà Trọ Nguyễn Thanh Ngà","Nhà trọ"
"hotel","Nhà trọ út thảo","Nhà trọ"
"hotel","Nhà Trọ Nguyễn Thành Tâm","Khách sạn"
"hotel","Nhà trọ Lê Nhàn","Nhà trọ"
"hotel","NHÀ TRỌ HÀ ANH","Nhà trọ"
"hotel","Nhà trọ 60/10 Lồ Ồ","Nhà trọ"
"hotel","Nhà Trọ Hẻm","Nhà trọ"
"hotel","Nhà trọ Vườn Mai","Nhà trọ"
"hotel","Nhà trọ Go Dĩ An","Nhà trọ"
"hotel","Nhà Trọ Hai Nhiều","Nhà trọ"
"hotel","Nhà trọ Tình Thương","Nhà trọ"
"hotel","Nhà trọ Ba Trang","Nhà trọ"
"hotel","nhà trọ chú phát","Nhà trọ"
"hotel","nhà trọ Chị Thúy","Nhà trọ"
"hotel","Nhà trọ Lê Văn Quý","Nhà trọ"
"hotel","Nhà trọ Ánh Trâm","Nhà trọ"
"hotel","Nhà trọ út nguyễn","Nhà trọ"
"hotel","Phòng trọ Hạnh Phúc","Nhà trọ"
"hotel","Nhà Trọ Trần Minh Khôi","Nhà trọ"
"hotel","Nhà trọ 5 ngay","Nhà trọ"
"hotel","Khu nhà trọ ông 10","Nhà trọ"
"hotel","Nhà trọ Cô Hạnh","Nhà trọ"
"hotel","Nhà Trọ HuỳnhTấn Dũng","Nhà trọ"
"hotel","Nhà Trọ Trần Thị Kim Duyên","Nhà trọ"
"hotel","Nhà Trọ Trần Gia","Lưu trú nhà dân"
"hotel","Nhà Trọ Bùi Văn Tường","Nhà trọ"
"hotel","Nhà Trọ Huỳnh Tấn Dũng","Nhà trọ kỳ nghỉ cấm hút thuốc"
"hotel","Phòng trọ Dì Liên","Nhà trọ"
"hotel","Nhà Trọ Thành Nghĩa","Khách sạn"
"hotel","Nhà Trọ Nguyễn Thông","Nhà trọ"
"hotel","Nhà trọ bà bảy Thiện","Nhà trọ"
"hotel","Nhà Trọ Tân Hoà","Nhà trọ"
"hotel","Nhà Trọ Ngô Sĩ Quyết","Nhà trọ"
"hotel","Nhari Trọ Nguyễn Văn Việt","Khách sạn"
"hotel","Phòng Trọ Thúy Hồng","Chỗ trọ trong nhà"
"hotel","Nhà Trọ Nguyễn Thị Huệ","Khách sạn"
"hotel","Nhà trọ Vành Đai ĐHQG","Nhà trọ"
"hotel","Nhà Trọ Đặng Thị Mùi","Nhà trọ"
"hotel","Nhà Trọ Lương Văn Hiệp","Nhà trọ"
"hotel","Dịch Vụ Cho Thuê Nhà Trọ (Nguyễn Thị Hường)","Khách sạn"
"hotel","Nhà Nghỉ Phương Nam 10","Khách sạn"
"hotel","Nhà Nghỉ Vân Anh","Nhà nghỉ dưỡng cho thuê"
"hotel","Khách Sạn Thanh Vân","Khách sạn"
"hotel","Nhà Nghỉ Khánh Nam","Khách sạn"
"hotel","Nhà Nghỉ Thiện","Khách sạn"
"hotel","Nhà Nghỉ Tâm Đạt","Nhà trọ"
"hotel","Nhà Nghỉ Lan Linh","Nhà nghỉ trượt tuyết"
"hotel","Nhà Nghỉ Mai Dung","Khách sạn"
"hotel","Nhà nghỉ CNC chung dũng","Khách sạn"
"hotel","Nhà Nghỉ Long Hoa 2","Nhà nghỉ trượt tuyết"
"hotel","nhà nghỉ Liên Sơn","Khách sạn"
"hotel","Nhà Nghỉ Hương Hảo","Nhà nghỉ dưỡng cho thuê"
"hotel","Nhà Nghỉ Mai Thanh Thảo","Nhà khách"
"hotel","Nhà Trọ Thanh Thủy (Bệnh Nhân BV Ung Bứu Cơ Sở 2)","Nhà nghỉ dưỡng cho thuê"
"hotel","Nhà nghỉ Vườn Mít","Nhà nghỉ trượt tuyết"
"hotel","Ks Lan Anh","Khách sạn"
"hotel","Nhà Nghỉ Hưng Thịnh","Nhà nghỉ trượt tuyết"
"hotel","Nhà Nghỉ Hồng Hoa 2","Khách sạn"
"hotel","nhà lưu trú 0 đồng Đắc Nhân Tâm","Nhà trọ"
"hotel","Nhà Lưu Trú Bệnh Nhân Kiều Đại (Bệnh Nhân Bệnh Viện Ung Bướu Cơ Sở 2)","Nhà trọ"
"hotel","Nhà lưu trú Tiên Trang","Nhà trọ"
"hotel","Nhà Trọ - Lưu Trú Bệnh Nhân An Nhiên","Nhà trọ"
"hotel","Nhà lưu trú Hồng Phát","Nhà trọ kỳ nghỉ cấm hút thuốc"
"hotel","Cơ sở may thanh huong","Lưu trú nhà dân"
"hotel","Tòa AH - KTX Khu A+ - ĐHQG TP.HCM","Ký túc xá sinh viên"
"hotel","Phòng Trọ sau lưng Bệnh Viện Ung Bướu cơ sở 2 Quận 9","Nhà trọ"
"hotel","Khách Sạn Mạnh Long","Khách sạn"
"hotel","Cơ Sở Lưu Trú Du Lịch Phương Trinh - Đà Lạt","Khách sạn"
"hotel","Khách Sạn Bảo Trúc","Khách sạn"
"hotel","Cơ sở Trọ Lưu Trú Hai Hợi","Đại lý cho thuê phòng nghỉ cao cấp"
"hotel","Cơ Sở Lưu Trú HẢI","Khách sạn"
"hotel","Cơ Sở Lưu Trú Du Lịch Thiên Hà","Khách sạn"
"hotel","Khu Tái Định Cư Siêu thị Đông Hòa","Lưu trú nhà dân"
"hotel","Khu Lưu Trú Công Nhân","Văn phòng công ty"
"hotel","Khu lưu trú Công ty TNHH Highland Dragon","Nhà trọ"
"hotel","Nhà Lưu Trú 3MC","Nhà nghỉ dưỡng"
"hotel","Khu Lưu trú Highland Dragon Foods","Lưu trú nhà dân"
"hotel","Khu lưu trú công nhân khu chế xuất Tân Thuận (SADECO)","Chung cư"
"hotel","Nissei Dormitory Khu lưu trú Nissei","Khu tổ hợp công quản"
"hotel","Khu lưu trú Văn hoá số 7","Nhà trọ"
"hotel","Lưu Trú Nhà Mộc","Khu phức hợp nhà ở"
"hotel","Happiness Home","Lưu trú nhà dân"
"hotel","Khu lưu trú Văn hoá số 3","Nhà trọ"
"hotel","Nhà lưu trú Bình An","Nhà trọ"
"hotel","Khu lưu trú Văn hoá số 11","Nhà trọ"
"hotel","Nguyen Van Hoang Accommodation Services","Khách sạn"
"hotel","Nhà lưu trú LÊ DUNG","Đại lý cho thuê nhà nghỉ"
"hotel","Pham Duc Mau Accommodation Services","Khách sạn"
"hotel","Hotel Hoàng Gia","Khách sạn"
"hotel","Nhà Nghỉ Lưu Trú Anh Thư","Lưu trú nhà dân"
"hotel","Trung tâm Quản lý Ký túc xá và Khu đô thị ĐHQG-HCM","Ký túc xá sinh viên"
"hotel","THE 1992 HOMESTAY","Khách sạn"
"hotel","SVH - Serviced Accommodation","Khách sạn"
"hotel","Pink House - Dịch vụ lưu trú trung tâm (Serviced apartment)","Khách sạn lưu trú dài hạn"
"hotel","Doan Hong Viet Accommodation Services","Khách sạn"
"hotel","Dịch Vụ Lưu Trú Lan Anh","Khách sạn"
"hotel","Dịch Vụ Lưu Trú Võ Thị Tố Nga","Khách sạn"
"hotel","Dịch Vụ Lưu Trú Nguyễn Trọng Khôi","Khách sạn"
"restaurant","Cơm Ngon Siba Láng Hạ","Nhà hàng cơm"
"restaurant","Cơm trưa Văn Phòng - Cơm gà Hải Nam","Nhà hàng cơm"
"restaurant","Com Ngon Viet","Nhà hàng"
"restaurant","Tiệm Cơm Thu Hằng","Nhà hàng cơm"
"restaurant","Cơm Nhà","Nhà hàng Việt Nam"
"restaurant","Cơm đảo gà quay, cơm rang dưa bò","Nhà hàng"
"restaurant","Quán Nhỏ","Nhà hàng"
"restaurant","Vị An 145 Hoàng Cầu","Nhà hàng Việt Nam"
"restaurant","Quán Cơm Việt","Nhà hàng"
"restaurant","Cơm Ngon Siba Trần Huy Liệu","Nhà hàng cơm"
"restaurant","Quán Cơm Nhà","Nhà hàng gia đình"
"restaurant","Cơm niêu","Nhà hàng châu Á"
"restaurant","Cơm Tấm Wow","Nhà hàng"
"restaurant","Kampong Chicken House - Cơm gà Hải Nam","Nhà hàng"
"restaurant","Cơm Tấm Ngọc Anh","Nhà hàng cơm"
"restaurant","Quán Cơm Chao","Nhà hàng chuyên phục vụ bữa nửa buổi"
"restaurant","Cơm Ngọc Anh","Nhà hàng"
"restaurant","Cơm Nhà","Nhà hàng"
"restaurant","Cơm Galaxy","Nhà hàng cơm"
"restaurant","Cơm Lệ","Nhà hàng"
"restaurant","Tiệm Cơm Bầm Thu","Nhà hàng cơm"
"restaurant","Cơm Ngon Siba Cát Linh","Nhà hàng cơm"
"restaurant","Xới Cơm - Tiệm ăn gia đình","Nhà hàng gia đình"
"restaurant","Cơm Nhà Sen","Nhà hàng"
"restaurant","Mì Hàn Quốc","Nhà hàng"
"restaurant","Cơm Bà Ngoại Cơ Sở 2","Nhà hàng"
"restaurant","Tiệm Cơm Nhà","Nhà hàng"
"restaurant","Cơm 35 Thái Hà","Quán ăn nhỏ"
"restaurant","Cơm Tấm Hằng","Nhà hàng cơm"
"restaurant","Cơm Niêu Hải Sư Singapore - Giảng Võ","Nhà hàng"
"restaurant","Tiệm Cơm Bầm Thu Kim Mã","Nhà hàng"
"restaurant","Nhà Hàng Gia Duy","Nhà hàng gia đình"
"restaurant","Quán cơm bà Ngọc","Cửa hàng thịt"
"restaurant","Quán Cơm Ngàn","Nhà hàng"
"restaurant","Cơm nhà làm (Homemade rice)","Nhà hàng cơm"
"restaurant","Quán Quyền Sài Gòn","Quán ăn nhỏ"
"restaurant","CƠM VĂN PHÒNG 24H","Nhà hàng gia đình"
"restaurant","Quán Cơm Niêu Bảo Sơn","Nhà hàng"
"restaurant","Cơm Ngon Siba Yên Hòa","Nhà hàng cơm"
"restaurant","Bếp Nhà Mộc","Nhà hàng"
"restaurant","Đũa Cả - Tiệm cơm nhà","Nhà hàng Việt Nam"
"restaurant","Quán Ngon Gia Bảo - cơm ngon nhà làm","Nhà hàng"
"restaurant","Quán cơm Cô Bông","Nhà hàng cơm"
"restaurant","Cơm niêu 68 - Nấu từ tâm, bán có tầm","Quán ăn nhỏ"
"restaurant","Quán cơm Linh Chi","Nhà hàng"
"restaurant","Cơm gà Hương Việt","Nhà hàng"
"restaurant","Little SIAM","Nhà hàng Thái Lan"
"restaurant","CƠM LÀNH_ CANH NGỌT","Nhà hàng cơm"
"restaurant","Nhà hàng Mâm Son","Nhà hàng"
"restaurant","Quán Phượng Sài Gòn","Nhà hàng"
"restaurant","Umai29 Ngọc Khánh","Nhà hàng"
"restaurant","Sio Sushi","Nhà hàng sushi"
"restaurant","MẸT Vietnamese Restaurant & Vegetarian Met 2","Nhà hàng Việt Nam"
"restaurant","Cơm Trứng Việt Trung","Nhà hàng cơm"
"restaurant","Nhà hàng Chay Búp Tâm An - Vegetarian food and drinks","Nhà hàng cho người ăn chay"
"restaurant","Bếp Linh Lan","Nhà hàng bán đồ ăn mang về"
"restaurant","Cơm Bắc Ninh ( Cường Thịnh )","Nhà hàng cơm"
"restaurant","MẸT Vietnamese restaurant & Vegetarian Food 3","Nhà hàng Việt Nam"
"restaurant","Cơm Lệ","Nhà hàng Việt Nam"
"restaurant","Quán Cơm Ngon","Nhà hàng cơm"
"restaurant","Nhà hàng 123 Kim Mã","Nhà hàng"
"restaurant","Cơm Phở 4 Nguyễn Du","Nhà hàng"
"restaurant","Cơm nhà Tiến Hạnh","Nhà hàng"
"restaurant","Quán Cơm Rang Cây Bàng","Nhà hàng cơm"
"restaurant","Phở bò cơm rang Mạnh Thắng","Nhà hàng"
"restaurant","Quán Cơm Ánh Dung","Nhà hàng"
"restaurant","Quán cơm Khánh Hà","Nhà hàng gia đình"
"restaurant","Nhà hàng Mâm Nhà - Cơm và Cuốn","Nhà hàng"
"restaurant","Nhà Hàng An Nhiên Chay Ba Đình - Vegetarian Restaurant Ba Đình","Nhà hàng cho người ăn chay"
"restaurant","KIOT CƠM - CƠM NHÀ, GIÁ RÕ","Nhà hàng cơm"
"restaurant","Cơm Niêu Tố Uyên","Nhà hàng Việt Nam"
"restaurant","Quán Cơm","Nhà hàng cơm"
"restaurant","Nhà hàng Cơm Tuấn Sơn","Nhà hàng Việt Nam"
"restaurant","Tiệm Cơm Mai Anh","Nhà hàng Việt Nam"
"restaurant","Quán Cơm Nhà Hến","Nhà hàng cơm"
"restaurant","Cơm nhà - Về nhà","Nhà hàng gia đình"
"restaurant","Cơm nhà 2 Mốt","Nhà hàng chuyên phục vụ bữa nửa buổi"
"restaurant","Cơm Niêu Hải Sư Singapore - Huỳnh Thúc Kháng","Nhà hàng"
"restaurant","Cơm Đốt Thố Lão Đại","Nhà hàng cơm"
"restaurant","Ẩm Thực Niêu Quán","Nhà hàng gia đình"
"restaurant","Cơm niêu Hoa Lư","Nhà hàng"
"restaurant","Cơm Niêu Hai Chàng Trai cs2","Nhà hàng"
"restaurant","Cơm Niêu Làng Tôi","Nhà hàng"
"restaurant","Cơm Rang Niêu","Nhà hàng chuyên phục vụ bữa nửa buổi"
"restaurant","Cơm Niêu Hai Chàng Trai- Cầu Giấy","Nhà hàng gia đình"
"restaurant","Cơm Niêu Gia Đình","Nhà hàng châu Á"
"restaurant","Cơm niêu Singapore KOMBO - 108A1 Phạm Ngọc Thạch","Nhà hàng"
"restaurant","Cơm Niêu Tố Uyên 1","Nhà hàng"
"restaurant","Cơm Niêu Hải Sư Singapore - Vincom Bà Triệu","Nhà hàng"
"restaurant","Cơm Thố Anh Nguyễn - Đội Cấn","Nhà hàng châu Á"
"restaurant","Cơm Niêu Văn Phòng & Cơm Sinh Viên","Nhà hàng"
"restaurant","Cơm Thố Abi - Huỳnh Thúc Kháng","Nhà hàng"
"restaurant","Cơm rang niêu 225","Nhà hàng cơm"
"restaurant","Nhà Hàng Kumbo","Nhà hàng"
"restaurant","Niêu Quán","Nhà hàng gia đình"
"restaurant","Quán ăn Chị Yến - - 燕姐餐厅小火锅，烧烤,麻辣烫","Nhà hàng"
"restaurant","Cơm Niêu Komhome","Nhà hàng"
"restaurant","Cơm niêu Helen","Nhà hàng"
"restaurant","Cơm Niêu Gia Bảo","Nhà hàng"
"restaurant","Cơm Niêu Cái Bếp Garden","Nhà hàng cơm"
"restaurant","Quán Cơm Niêu Đất","Cửa hàng bán đồ ăn nấu sẵn"
"restaurant","Cơm niêu Singapore KOMBO - Go Thăng Long","Nhà hàng"
"restaurant","Cơm niêu Singapore KOMBO - 60 Lê Văn Thiêm","Nhà hàng"
"restaurant","Quán Cơm Niêu Hợp Tác Xã","Cửa hàng bán đồ ăn nấu sẵn"
"restaurant","Khánh Chi Cơm Niêu Văn Phòng","Nhà hàng"
"restaurant","Cơm Niêu Meat24 Mỹ Đình - B28,BT5 Lưu Hữu Phước","Nhà hàng"
"restaurant","Cơm niêu Singapore KOMBO - 30 Nguyễn Phong Sắc","Nhà hàng"
"restaurant","Cơm Viên","Nhà hàng"
"restaurant","Tiệm Cơm Niêu Nga Kiều","Nhà hàng"
"restaurant","Nhà Hàng Cơm Niêu Bách Gia Hương","Nhà hàng"
"restaurant","Cơm Niêu Bò","Nhà hàng"
"restaurant","Cơm Niêu Ngói Xưa","Nhà hàng Việt Nam"
"restaurant","Cơm niêu Singapore KOMBO - 46 Trần Đại Nghĩa","Nhà hàng"
"restaurant","Cơm niêu","Nhà hàng gia đình"
"restaurant","Cơm niêu Vị Bắc","Nhà hàng cơm"
"restaurant","Cơm Vị Xưa","Nhà hàng Việt Nam"
"restaurant","Cháo Niêu Xôi Việt Cơm Văn Phòng","Nhà hàng"
"restaurant","Cơm niêu Bà Loan","Nhà hàng cơm"
"restaurant","Ngọc Oanh Trà Quán","Nhà hàng"
"restaurant","Cơm Tấm Dương","Nhà hàng"
"restaurant","Cơm Niêu Bò Sốt Tiêu","Nhà hàng"
"restaurant","Cơm niêu Sông Hồng QueenBeef","Nhà hàng"
"restaurant","Cơm Sườn Đào Duy Từ","Nhà hàng"
"restaurant","Cơm Niêu Hai Chàng Trai","Nhà hàng"
"restaurant","CƠM NIÊU - ẨM THỰC 3 MIỀN - HẢI MIỀN TÂY","Nhà hàng"
"restaurant","Cơm Niêu Phương Lộc","Nhà hàng Việt Nam"
"restaurant","Nhà Hàng Cơm Nêu T - D","Nhà hàng"
"restaurant","Cơm Lu 35K","Nhà hàng"
"restaurant","Cơm tám ngon","Nhà hàng"
"restaurant","Cơm Niêu Hợp Tác Xã - 140 Nguyễn Đức Cảnh","Nhà hàng bán đồ ăn mang về"
"restaurant","Cơm Niêu Hiền Hoa","Nhà hàng cơm"
"restaurant","Mây Vegan - Về Nhà Ăn Chay","Nhà hàng cho người ăn chay"
"restaurant","Cơm Niêu Hải Sư Singapore - Aeon Long Biên","Nhà hàng"
"restaurant","Cơm Sươn Đào Duy Từ","Nhà hàng"
"restaurant","Cocomi Claypot","Nhà hàng"
"restaurant","Eat ( hồn việt ) Cơm Niêu","Nhà hàng"
"restaurant","Cơm niêu KOMBO - Vincom Nguyễn Chí Thanh","Nhà hàng"
"restaurant","Cơm ba miền","Quán ăn nhỏ"
"restaurant","Làng Niêu & Nướng","Nhà hàng"
"restaurant","Cơm niêu Singapore KOMBO - C3 Nguyễn Cơ Thạch","Nhà hàng"
"restaurant","Hợp tác xã cơm niêu","Nhà hàng cơm"
"restaurant","Nhà hàng Hàn Quốc Gaonjae - 가온재 ｜Cơm niêu Hàn Quốc｜Đồ nướng Hàn Quốc","Nhà hàng Hàn Quốc"
"restaurant","Hadu Sushi","Nhà hàng sushi"
"restaurant","Cơm niêu Tuyết Trang CS2","Nhà hàng Việt Nam"
"restaurant","Cơm niêu Singapore KOMBO - 110 Nguyễn Văn Lộc","Nhà hàng"
"restaurant","Cơm niêu Singapore KOMBO - 26 Kim Đồng","Nhà hàng"
"restaurant","Cơm niêu Cô Hai","Quán cà phê"
"restaurant","Cơm Niêu Hương Rừng","Nhà hàng"
"restaurant","Cơm niêu Thanh Huyền","Nhà hàng gia đình"
"restaurant","Xưa Quán Bún Cá Cơm Niêu","Quán ăn nhỏ"
"restaurant","Cơm niêu Duy Phong","Quán ăn nhỏ"
"restaurant","MẸT Vietnamese restaurant & Vegetarian Food 1","Nhà hàng Việt Nam"
"restaurant","Cơm Niêu Singapore KomBo","Nhà hàng"
"restaurant","Cơm niêu Hoàng Yến","Nhà hàng"
"restaurant","Đài Nam Niêu Quán","Nhà hàng cháo"
"restaurant","Nhà Hàng Huế Bà Hòa","Nhà hàng"
"restaurant","Old Viet's Restaurant","Nhà hàng Việt Nam"
"restaurant","Cơm Niêu Sala","Nhà hàng cơm"
"restaurant","Cơm Như Huyền","Quán ăn nhỏ"
"restaurant","Cơm Niêu Sài Gòn","Quán ăn nhỏ"
"restaurant","Cơm Niêu Singapore KOMBO - Ocean Park 1","Nhà hàng Singapore"
"restaurant","Cơm thố BÁCH KHOA - Trần Đại Nghĩa","Nhà hàng"
"restaurant","Quán Cơm Văn Phòng Cơm Niêu","Cửa hàng bán đồ ăn nấu sẵn"
"restaurant","Cơm Niêu 247","Nhà hàng"
"restaurant","Cơm niêu - Cafe IZI","Nhà hàng"
"restaurant","BÀ CHÌA - Bún Bò Huế, Cơm Tấm, Cơm Niêu","Nhà hàng"
"restaurant","Cơm Niêu Lẩu Quán","Nhà hàng"
"restaurant","Cơm Niêu Sài Gòn","Nhà hàng"
"restaurant","Cơm Niêu Ngọc Linh","Nhà hàng"
"restaurant","Kim cà phê cơm niêu","Nhà hàng"
"restaurant","CƠM NIÊU TUYẾT TRANG","Nhà hàng"
"restaurant","BÚN BÒ HUẾ - CƠM NIÊU THANH TRÚC","Nhà hàng"
"restaurant","Quán Nón - Trè Bun","Nhà hàng"
"restaurant","Quán cơm niêu Singapore Yên Nghĩa","Nhà hàng gia đình"
"restaurant","Cơm niêu An Khang","Nhà hàng"
"restaurant","KAT'S BAKERY","Tiệm bánh"
"restaurant","Cửa Hàng Bánh Mì Que BMQ","Tiệm bánh"
"restaurant","Ổ Bánh Mì - 85C Nguyễn Văn Tuyết","Quán ăn nhỏ"
"restaurant","Bánh mì Pate que Hải Phòng","Tiệm bánh"
"restaurant","Bình Mì Que Pháp BMQ - Đặng Tiến Đông","Tiệm bánh"
"restaurant","Xôi Bà Hiền","Nhà hàng ăn nhanh"
"restaurant","Bánh Mỳ Bi","Nhà hàng ăn nhanh"
"restaurant","Al Fresco's Láng Hạ","Nhà hàng"
"restaurant","Tiệm Bánh Mỳ Que 105E2","Tiệm bánh"
"restaurant","Pate cột đèn đặc sản Hải Phòng - Tâm Cook","Nhà hàng"
"restaurant","Bánh mì Vui","Nhà hàng ăn nhanh"
"restaurant","MỊ QUÁN - Trà Chanh/ Bánh mỳ que Đà Nẵng","Quán ăn nhỏ"
"restaurant","Kudo Bánh Mì Nướng Lạng Sơn","Cửa hàng sandwich"
"restaurant","Bánh Mì Tâm béo - Bread Tam Beo","Tiệm bánh"
"restaurant","Quán Cô Hằng","Nhà hàng"
"restaurant","Pate Đồng Tiến - Bánh mì que Hải Phòng","Tiệm bánh"
"restaurant","Bánh Mỳ Hội An Minh Huy","Cửa hàng sandwich"
"restaurant","Bánh Mì B+","Tiệm bánh"
"restaurant","Pate Cột Đèn Đặc Sản Hải Phòng - Tâm Cook","Tiệm bánh"
"restaurant","Tâm Cook - Pate Cột đèn Hải Phòng","Tiệm bánh"
"restaurant","Bánh Mì Que Pháp BMQ","Cửa hàng sandwich"
"restaurant","Bánh Mì Hải Phòng","Cửa hàng bán bánh pa-tê"
"restaurant","Bánh mì Cô Ba","Tiệm bánh"
"restaurant","Bánh mỳ Chế","Nhà hàng chuyên phục vụ bữa sáng"
"restaurant","Bánh mỳ Pate cột đèn","Tiệm bánh"
"restaurant","Bánh mì que hải phòng","Tiệm bánh"
"restaurant","BÁNH MÌ HÀ NỘI","Nhà hàng"
"restaurant","Bánh mì Pate cột đèn - Đặc sản Hải Phòng","Nhà hàng món bánh mì nướng"
"restaurant","Bánh Mì Ô Môi (Long Khánh)","Nhà hàng"
"restaurant","VY Veggie 2 Go","Nhà hàng cho người ăn chay"
"restaurant","Lươn O Quế 111 Láng Hạ","Nhà hàng"
"restaurant","Trạm Bánh Mì","Nhà hàng Việt Nam"
"restaurant","Bánh Mì BiVe","Cửa hàng sandwich"
"restaurant","Bánh Mì Việt - Pate Cột Đèn","Cửa hàng bán đồ ăn nấu sẵn"
"restaurant","Bánh Mì Que Đà Nẵng","Nhà hàng"
"restaurant","BÁNH MÌ SÀI GÒN - 204D ĐỘI CẤN","Khu ăn uống"
"restaurant","Bánh mì pate cột đèn Hải Phòng","Nhà hàng"
"restaurant","Bánh Mì Que Tứ Hải","Nhà hàng"
"restaurant","Bánh Mì Hội An","Nhà hàng"
"restaurant","Bánh mì Don Don","Cửa hàng sandwich"
"restaurant","Bánh Mì PewPew","Tiệm bánh"
"restaurant","Bánh Mì Que Họ Đặng + Bánh bao nhà làm truyền thống","Tiệm bánh"
"restaurant","Tiệm Bánh Mì Que Đà Nẵng","Tiệm bánh"
"restaurant","Bánh Mì Que Pháp BMQ - Tông Đản","Tiệm bánh"
"restaurant","Bánh Mì Thịt Xiên Nướng - Súp Gà","Tiệm bánh"
"restaurant","Kem Hồ Tây có mẹ hà","Cửa hàng kem"
"restaurant","Bánh Mì Que - Bảo Lam","Nhà hàng bán đồ ăn mang về"
"restaurant","Bánh Mì Pate 16 Lê Quý Đôn","Tiệm bánh"
"restaurant","Cốm Làng Vòng Thúy Nhung","Cửa hàng bán thực phẩm đặc sản"
"restaurant","Bánh Mì Que Đà Nẵng","Cửa hàng bánh"
"restaurant","Bánh Mì Dasco","Cửa hàng"
"restaurant","Cửa Hàng Patê Đồng Tiến","Cửa hàng bán thực phẩm sạch"
"restaurant","Bánh mỳ A Lều 82","Nhà hàng Việt Nam"
"restaurant","Bánh Mì Tiệm Nhà Tấm Cám","Nhà hàng ăn nhanh"
"restaurant","Banh Mi Paté Cột Đèn","Tiệm bánh"
"restaurant","Bánh Mì Que Tư Hải","Cửa hàng sandwich"
"restaurant","Nhà Hàng Vịt Vân Đình Minh Phương","Nhà hàng"
"restaurant","Công Ty Tnhh Thực Phẩm Tâm Việt Thảo - Bánh Mì Que","Tiệm bánh"
"restaurant","Bánh mỳ que Hải Phòng","Tiệm bánh"
"restaurant","Vinci, Pizza and Grill","Nhà hàng ý"
"restaurant","Bún giả cầy ( thịt lợn) - Chuẩn vị Bắc","Nhà hàng Việt Nam"
"restaurant","HAPPY TEA & CAKE TRẦN QUỐC HOÀN - Pizza, Trà Sữa, Cafe, Trà Chanh, Nước Ép, Sinh Tố, Bánh Mì Que HP, Bánh Mì Kẹp","Quán cà phê"
"restaurant","Bami Bread - Lý Thường Kiệt","Tiệm bánh"
"restaurant","Bánh mì Pate Cột Đèn Hải Phòng","Nhà hàng ăn nhanh"
"restaurant","Pate’s House - Bánh Mì Sài Gòn và đồ uống ngon","Tiệm bánh"
"restaurant","Toàn Food - Mì trộn indomie - Xiên que chiên","Nhà hàng ăn nhanh"
"restaurant","Bamboo Bread - Bánh Mì Tre","Cửa hàng sandwich"
"restaurant","Bánh mì pate Cột Đèn","Tiệm bánh"
"restaurant","Quán Bánh Cuốn - Bánh Mì Que Ông Cuông","Cửa hàng bán đồ ăn nấu sẵn"
"restaurant","Bamichao - Vua Banh Mi Chao","Nhà hàng"
"restaurant","Bánh Mì & Xôi","Nhà hàng"
"restaurant","Hải Phòng Ngon","Cửa hàng bán đồ ăn nấu sẵn"
"restaurant","Bánh Mì Chảo 5 Châu - CS Vũ Trọng Phụng","Nhà hàng Việt Nam"
"restaurant","Tiệm Bánh Hoan","Tiệm bánh"
"restaurant","Bánh mì que Đà Nẵng","Cửa hàng bánh hấp"
"restaurant","Bánh Mì Que Tâm Phúc","Nhà hàng"
"restaurant","Giò Chả Ước Lễ Bộ Bích","Cửa hàng bán thực phẩm sạch"
"restaurant","Bm Pate cột đèn","Tiệm bánh"
"restaurant","Bánh Mỳ 73","Nhà hàng"
"restaurant","BÁNH MÌ MẬN ƠI - CS PHÙNG HƯNG","Tiệm bánh"
"restaurant","Banh Mi MAMA","Nhà hàng"
"restaurant","Bánh mì pate cột đèn - Đặc sản Hải Phòng","Quán ăn nhỏ"
"restaurant","Bánh Mì Như Ý","Nhà hàng"
"restaurant","Bánh mỳ Doner Kebab | 26 Hàng Buồm","Nhà hàng món bánh mì Thổ Nhĩ Kỳ"
"restaurant","Bánh Mì Que Tư Hải","Tiệm bánh"
"restaurant","Bánh Mì Pate Cột Đèn - 121B Bạch Mai","Cửa hàng bán đồ ăn nấu sẵn"
"restaurant","Bánh Mỳ Que","Nhà hàng"
"restaurant","Bánh mỳ nem khoai Anh Thịnh","Quán ăn nhẹ"
"restaurant","Bánh Mỳ Que - Bảo Lam - Ngọc Thuỵ","Nhà hàng"
"restaurant","quán bánh mì que đà nẵng","Tiệm bánh"
"restaurant","Cơm tấm Thuỷ Linh Châu","Nhà hàng"
"restaurant","Cơm Tấm Văn Linh","Nhà hàng gia đình"
"restaurant","Cơm Sườn Cay HiMC - Đê La Thành","Quán ăn tự phục vụ"
"restaurant","FITB - Cơm tấm, đồ ăn Nhật Bản","Nhà hàng"
"restaurant","Cơm Tấm Cầu Thủ","Nhà hàng"
"restaurant","Cơm Tấm Phố","Nhà hàng"
"restaurant","Bếp Cơm Tấm","Nhà hàng Việt Nam"
"restaurant","Quán Cơm Sunflower","Nhà hàng"
"restaurant","Hẻm Tấm - Cơm Tấm Sài Gòn","Quán ăn nhỏ"
"restaurant","Cơm tấm Kiều Trang SG","Nhà hàng gia đình"
"restaurant","Cơm Tấm Cô Ba","Nhà hàng cơm"
"restaurant","Cơm tấm Sài Gòn Hiên","Nhà hàng gia đình"
"restaurant","Cơm Tấm Hai Chuối","Nhà hàng"
"restaurant","Cơm Tấm Sài Gòn & Bún Thịt Nướng","Cửa hàng tạp phẩm"
"restaurant","Cơm Tấm Sà Bì Chưởng","Nhà hàng cơm"
"restaurant","Hương Sơn Quán","Gian hàng rong"
"restaurant","Cơm tấm Sài Gòn","Nhà hàng"
"restaurant","Út Linh - Cơm tấm sườn nướng Sài Gòn","Nhà hàng châu Á"
"restaurant","Cơm tấm quận 10","Nhà hàng châu Á"
"restaurant","Hẻm Cơm Tấm","Nhà hàng"
"restaurant","CƠM TẤM TƯ MẬP - 241 THỤY KHUÊ","Nhà hàng"
"restaurant","Cơm Tấm Bảy Fơ – Đội Cấn (Cơ sở 2)","Nhà hàng Việt Nam"
"restaurant","Cơm Tấm Hương Trang - Ngon Như Mẹ Nấu","Nhà hàng"
"restaurant","Cơm Tấm Sườn Nướng","Nhà hàng"
"restaurant","Quán Cơm Sườn","Cửa hàng bán đồ ăn nấu sẵn"
"restaurant","Cơm tấm Sài Gòn D8 Nguyên hồng","Nhà hàng châu Á"
"restaurant","Cơm Tấm Anh Ký Hà Nội","Nhà hàng cơm"
"restaurant","Quán Cơm Tấm Sài Gòn","Cửa hàng bán đồ ăn nấu sẵn"
"restaurant","Quán Loan - Cơm Tấm Sài Gòn","Nhà hàng"
"restaurant","Góc Cơm Tấm","Nhà hàng cơm"
"restaurant","Cơm Tấm Cô Ngọc","Nhà hàng cơm"
"restaurant","Cơm Tấm Tuệ Minh - Khâm Thiên","Nhà hàng cơm"
"restaurant","cơm tấm xích lô","Quán ăn nhỏ"
"restaurant","CƠM TẤM NHÀ BA - 105 B8 TÔ HIỆU","Quán ăn nhỏ"
"restaurant","Cơm Tấm tỷ đô","Nhà hàng"
"restaurant","Cơm Sườn Cay HiMC - Nguyễn Thị Định","Nhà hàng cơm"
"restaurant","Cơm Gà Sườn Nướng 91","Nhà hàng"
"restaurant","Tiệm cơm tấm Phong Linh","Nhà hàng"
"restaurant","Cơm tấm nhà gấu","Nhà hàng"
"restaurant","Cơm Tấm Sài Gòn Thuỷ Linh Châu","Nhà hàng"
"restaurant","Cơm Tấm Cô Kiều Sóc Trăng","Nhà hàng"
"restaurant","Cơm Tấm 36","Nhà hàng"
"restaurant","Quán Cơm Tấm Cô Ba","Nhà hàng cơm"
"restaurant","Cơm Tấm Sài Gòn 56 Đào Tấn","Nhà hàng"
"restaurant","Cơm Tấm Nàng Bơ","Nhà hàng chuyên phục vụ bữa nửa buổi"
"restaurant","Cơm Tấm Ái Quốc","Nhà hàng"
"restaurant","Bún chả quạt Nabi_cơm tấm","Nhà hàng"
"restaurant","Cơm Tấm Ngõ 203","Nhà hàng gia đình"
"restaurant","Cơm Tấm Đêe","Nhà hàng"
"restaurant","Quán Cơm Tấm Quỳnh Hương","Cửa hàng bán đồ ăn nấu sẵn"
"restaurant","Cơm Tấm Sài Gòn ( Tuấn Bo )","Nhà hàng cơm"
"restaurant","Cơm Tấm 190","Nhà hàng cơm"
"restaurant","Hong Hoai's Restaurant","Nhà hàng Việt Nam"
"restaurant","Quán Cơm Tấm 75","Nhà hàng"
"restaurant","Cơm Tấm Út Hà","Quán ăn nhỏ"
"restaurant","Cơm tấm Duy Linh","Nhà hàng gia đình"
"restaurant","Cơm tấm xích lô","Nhà hàng châu Á"
"restaurant","Lake View 1983 Traditional Vietnamese & Vegan Restaurant","Nhà hàng Việt Nam"
"restaurant","Cơm tấm Vũ Mít","Nhà hàng"
"restaurant","Cơm tấm mẹ ù chính hiệu","Nhà hàng bán đồ ăn mang về"
"restaurant","Cơm Tấm Xưa - Phong Vị Sài Thành","Nhà hàng"
"restaurant","Cơm tấm Út Thuận","Nhà hàng gia đình"
"restaurant","Cơm tấm Đức Béo","Nhà hàng"
"restaurant","Cơm Tấm Hiên","Nhà hàng"
"restaurant","Cơm tấm sườn to","Nhà hàng"
"restaurant","Cà phê vỉa hè","Quán cà phê"
"restaurant","Cafe vỉa hè","Quán cà phê"
"restaurant","Pizza vỉa hè","Nhà hàng"
"restaurant","Quán nướng ngon vỉa Hè","Nhà hàng chuyên phục vụ bữa nửa buổi"
"restaurant","Quán Nướng Vỉa Hè","Nhà hàng"
"restaurant","Quán Vỉa Hè Cỏ Ba Lá","Quán ăn nhỏ"
"restaurant","Chè vỉa hè","Quán ăn nhỏ"
"restaurant","Xôi huế vỉa hè","Nhà hàng chuyên phục vụ bữa sáng"
"restaurant","Hàu nướng (bán vỉa hè)","Gian hàng rong"
"restaurant","Quán Vĩa Hè","Cửa hàng tạp phẩm"
"restaurant","Cơm Vỉa Hè","Quán ăn nhỏ"
"restaurant","Cafe Tạ Hiện","Quán cà phê"
"restaurant","Quán Ăn Gia Đình Chiến","Nhà hàng gia đình"
"restaurant","Lẩu nướng Jun","Quán cà phê"
"restaurant","PHỐ KHÔNG NGỦ","Nhà hàng"
"restaurant","Quán bún ốc, bún bò vỉa hè","Nhà hàng"
"restaurant","Luân híp - quán vỉa hè","Nhà hàng"
"restaurant","Bia Vỉa Hè","Khu vực phục vụ bia"
"restaurant","Quán nước vỉa hè tiến hường","Quán cà phê"
"restaurant","Chay vỉa hè Châu Long vegan","Nhà hàng cho người ăn chay"
"restaurant","Lê Trần - Bánh canh, Cháo lá dứa, Bánh ướt, Chè","Nhà hàng ăn nhanh"
"restaurant","Quán Xôi Xéo Oanh Oanh","Nhà hàng"
"restaurant","How Café","Quán cà phê"
"restaurant","Hủ tiếu Nam Vang 888","Quán ăn nhỏ"
"restaurant","Điểm Cafe 24h","Quán cà phê"
"restaurant","An Coffee Garden","Quán cà phê"
"restaurant","Hẻm Quán Hoàng Cầu","Nhà hàng"
"restaurant","Cháo sườn Vỉa Hè Bách Khoa","Quán ăn nhỏ"
"restaurant","Hờ Koffie","Quán cà phê"
"restaurant","AHA Cafe","Quán cà phê"
"restaurant","Quán Ốc Vỉa Hè","Nhà hàng"
"restaurant","Hoàng Cầu Quán","Nhà hàng"
"restaurant","83. Art Studio & Coffee","Quán cà phê"
"restaurant","BÒ NÉ 3 NGON","Quán ăn nhỏ"
"restaurant","Trà Bát Bảo - Ăn vặt vỉa hè","Quán ăn nhẹ"
"restaurant","Bạch tuộc nướng Hòn Sơn 68","Quán ăn nhỏ"
"restaurant","bún hải sản phương hoa","Nhà hàng châu Á"
"restaurant","Trung Nguyên E-Coffee","Quán cà phê"
"restaurant","Lẩu Nướng Tươi Bbq","Nhà hàng món nướng"
"restaurant","Cafe vỉa hè hồ Linh Đàm","Quán cà phê"
"restaurant","Lão Hạc Beer","Quán bia"
"restaurant","CAFE MILANO AN KHÁNH","Quán cà phê"
"restaurant","Nét cuốn - 7 ngày rau tươi","Nhà hàng"
"restaurant","Hoa Nắng Coffee - Mậu Thân","Quán cà phê"
"restaurant","Quán ăn vỉa hè moka","Quán cà phê"
"restaurant","Lẩu Nướng Ngọc Béo","Quán ăn nhỏ"
"restaurant","NƯỚNG 34 CÁT LINH-34 PHỐ CÁT LINH-PHƯỜNG Ô CHỢ DỪA-TP HÀ NỘI","Nhà hàng món nướng"
"restaurant","VIET AROMA CAFE","Quán cà phê"
"restaurant","Diễm - Cháo gỏi vịt","Nhà hàng"
"restaurant","Quán nhậu Zô Đê","Quán bia sân vườn"
"restaurant","Milano Coffee - 293 Nguyễn Văn Cừ","Quán cà phê"
"restaurant","Quán nhậu vỉa hè","Nhà hàng"
"restaurant","Cơm tấm Phương","Quán ăn nhỏ"
"restaurant","Quán Ăn Như Minh 1","Nhà hàng hải sản"
"restaurant","Bia Hơi Hà Nội K80 Quán","Quán ăn nhỏ"
"restaurant","Quán Bia Ngọc Minh","Nhà hàng"
"restaurant","Worker 99 coffee","Quán cà phê"
"restaurant","Lẩu Háu Háu - Lẩu Thái Tươi - 66 Nguyễn Khuyến","Nhà hàng"
"restaurant","Quán Nhà tôi: Có","Nhà hàng ăn nhanh"
"restaurant","Nướng Sapa","Nhà hàng món nướng"
"restaurant","Bia Hơi Dũng Béo 86 Mai Anh Tuấn","Nhà hàng"
"restaurant","Quán Bà 9","Quán bia"
"restaurant","Sinh Tố - Nước Ép - Lan Anh","Quán cà phê"
"restaurant","Quán Nướng 26","Nhà hàng món nướng"
"restaurant","Cháo Sò Huyết 1998","Nhà hàng cháo"
"restaurant","Bún Cá Ngọc By","Nhà hàng chuyên phục vụ bữa sáng"
"restaurant","Phở Xào Bắp Bò (Bà Thanh Béo cơ sở 2)","Nhà hàng phở"
"restaurant","Bún riêu cua vỉa hè 75 Hàng Bông","Nhà hàng"
"restaurant","Chè Thanh","Quán ăn nhỏ"
"restaurant","Thủy Xèo 166B","Nhà hàng"
"restaurant","Coffee Ban Mai","Quán cà phê"
"restaurant","Điểm hẹn hò - Hẹn Hò Quán","Nhà hàng"
"restaurant","Paradis Island Coffee","Quán cà phê"
"restaurant","Sẫm coffee and tea","Quán cà phê"
"restaurant","Cà phê Nhà Kho","Quán cà phê"
"restaurant","Minh Long Coffee and Tea","Quán cà phê"
"restaurant","Mật Ngọt Coffee","Quán cà phê"
"restaurant","Room Coffee","Quán cà phê"
"restaurant","Napoleon Coffee","Quán cà phê"
"restaurant","Tiệm trà cỏ ngọt của tháng 5","Quán cà phê"
"restaurant","Quán Cafe Chanh","Quán cà phê"
"restaurant","Cà Phê Góc Phố 24h","Quán cà phê"
"restaurant","Tram Cafe","Quán cà phê"
"restaurant","Cafe Hàng Xoài","Quán cà phê"
"restaurant","Cà phê - Trà Sữa Thảo Mộc","Quán cà phê"
"restaurant","Cafe IKoi","Quán cà phê"
"restaurant","LAN ANH","Quán cà phê espresso"
"restaurant","CÀ PHÊ KHUẤT","Quán cà phê"
"restaurant","Quán CAFE FAMILY COFFE","Quán cà phê"
"restaurant","Cafe Trung Hiếu","Quán cà phê"
"restaurant","Quán Nước Cô Hai","Quán cà phê"
"restaurant","Cafe Sành Điệu 2","Quán cà phê"
"restaurant","Lego Coffee","Quán cà phê"
"restaurant","Cà phê Xóm Củi","Quán cà phê"
"restaurant","Cafe Xưa","Quán cà phê"
"restaurant","Đắng 2 Coffee","Quán cà phê"
"restaurant","Quỳnh Coffee & Tea","Quán cà phê"
"restaurant","THAO Coffee & Tea","Quán cà phê"
"restaurant","Tiệm Nước ""Ngon""","Quán cà phê"
"restaurant","Thi Thơ 7","Quán cà phê"
"restaurant","Chất Cà Phê","Quán cà phê"
"restaurant","Cà phê Nhà cổ Bình Thuỷ","Quán cà phê"
"restaurant","một chút cà phê","Quán cà phê"
"restaurant","Quán cafe chú bắc Kv Bình Dương Phường Long Hoà Quận Bình Thủy TP.Cần Thơ","Quán cà phê"
"restaurant","coffee Bờ Kè Rạch Cam","Quán cà phê"
"restaurant","Chunky chunks","Quán cà phê"
"restaurant","Quán Cà Phê Cỏ May","Quán cà phê"
"restaurant","Cafe Hải Đăng","Quán cà phê"
"restaurant","Cafe Phố Xưa","Quán cà phê"
"restaurant","1976 Coffee","Quán cà phê"
"restaurant","Bố Già- Coffee","Quán cà phê"
"restaurant","Mộc Nhiên Coffee","Quán cà phê"
"restaurant","M.T Coffee - Điểm tâm sáng - Hủ tiếu Sa Đéc","Quán cà phê"
"restaurant","Cafe XANH","Quán cà phê"
"restaurant","Cà phê điểm tâm Lộc Vừng","Quán cà phê"
"restaurant","C'Art Cafe 1 - 116 Mai Anh Tuấn","Quán cà phê"
"restaurant","ĐÂY LÀ QUÁN NƯỚC","Quán cà phê"
"restaurant","Quán cafe Trúc","Quán cà phê"
"restaurant","Helen 1989 - Tea & Coffee Nguyễn Văn Cừ","Quán cà phê"
"restaurant","Quán Một Năm","Quán cà phê"
"restaurant","Quán nước Lửng Lơ","Quán cà phê sô cô la"
"restaurant","Nhà Cafe - Hà Nội","Quán cà phê"
"restaurant","Cafe Đổi Đời","Quán cà phê"
"restaurant","Là CAFE Mậu Thân","Quán cà phê"
"restaurant","Trang's Sport Coffee","Quán cà phê"
"restaurant","Trà Sữa NGÕ (Nguyễn Văn Cừ)","Quán cà phê"
"restaurant","Lanta Cafe","Quán cà phê"
"restaurant","Quán nước Hoa Yên","Quán cà phê"
"restaurant","SODA COFFEE","Quán cà phê"
"restaurant","Mộng Coffee Và Buffet Chay 45k","Quán cà phê"
"restaurant","Charm Coffee","Quán cà phê"
"restaurant","Cà phê Ngói","Quán cà phê"
"restaurant","Cafe Mây","Quán cà phê"
"restaurant","WIMI Specialty Coffee and Tea","Quán cà phê"
"restaurant","XỈU COFFEE","Quán cà phê"
"restaurant","Tiệm cafe boardgame Minipolo","Quán cà phê"
"restaurant","Cafe Kim Ngân","Quán cà phê"
"restaurant","SUSU - Đủ ngọt, đủ lành","Cửa hàng bán nước quả ép"
"restaurant","Cafe Nâu","Quán cà phê"
"restaurant","Chim Xanh Cafe","Quán cà phê"
"restaurant","The Yard Café & Bistro","Quán cà phê"
"restaurant","KIM (Sinh tố - Nước ép trái cây Láng Hạ)","Quán cà phê"
"restaurant","OME HOUSE","Quán cà phê"
"restaurant","Ther cafe","Quán cà phê"
"restaurant","Nước Ép Heo Con","Quán cà phê"
"restaurant","Quán trà 218 “ Cafe - Trà - Nước Ép”","Quán cà phê"
"restaurant","Laman Juice - Nước ép vì sức khoẻ","Quán cà phê"
"restaurant","Nước ép, kem, ăn vặt, mì cay 127","Cửa hàng kem"
"restaurant","Cửa Tiệm Màu Xanh Lá","Quán ăn nhỏ"
"restaurant","Cỏ Ba Lá-nước ép , sinh tố","Cửa hàng bán nước quả ép"
"restaurant","Tiệm Nước Ép Tờ Juice","Quán cà phê"
"restaurant","Nước Ép - Sinh Tố Hương Khóm","Quán cà phê"
"restaurant","Sinh tố, nước ép trái cây - 8F","Quầy giải khát"
"restaurant","HI nước ép - trà sữa","Cửa hàng bán nước quả ép"
"restaurant","Nước Ép - Sinh Tố Pi","Quán cà phê"
"restaurant","30Days Cafe - Láng Hạ","Quán cà phê"
"restaurant","Quán Moon Juice","Cửa hàng bán nước quả ép"
"restaurant","Sinh Tố, Nước Ép - MonMon","Quán cà phê"
"restaurant","Nước ép trái cây 331","Cửa hàng bán nước quả ép"
"restaurant","FRESHOP Nước ép hoa quả","Quán cà phê"
"restaurant","L3go Coffee","Quán cà phê"
"restaurant","Cà phê Nước ép - Sinh tố Minh Huy 165","Quán cà phê"
"restaurant","Tiệm trà và nước ép Huyền Nhung","Cửa hàng bán nước quả ép"
"restaurant","An&Minh Coffee, Vegetarian","Nhà hàng"
"restaurant","Quán N.U.O.C ép hoa quả, trà hoa quả","Quán cà phê"
"restaurant","Cái tiệm nước ép Thị Lùn","Quán cà phê"
"restaurant","Nước Ép Rau Má Mỹ Thu","Quán cà phê"
"restaurant","Nước ép Xàm Xí","Quán cà phê"
"restaurant","Thật Cafe - Nước Ép Sinh Tố Trái Cây Tươi","Quán cà phê"
"restaurant","Nước Ép Bé Hấu","Cửa hàng bán nước quả ép"
"restaurant","Nước ép sinh tố 116 chi nhánh 2","Cửa hàng bán nước quả ép"
"restaurant","Nước Ép Thím Mười","Cửa hàng bán nước quả ép"
"restaurant","Quán Nước Ép Trái Cây","Nhà hàng hoặc Quán cà phê"
"restaurant","Nước Ép Khai Tâm","Khu ăn uống"
"restaurant","EP Station","Cửa hàng bán nước quả ép"
"restaurant","Nước ép trái cây, sinh tố - Tiffany","Quán cà phê"
"restaurant","Nước ép omi juice","Cửa hàng bán nước quả ép"
"restaurant","Chị Thuận - Cafe và nước ép bốn mùa","Nhà hàng"
"restaurant","Nước Ép Hoa Quả - Cafe Nhân 1946 - 79 Nguyễn Văn Tuyết","Quán cà phê"
"restaurant","Your Juice - Nước Ép Trái Cây","Quán cà phê"
"restaurant","Như Cục Cưng Nước Ép Ăn Vặt","Cửa hàng tạp phẩm"
"restaurant","Sinh tố nước ép 688","Tiệm cà phê phục vụ các món trái cây"
"restaurant","Nước ép - Sinh tố Cô Ba","Cửa hàng bán nước quả ép"
"restaurant","Hestia-Nước ép trái cây","Quán cà phê"
"restaurant","Tiệm nước ép Vitamin C","Nhà hàng"
"restaurant","Sữa Hạt Ms. Ngân","Quán cà phê"
"restaurant","QUÁN CÀ PHÊ SAO ĐÊM HUY PHONG COFFEE","Quán cà phê"
"restaurant","A Đẩu - Tiệm Trà & Nước Ép","Quán cà phê"
"restaurant","Hub de Tana Coffee","Quán cà phê"
"restaurant","Nước Ép Khai Tâm","Tiệm cà phê phục vụ các món trái cây"
"restaurant","Mực Ming- Bánh Mỳ Sốt Cay& Nước Ép- E7 Thành Công","Quán ăn nhỏ"
"restaurant","Quán Nước Nguồn Sống","Tiệm bánh"
"restaurant","Cafe, Sinh tố, Nước ép KHẢI 368 hẻm 51","Quán cà phê"
"restaurant","The Juice - Nước Ép Trái Cây Nguyên Chất","Quán cà phê"
"restaurant","Nước Ép Trái Cây Chang Bông","Cửa hàng bán nước quả ép"
"restaurant","Haru juice nước ép sinh tố","Quán cà phê"
"restaurant","Cà phê hoa hồng","Quán cà phê"
"restaurant","Cửa hàng nước ép trái cây Mr Linh","Quán cà phê"
"restaurant","Quán của Phúc","Cửa hàng bán nước quả ép"
"restaurant","Ngọc Linh Juice","Cửa hàng bán nước quả ép"
"restaurant","Tiệm Nước Ép Nhà Bột","Quán cà phê"
"restaurant","Hương Chanh - Nước ép hoa quả","Cửa hàng bán nước quả ép"
"restaurant","Nước ép trái cây nguyên chất","Cửa hàng bán nước quả ép"
"restaurant","Sinh tố - Nước ép THE 116","Quán cà phê"
"restaurant","Nước ép Thức Lê","Cửa hàng bán nước quả ép"
"restaurant","Thơm Juices, Smoothies N More","Nhà hàng"
"restaurant","Sinh tố - Nước ép cô Nga","Quán cà phê"
"restaurant","Đắng Sinh Tố , Nước Ép","Quán cà phê"
"restaurant","Nước Ép 1991","Cửa hàng bán nước quả ép"
"restaurant","Nước ép - Sinh tố - Trà trái cây TRUMP","Cửa hàng bán nước quả ép"
"restaurant","QUÁN SỮA GẤU NƯỚC ÉP SỮA HẠT Ctrl A","Quán cà phê"
"restaurant","NƯỚC ÉP LÊ LAI","Nhà hàng gia đình"
"restaurant","Nước ép bốn mùa - fresh juice","Cửa hàng bán nước quả ép"
"restaurant","Cô Nga 2_ Sinh tô-Nước Ép Sinh Viên","Quán cà phê"
"restaurant","Pigmama Nước ép ngon, Hoa quả tươi","Quán cà phê"
"restaurant","Monkey Juice Restaurant","Cửa hàng bán nước quả ép"
"restaurant","Sinh tố nước ép cafe FULL HD","Quán cà phê"
"restaurant","Here Fruit Drinks - Tô Tượng - Trà Sữa Nước Ép Trà Trái Cây & Cà Phê","Quán cà phê"
"restaurant","Tâm Fruit - Nước Ép & Sinh Tố Hoa Quả","Nhà hàng bán đồ ăn mang về"
"restaurant","Cỏ thơm sinh tố nước ép hoa quả dầm 108C7A Quỳnh Mai","Cửa hàng bán nước quả ép"
"restaurant","Thiên Ngân cafe, sinh tố, nước ép","Quán cà phê"
"restaurant","Nước ép sinh tố","Cửa hàng bán nước quả ép"
"restaurant","Nước ép trái cây Nguyễn Huế","Cửa hàng bán nước quả ép"
"restaurant","Quán Cafe Lả","Nhà hàng"
"restaurant","Nước ép khổng lồ 2CE - 128A Nguyễn Huy Tưởng","Quán cà phê"
"restaurant","Nước ép trái cây Cô Út","Cửa hàng bán nước quả ép"
"restaurant","QUÁN NƯỚC ÉP TRÁI CÂY NGUYÊN CHẤT","Quán cà phê"
"restaurant","Ngọt Fruits - Nước ép, sinh tố, hoa quả","Quán cà phê"
"restaurant","Cafe Quyến Luyến","Quán cà phê"
"restaurant","Nước ép MELI","Quán cà phê"
"restaurant","cafe-nước ép-trà chanh","Quán cà phê"
"restaurant","Quán 36 - Nước ép trái cây","Cửa hàng bán nước quả ép"
"restaurant","Nước ép Ù- 100% trái cây thiên nhiên","Quán cà phê"
"restaurant","Quán Nước Ép Trái Cây Oanh","Nhà hàng"
"restaurant","HÂN Cà phê - Nước ép trái cây","Quán cà phê"
"restaurant","Nước ép - Cf Lela","Quán cà phê"
"restaurant","Quán Nước Ép Minh Phượng","Nhà hàng"
"restaurant","Quán Ăn Ven Sông 35k","Nhà hàng"
"restaurant","Cửa Hàng Nước Ép Trái Cây 47C","Nhà hàng"
"restaurant","La'zen - Sữa hạt, Nước ép & Hạt dinh dưỡng","Cửa hàng bán nước quả ép"
"restaurant","Đồng cafe","Quán cà phê"
"restaurant","Nước ép Trái Cây Nguyên Chất","Nhà hàng"
"restaurant","Cà Phê Cát Tường","Quán cà phê"
"restaurant","An an coffee","Quán cà phê"
"restaurant","Cafe 2 Chị Em","Quán cà phê"
"restaurant","Cafe Sóc Cần Thơ","Quán cà phê"
"restaurant","Tiệm cà phê Nhà Có Khách","Quán cà phê"
"restaurant","Cà phê Black Gold","Quán cà phê"
"restaurant","Quán HD COFFEE","Quán cà phê"
"restaurant","QUẬN Cafe","Quán cà phê"
"restaurant","Rovina Coffee An Khánh","Quán cà phê"
"restaurant","Ngân Đạt Coffee","Quán cà phê"
"restaurant","Coffee & Khu vui chơi trẻ em NHƯ Ý","Quán cà phê"
"restaurant","LEGI Cocktails & Dining","Nhà hàng"
"restaurant","COFFEE 179","Quán cà phê"
"restaurant","King Koi Coffee","Quán cà phê"
"restaurant","Moment Coffee Lab B7 Ngõ 57 Láng Hạ","Quán cà phê"
"restaurant","Cafe Sân Thượng","Quán cà phê"
"restaurant","Gu22 Coffee","Quán cà phê"
"restaurant","Hoa Giấy Coffee","Quán cà phê"
"restaurant","Cafe Phố","Quán cà phê"
"restaurant","Cà phê Hội ( Cafe Hội ) - CS5: ngõ 57 Láng Hạ","Quán cà phê"
"restaurant","Quán Cà Phê Lụa Coffe","Quán cà phê"
"restaurant","We Coffee - Garden Tô tượng","Quán cà phê"
"restaurant","TK 20 COFFEE - TEA","Quán cà phê"
"restaurant","Thi Thơ - Coffee and Tea","Quán cà phê"
"restaurant","Trang sport Coffee","Quán cà phê"
"restaurant","Quán Cà phê Nhà Tôi","Quán cà phê"
"restaurant","D Coffee","Quán cà phê"
"restaurant","Quán Cafe Nhà Chị Hường","Quán cà phê"
"restaurant","Clover Coffee & Tea","Quán cà phê"
"restaurant","Quán cafe Thi Thi","Quán cà phê"
"restaurant","CAFE THỦY MỘC đường 3/2 Cần Thơ","Quán cà phê"
"restaurant","refined. Specialty Coffee @Láng Hạ","Quán cà phê"
"restaurant","Quán Coffee Chill","Quán cà phê"
"restaurant","Chà cafe","Quán cà phê"
"restaurant","Quán cơm phần cà phê võng 6Băng","Quán cà phê"
"restaurant","Cafe võng","Quán cà phê"
"restaurant","TUN cafe","Quán cà phê"
"restaurant","Raincoffee - Láng Hạ","Quán cà phê"
"restaurant","Cà Phê Sạch Black Gold - Khánh Linh","Quán cà phê"
"restaurant","Cà phê Đỉnh","Quán cà phê"
"restaurant","Den Cà Phê","Quán cà phê"
"restaurant","Cà Phê Mộc A Thành","Quán cà phê"
"restaurant","Cà phê A Ròm","Quán cà phê"
"restaurant","Tiệm Cà Phê ĐỨC MINH","Quán cà phê"
"restaurant","Cà phê Lâm viên","Quán cà phê"
"restaurant","CÀ PHÊ GREEN PARK","Quán cà phê"
"restaurant","Cà Phê 39","Quán cà phê"
"restaurant","Ên Cà Phê","Quán cà phê"
"restaurant","Cà Phê Sạch Black Gold - Đoàn Văn Công","Quán cà phê"
"restaurant","Cà phê Quỳnh Anh","Quán cà phê"
"restaurant","The King Coffee","Quán cà phê"
"restaurant","Cà phê Võng Su Hào","Quán cà phê"
"restaurant","Quán Cà Phê Đại Phát 6","Quán cà phê"
"restaurant","coffee A3 Khía","Quán cà phê"
"restaurant","Cà Phê Võng Phương Thảo","Quán cà phê"
"restaurant","CÀ PHÊ SUSU","Quán cà phê"
"restaurant","Cà Phê sạch Black Gold - Lụa Coffee","Quán cà phê"
"restaurant","Cà Phê- Điểm Tâm HUY PHÚC","Quán cà phê"
"restaurant","Cà phê Đại Lâm Mộc","Quán cà phê"
"restaurant","Cà Phê Giải Khát Nhớ Nhớ","Quán cà phê"
"restaurant","Cà Phê Bộ Đội","Quán cà phê"
"restaurant","Cà Phê Xanh Coffee","Quán cà phê"
"restaurant","Cà Phê Sạch Black Gold - Têka Coffee","Quán cà phê"
"restaurant","HIGHLANDS COFFEE Lotte Mart","Quán cà phê"
"restaurant","Cà Phê Sạch Black Gold - The King","Quán cà phê"
"restaurant","Quán cà phê Anh Tài","Quán cà phê"
"restaurant","cà phê 360","Quán cà phê"
"restaurant","Cafe An Nhiên","Quán cà phê"
"restaurant","Cà Phê Sạch Black Gold - Cát Tường","Quán cà phê"
"restaurant","Quán Cà Phê Vy Nguyễn","Quán cà phê"
"restaurant","Cà Phê Hạt Pha Máy - Lyon Cafe","Quán cà phê"
"restaurant","Cà Phê Ngọc Nhớ","Quán cà phê"
"restaurant","Cà phê An Khánh","Quán cà phê espresso"
"restaurant","Cà phê tình nhân Bi Coffee 3","Quán cà phê"
"restaurant","Cà Phê Cây Khế","Quán cà phê"
"restaurant","Cà Phê Sạch Black Gold- Thành Nhân","Quán cà phê"
"restaurant","Cafe Hà My 5","Quán cà phê"
"restaurant","Mối Cafe VVK","Quán cà phê"
"restaurant","Cafe Song Anh","Quán cà phê"
"restaurant","2A Café","Quán cà phê"
"restaurant","Galaxy Cafe & Beer - Chill Out","Quán bar"
"restaurant","Cafe Sỉn","Quán cà phê"
"restaurant","Medusa Cafe tình nhân","Quán cà phê internet"
"restaurant","Cafe nguyệt","Quán cà phê"
"restaurant","Cafe Mai","Quán cà phê"
"restaurant","Cafe BOBO","Quán cà phê"
"restaurant","Cafe Nhà Bơ - Take Away","Quán cà phê"
"restaurant","Cafe Thái","Quán cà phê"
"restaurant","Cafe Lâm Trang","Quán cà phê"
"restaurant","CAFE ANI","Quán cà phê"
"restaurant","Cafe Thế","Quán cà phê"
"restaurant","Café Tây Long","Quán cà phê"
"restaurant","CAFE VÕNG PHƯỢNG HẰNG","Quán cà phê"
"restaurant","Cafe 137 Công Minh","Quán cà phê"
"restaurant","KIFA Cafe, Stay & Flowers","Quán cà phê"
"restaurant","Cafe 385","Nhà hàng"
"restaurant","Cafe Thanh Trúc 24","Quán cà phê"
"restaurant","Cafe trà sữa Anh Quý","Quán cà phê"
"restaurant","Mèo mộc cafe","Quán cà phê"
"restaurant","Cafe Hương Tràm","Quán cà phê"
"restaurant","Kho Cafe","Quán cà phê"
"restaurant","Cafe LÊ MINH (điểm cung hạt TRUNG VY COFFEE)","Quán cà phê"
"restaurant","Cafe Bonsai Việt Anh","Quán cà phê"
"restaurant","Cafe võng Nguyễn Thông","Quầy giải khát"
"restaurant","Cafe _ Giải khát Vũ","Quán cà phê"
"restaurant","Cafe Ngân Nhi","Quán cà phê"
"restaurant","Cafe T80","Quán cà phê"
"restaurant","Công Ty Cafe An Khánh","Quán cà phê"
"restaurant","Cafe Hà My 2","Quán cà phê"
"restaurant","Cafe Nhac Tre 2","Quán cà phê"
"restaurant","Cafe Ngọc Trâm","Quán cà phê"
"restaurant","Cafe bà mập","Quán cà phê"
"restaurant","Cafe Thiên Phúc (Tiệm Cà Phê Thiên Phúc)","Quán cà phê"
"restaurant","Cafe hai chị em 2","Quán cà phê"
"restaurant","1990’s Café","Quán cà phê"
"restaurant","Cafe xưa và nay","Quán cà phê"
"restaurant","CAFE MON","Quán cà phê"
"restaurant","SuSu Cafe","Quán cà phê"
"restaurant","Cafe Huỳnh 404 2","Quán cà phê"
"restaurant","Cafe Mê Trang Võ Văn Kiệt","Quán cà phê"
"restaurant","Cafe Diễm","Quán cà phê"
"restaurant","cafe Huy","Quán cà phê"
"restaurant","Cà Phê Ngân Thư","Quán cà phê"
"restaurant","Tiny Cafe","Quán cà phê"
"restaurant","Doctor Coffee","Quán cà phê"
"restaurant","Cafe Mái Lá 235","Quán cà phê"
"restaurant","Cà phê điểm tâm Đại Lộc","Quán cà phê"
"restaurant","NEO Cà Phê","Quán cà phê"
"restaurant","Cà phê rang mộc 1 & 2","Quán cà phê"
"restaurant","Cà Phê Vợt","Quán cà phê"
"restaurant","Cà phê - Điểm tâm Sao Mai","Quán cà phê"
"restaurant","Cà phê Vĩnh Trường","Quán cà phê"
"restaurant","Cà Phê Minh","Quán cà phê"
"restaurant","Cà phê HOA GIẤY","Quán cà phê"
"restaurant","Cà phê BIC NaNo cell","Quán cà phê"
"restaurant","Cà phê võng Lệ Hồng","Quán cà phê"
"restaurant","CÀ PHÊ BONKA","Quán cà phê"
"restaurant","Cà phê Thảo Nguyên","Quán cà phê"
"restaurant","Cà phê võng 91B","Quán cà phê"
"restaurant","Coffee Kendu 1 | Cà Phê & Điểm tâm","Quán cà phê"
"restaurant","Cơ sở cà phê Tiến Đạt","Cơ sở rang cà phê"
"restaurant","Một Hà Nội coffee and tea","Quán cà phê"
"restaurant","Út quán Vỉa hè Phương Mai","Nhà hàng chuyên phục vụ bữa sáng"
"restaurant","Ốc vỉa hè","Nhà hàng ăn nhanh"
"restaurant","Bánh mỳ Thoa","Quán ăn nhỏ"
"restaurant","Umami Coffee","Quán cà phê"
"restaurant","Nhà Hàng Nam Dương","Nhà hàng Việt Nam"
"restaurant","Nhà hàng Toán Thắm","Nhà hàng ẩm thực đồng quê"
"restaurant","Nhà hàng nổi HỘI QUÁN THIÊN ĐỨC","Nhà hàng gia đình"
"restaurant","Nhà Hàng Hoà Béo","Nhà hàng gia đình"
"restaurant","Nhà Hàng Hùng Tâm","Nhà hàng"
"restaurant","Nhà hàng Chí Vang","Nhà hàng"
"restaurant","Thạch đen Hà Mi","Nhà hàng"
"restaurant","Nhà hàng Bếp hàng xóm 1","Nhà hàng Việt Nam"
"restaurant","Nhà Hàng Maison Hoàng Cầu","Nhà hàng"
"restaurant","Nhà hàng Tây Bắc Quán - 24 Huỳnh Thúc Kháng","Nhà hàng"
"restaurant","NHÀ HÀNG THÀNH HUỲ - BUFEET HẢI SẢN - KARAOKE","Nhà hàng hải sản"
"restaurant","Xóm Thái - Lẩu Thái, Ẩm thực Thái, Buffet","Nhà hàng Thái Lan"
"restaurant","Quán Xưa","Nhà hàng"
"restaurant","Nhà hàng Tây Bắc Quán- Hoàng Cầu","Nhà hàng Việt Nam"
"restaurant","Nhà hàng Ngó Sen","Nhà hàng"
"restaurant","Letefe Bistro Cafe","Nhà hàng"
"restaurant","Nhà Hàng Thái Pong Pong Hoàng Cầu","Nhà hàng"
"restaurant","Nhà hàng 1946 Hoàng Cầu","Nhà hàng"
"restaurant","Nhà hàng Hải Cảng","Nhà hàng"
"restaurant","Nhà Hàng Lẩu nướng Pèo","Nhà hàng"
"restaurant","NHÀ HÀNG CÂY SI","Nhà hàng"
"restaurant","An Maison Restaurant","Nhà hàng"
"restaurant","La Pizza Restaurant","Nhà hàng"
"restaurant","Nhà hàng Bí Đỏ Giảng Võ","Nhà hàng"
"restaurant","Lẩu Phan Láng Hạ","Nhà hàng tiệc đứng"
"restaurant","Pepperonis Láng Hạ","Nhà hàng"
"restaurant","Buffet Chef Dzung","Nhà hàng tiệc đứng"
"restaurant","IRO restaurant（日本食）","Nhà hàng"
"restaurant","Nhà hàng May Mắn","Nhà hàng Trung Quốc"
"restaurant","Nhà hàng Chay Tính Không","Nhà hàng"
"restaurant","Tiệm nhà Gi","Nhà hàng Đài Loan"
"restaurant","Nhà Hàng Joy Plus","Nhà hàng"
"restaurant","Nhà hàng Xô Viết","Nhà hàng Nga"
"restaurant","Nhà Hàng Mì Nhật Tokyo Tan - Tan Ramen","Nhà hàng mì Nhật Bản"
"restaurant","Nhà hàng Việt Lai Thuận 越来顺中餐厅","Nhà hàng Trung Quốc"
"restaurant","Nhà Hàng Sơn Lâm","Nhà hàng"
"restaurant","Koifood Buffet Lẩu Nướng 57 Láng Hạ","Nhà hàng tiệc đứng"
"restaurant","OMA Nhà Hàng Nhật Bản","Nhà hàng Nhật Bản"
"restaurant","Nhà Hàng Phương Nam","Nhà hàng Việt Nam"
"restaurant","Nhà Hàng Hoàn Béo","Quán bia sân vườn"
"restaurant","Nhà Hàng Hot'N Tasty","Nhà hàng"
"restaurant","Nhà Hàng Ẩm Thực Sen Hồng","Nhà hàng Việt Nam"
"restaurant","Sochu Restaurant","Nhà hàng châu Á"
"restaurant","Kichi Kichi Láng Hạ","Nhà hàng"
"restaurant","Nhà Hàng Ngọc Thúy","Nhà hàng"
"restaurant","Nama Japanese Cuisine","Nhà hàng Nhật Bản"
"restaurant","Nhà Hàng Lợn Mường Mẹt","Nhà hàng"
"restaurant","QUÁN NHẬU BEE BEER","Nhà hàng"
"restaurant","Địa Chỉ Ẩm Thực Hà Nội - Món ngon Hà Nội","Nhà hàng"
"restaurant","Nhà hàng chay Norlha","Nhà hàng cho người ăn chay"
"restaurant","Nhà hàng Thành Long","Nhà hàng"
"restaurant","Nhà Hàng Gà Mạnh Hoạch Hoàng Cầu","Nhà hàng thịt gà"
"restaurant","Nhà hàng Bắc Đỉnh","Nhà hàng Việt Nam"
"restaurant","Nhà hàng Botejyu","Nhà hàng Nhật Bản"
"restaurant","Lan Ong Restaurant","Nhà hàng Việt Nam"
"restaurant","Nhà Hàng Sushi Hà Nội","Nhà hàng sushi"
"restaurant","MẸT Vietnamese restaurant & Vegetarian Food 5","Nhà hàng Việt Nam"
"restaurant","Nhà Hàng SpaghettiBox","Nhà hàng bít tết"
"restaurant","Nhà Hàng Buffet - An Chay","Nhà hàng cho người ăn chay"
"restaurant","Nem Bùi Bắc Ninh - Mai Anh Tuấn","Nhà hàng bán đồ ăn mang về"
"restaurant","Nhà hàng Nhật Bản Kiroku","Nhà hàng Nhật Bản"
"restaurant","Nhà hàng Chiến Còi","Nhà hàng món nướng"
"restaurant","Nhà hàng Tái Dê","Nhà hàng"
"restaurant","Nhà hàng Thanh Long Quán","Nhà hàng"
"restaurant","Nhà Hàng Bảo Hân","Nhà hàng chuyên phục vụ bữa nửa buổi"
"restaurant","Phở Bò Lan Điệp","Nhà hàng phở"
"restaurant","Nhà hàng chay Hiếu Sinh","Nhà hàng"
"restaurant","Nhà Hàng Cá Sông Toàn Thắng","Nhà hàng món cá"
"restaurant","Nhà hàng Kim Long","Nhà hàng Trung Quốc"
"restaurant","Nhà Hàng Ánh Dương","Nhà hàng"
"restaurant","Từ Tâm Quán","Nhà hàng cho người ăn chay"
"restaurant","Ngọc cháo lòng - bún đậu mẹt","Cửa hàng bán đồ ăn nấu sẵn"
"restaurant","Quán Nhậu Thế Hanh","Nhà hàng"
"restaurant","Bếp Nhỏ Yên Tâm","Quán ăn nhỏ"
"restaurant","Ăn sáng 67","Nhà hàng chuyên phục vụ bữa sáng"
"restaurant","QUÁN ĂN SÁNG TĨNH BẠT","Nhà hàng chuyên phục vụ bữa sáng"
"restaurant","Mì Nhật Neko Ramen","Nhà hàng mì Nhật Bản"
"restaurant","Mokchang - Láng Hạ","Nhà hàng Hàn Quốc"
"restaurant","Bếp chay mùa xuân","Nhà hàng cho người ăn chay"
"restaurant","Quán Nhỏ - Tọa Độ Nướng","Nhà hàng món nướng"
"restaurant","Bò Tơ Quán Mộc 84 Ngọc Khánh","Nhà hàng"
"restaurant","Hùng Thái","Nhà hàng châu Á"
"restaurant","BÚN RIÊU CÁ TRƯỜNG SA","Nhà hàng"
"restaurant","Quán ăn duy tuyến","Nhà hàng gia đình"
"restaurant","Bánh Mì Hương Lan","Cửa hàng sandwich"
"restaurant","Khrua Baan Thai – Thái Hà","Nhà hàng Thái Lan"
"restaurant","Bản Quán - Đường Thành","Nhà hàng"
"restaurant","Nhà Hàng Phương Nam - Quán ăn miền tây ở Hà Nội","Nhà hàng"
"restaurant","Xôi Hiệp Hòa","Nhà hàng"
"restaurant","CityFood","Nhà hàng"
"restaurant","Bami King","Nhà hàng ăn nhanh"
"restaurant","Tiệm Ăn No 197 Hoàng Cầu","Nhà hàng"
"restaurant","Quán Ăn Ngon","Nhà hàng Việt Nam"
"restaurant","Quán ăn vặt của Ba Bơ","Quán ăn nhỏ"
"restaurant","Quán Ăn: Tiệm Dì Linh","Quán ăn nhỏ"
"restaurant","An Quán","Nhà hàng gia đình"
"restaurant","Quán Hải Sản LongK","Nhà hàng"
"restaurant","quán ăn Vững Tin","Quán ăn nhỏ"
"restaurant","Song Hân - Ngan Mười Tám","Quán ăn nhỏ"
"restaurant","Nộm Nem Hoa Mai","Quán ăn nhỏ"
"restaurant","Quán Ngon","Nhà hàng"
"restaurant","Miến Lươn Huyền Trang ( 461 Đê La Thành Cũ )","Nhà hàng"
"restaurant","Quán Ngon Anh Hải - Bún đậu mẹt","Quán ăn nhỏ"
"restaurant","Ngon Quán","Nhà hàng"
"restaurant","Sapa Quán","Quán ăn nhỏ"
"restaurant","Quán Nhậu Thắng 79","Quán ăn nhỏ"
"restaurant","BADA - Đồ Ăn Hàn Quốc","Nhà hàng Hàn Quốc"
"restaurant","Quán Ăn Trà My","Nhà hàng"
"restaurant","Bún đậu vỉa hè","Nhà hàng"
"restaurant","Miss Bistro Ngọc Khánh","Nhà hàng Hàn Quốc"
"restaurant","Bít tết ngon số 5 Hoè Nhai CS2","Nhà hàng"
"restaurant","Ta ăn Bún Dọc Mùng CS2","Nhà hàng"
"restaurant","Xinu - Xiên Nướng Trung Hoa","Nhà hàng"
"restaurant","Góc Anh Em Quán","Nhà hàng"
"restaurant","Xôi vỉa hè","Quán ăn nhỏ"
"restaurant","Quán Ven Hồ","Nhà hàng"
"restaurant","Món Ăn Quê số 2a ngõ 111 Láng Hạ","Nhà hàng"
"restaurant","Long Wang Lẩu Hấp Thủy Nhiệt","Nhà hàng"
"restaurant","Ăn Vặt Mẹ Sữa","Quán ăn nhẹ"
"restaurant","Xôi Bàn Thờ ( chính hiệu 20 năm)","Nhà hàng"
"restaurant","Ốc Thành Công số 104 khu A5","Quán ăn nhỏ"
"restaurant","Sủi Cảo Đệ Nhất Đông Bắc","Nhà hàng Trung Quốc"
"restaurant","Bếp Quán Núi Trúc","Nhà hàng"
"restaurant","Chả cá Vị Xưa Trúc Khê","Nhà hàng"
"restaurant","Bia Hà Nội (Beer) 68 Mai Anh Tuấn","Nhà hàng"
"restaurant","Quán Nhậu Nướng Tú Mỡ","Nhà hàng"
"restaurant","Lẩu & Nướng Ăndeee - 113D1 Đặng Văn Ngữ","Nhà hàng món lẩu"
"restaurant","Bún chả Sinh Từ","Nhà hàng"
"restaurant","Ò ó o - Quán ăn vặt","Nhà hàng"
"restaurant","Tiệm cơm Vinh Thu - Cơm ngon Hà Nội","Nhà hàng Việt Nam"
"restaurant","Quán Nhậu Tự Do","Nhà hàng"
"restaurant","Ốc 29 Yên Lãng","Nhà hàng hải sản"
"restaurant","Bún riêu Lê Phương","Quán ăn nhỏ"
"restaurant","Ốc Tô Sài Gòn","Quán ăn nhỏ"
"restaurant","MẸT Vietnamese restaurant & Vegetarian Met 4","Nhà hàng Việt Nam"
"restaurant","Phở Hào","Nhà hàng phở"
"restaurant","HTX Thịt Xiên Nướng Hoàng Đức","Cửa hàng sandwich"
"restaurant","Phở Nhớ","Nhà hàng phở"
"restaurant","Quán Bà Ngà","Quán ăn nhỏ"
"restaurant","Gia Đình Quán Ngon - Bánh Xèo Nem Lụi","Quán ăn nhỏ"
"restaurant","Nhà Hàng Bia Hơi Hải Xồm","Quán bia sân vườn"
"restaurant","Lẩu Nướng Thuỳ Linh","Nhà hàng món nướng"
"restaurant","Bánh Cuốn Cao Bằng Tống Thêm","Nhà hàng"
"restaurant","Quán Nhậu Tự Do","Quán bia"
"restaurant","Phở 58","Nhà hàng phở"
"restaurant","Ốc Bự Hải Phòng - 57 ngõ 82 Chùa Láng","Nhà hàng hải sản"
"restaurant","Cafe Cung Đàn - Hát cho nhau nghe","Quán cà phê"
"restaurant","Thư capuchino","Quán cà phê"
"restaurant","Cafe Chàm","Quán cà phê"
"restaurant","Hoca Café - Hồ Cá, phê bánh và em","Quán cà phê"
"restaurant","Joie coffee","Quán cà phê"
"restaurant","Orifi Rooftop Space","Quán cà phê nghệ thuật"
"restaurant","101 Cafe","Quán cà phê"
"restaurant","Quán Cà Phê Người Một Nhà","Quán cà phê"
"restaurant","Nâu Cafe","Quán cà phê"
"restaurant","The Burrow Hanoi","Quán cà phê nghệ thuật"
"restaurant","Cà Phê Thư Báo","Quán cà phê"
"restaurant","La Jolie Café","Quán cà phê"
"restaurant","Rauta House Cafe","Quán cà phê"
"restaurant","Cộng Cà Phê","Quán cà phê"
"restaurant","Azalea Coffee","Quán cà phê"
"restaurant","Quán Nước Tử Tế","Quán cà phê"
"restaurant","Be You Coffee","Quán cà phê"
"restaurant","Quán nước Gốc Đa Lưng Đồi","Quán cà phê"
"restaurant","Cao Cà Phê Hoàng Cầu - Đống Đa","Quán cà phê"
"restaurant","Tiny Cafe Láng","Quán cà phê"
"restaurant","Dzyn Coffee","Quán cà phê"
"restaurant","Café Linh","Quán cà phê"
"restaurant","C’Laudi Cafe","Quán cà phê"
"restaurant","Quán Cafe Hoa Sữa","Quán cà phê"
"restaurant","Quán Hè","Quán cà phê"
"restaurant","Nước chè bà Là","Nhà hàng gia đình"
"restaurant","Trà sữa cafe đồ uống GIA HÂN","Quán cà phê"
"restaurant","Grootto Coffee","Quán cà phê"
"restaurant","C’est Si Bon Cafe","Quán cà phê"
"restaurant","Cafe Mơ Phố","Quán cà phê"
"restaurant","Ara Ara Chi nhánh Hà Nội","Trà trân châu"
"restaurant","Cafe Romantic","Quán cà phê"
"restaurant","Papa’s Dessert & Cafe","Nhà hàng"
"restaurant","Cafe 16","Quán cà phê"
"restaurant","Cafe Hanoi Moment","Quán cà phê"
"restaurant","Thành Luân Coffee","Quán cà phê"
"restaurant","Oude Kafe","Quán cà phê"
"restaurant","T-Box Café Huỳnh Thúc Kháng","Quán cà phê"
"restaurant","Unde Cafe","Quán cà phê"
"restaurant","Cafe Góc Phố","Quán cà phê"
"restaurant","Contrast Coffee","Quán cà phê"
"restaurant","Quán Cafe Mộc","Quán cà phê"
"restaurant","Cafe Núi","Quán cà phê"
"restaurant","Coffee Nang","Quán cà phê"
"restaurant","9room Cafe & Decor","Quán cà phê"
"restaurant","NUcafe Quán Thánh","Quán cà phê"
"restaurant","New star coffee","Quán cà phê"
"restaurant","Quán Cafe Sun Way","Quán cà phê"
"restaurant","The Coffee House","Quán cà phê"
"restaurant","Cafe Nola","Quán cà phê"
"restaurant","An cafe","Quán cà phê"
"restaurant","Cafe D9","Quán cà phê"
"restaurant","Cafe phim - Cine cafe chùa láng","Quán cà phê"
"restaurant","Bánh Tráng Cuốn Thịt Heo Phương Mai","Nhà hàng"
"restaurant","Shi Tang - Trung Hoa Quán","Nhà hàng Tứ Xuyên"
"restaurant","Quán Anh Em","Nhà hàng"
"restaurant","Bò Tơ Quán Mộc Nguyên Hồng","Nhà hàng"
"restaurant","VUA BEER","Nhà hàng châu Á"
"restaurant",".","Nhà hàng"
"restaurant","San Xi Lou Hotpot","Nhà hàng"
"restaurant","Bún bò Huế Minh Ngọc","Nhà hàng Việt Nam"
"restaurant","Cơm Thố Anh Nguyễn - Thái Hà","Nhà hàng châu Á"
"restaurant","Quán Ăn NGAN ĐI BỘ","Quán ăn nhỏ"
"restaurant","Quán Nem Trộn","Quán ăn nhỏ"
"restaurant","Ship Đồ Ăn Đêm Kom9","Giao đồ ăn"
"restaurant","Quán Bún Chả Hải Đảo","Nhà hàng"
"restaurant","Quán Bà Hồng (Nguyễn Hồng)","Quán ăn nhỏ"
"restaurant","Lẩu gà lá é - Shizuka Chan","Nhà hàng thịt gà"
"restaurant","Gà Mẹt Thiên Vương","Nhà hàng thịt gà"
"restaurant","Quán Cơm Cari H&D","Nhà hàng"
"restaurant","Chim Ngon Quán","Nhà hàng"
"restaurant","Quán nhậu Tuấn Râu","Nhà hàng"
"restaurant","Quán Ăn Hiền Việt","Nhà hàng"
"restaurant","Hoa Đăng Quán","Nhà hàng"
"restaurant","Quán ăn nhanh","Nhà hàng"
"restaurant","Quán ăn uống GIANG KHÔI","Quán ăn nhỏ"
"restaurant","Bún Chả Duy Diễm","Quán ăn nhỏ"
"restaurant","Mỳ bò Đài Loan","Quán mì"
"restaurant","Nhà hàng Bến","Nhà hàng"
"restaurant","Nhà hàng Lương Tâm","Nhà hàng"
"restaurant","Cầu Mới tiên lương đường Liên vùng","Nhà hàng phở"
"restaurant","Nhà hàng XuânLan","Nhà hàng"
"restaurant","Nhà hàng Sông Núi Phương Xá","Nhà hàng"
"restaurant","Nhà hàng Phương Nam","Nhà hàng"
"restaurant","Nhà Hàng Hải Sản Phố","Nhà hàng hải sản"
"restaurant","Nhà Hàng Sen 19","Nhà hàng"
"restaurant","Cuốn xưa-phở cuốn hà thành-thành công","Nhà hàng ăn nhanh"
"restaurant","Nhà hàng Góc Quê (Nam Góc Quê)","Nhà hàng"
"restaurant","Nhà Hàng Chợ Tình Sa Pa","Nhà hàng"
"restaurant","Nhà hàng Hiếu Sinh - Ẩm thực Chay","Nhà hàng món chay"
"restaurant","Nhà hàng Dê Núi Cảnh Gù 2","Nhà hàng"
"restaurant","Nhà hàng 5cua","Nhà hàng"
"restaurant","New Sphinx Beer Bar","Nhà hàng"
"restaurant","Nhà Hàng Highway4","Nhà hàng Việt Nam"
"restaurant","Nhà Hàng Nhật Bản Edo","Nhà hàng Nhật Bản"
"restaurant","Chocomeat - Nhà hàng Nướng & Lẩu","Nhà hàng món nướng"
"restaurant","Bếp Thái Koh Yam - Thái Hà","Nhà hàng Thái Lan"
"restaurant","Công Ty Cp Ẩm Thực Quốc Tế Xuyên Việt - Nhà Hàng Seoul Jung","Nhà hàng"
"restaurant","Nhà Hàng Việt Phố","Nhà hàng"
"restaurant","Nhà hàng Tâm Giao","Nhà hàng"
"restaurant","Nhà Hàng Giang Dung 2","Nhà hàng"
"restaurant","Nhà Hàng Lã Vọng","Nhà hàng châu Á"
"restaurant","Tao Do Restaurant","Nhà hàng"
"restaurant","Nhà Hàng Tâm Bình","Nhà hàng"
"restaurant","SpaghettiBox","Nhà hàng ý"
"restaurant","Sparta Beer Club","Quán bia"
"restaurant","Bánh Mỳ Cay Ông Già Khánh Nạp","Cửa hàng bán thực phẩm đặc sản"
"restaurant","Chính Hiệu Bánh Mỳ Pate Cay","Tiệm bánh"
"restaurant","Bánh Mỳ Cay Bà Già Lợi","Tiệm bánh"
"restaurant","Bánh mì cay Hải Phòng - Khánh Nạp (Nhà Cổ)","Nhà hàng"
"restaurant","Tiệm Bánh Mì Cay Ông Cuông","Tiệm bánh"
"restaurant","Nguyên Thủy Bánh mì que","Tiệm bánh"
"restaurant","Tiệm Bánh Mì Ông Bà Cụ","Tiệm bánh"
"restaurant","House Of Luck Coffee","Quán cà phê"
"restaurant","Bánh mì Patê cay 39 Đ.T.H","Tiệm bánh"
"restaurant","Bánh mỳ Vợ Anh","Tiệm bánh"
"restaurant","Quán Mỳ Cay Khánh Nạp Gia Truyền","Cửa hàng bán đồ ăn nấu sẵn"
"restaurant","Bánh mì cay cô My","Tiệm bánh"
"restaurant","Bánh mỳ cay 198 Hàng Kênh","Tiệm bánh"
"restaurant","Bánh Mì Que Thái Dương","Tiệm bánh"
"restaurant","Bánh mỳ cay Khánh Nạp Tú Béo - 178 Hàng Kênh","Nhà hàng"
"restaurant","Quán Bánh Mì Chú Béo","Tiệm bánh"
"restaurant","Bánh mỳ Tâm","Cửa hàng bán bánh mì tròn Bagels"
"restaurant","Bánh Mỳ Que Tứ Hải","Nhà hàng"
"restaurant","Bánh Đa Cua Bà Cụ","Nhà hàng Việt Nam"
"restaurant","Bánh Mỳ Cay Khánh Nạp Gia Truyền HP","Quầy bánh mì kẹp xúc xích"
"restaurant","Chè Thái Lan - Bánh Mì Pate Cay","Tiệm bánh"
"restaurant","Lò Bánh Mỳ Bình Quang","Tiệm bánh"
"restaurant","Cửa Hàng Bánh Mỳ","Tiệm bánh"
"restaurant","Bánh mì que","Quán ăn nhỏ"
"restaurant","Pate Cột Đèn Hải Phòng -180 Nguyễn Công Trứ","Cửa hàng"
"restaurant","Bánh mỳ Pate Que","Tiệm bánh"
"restaurant","Nhà hàng Hoàng Kê 1 6 8","Nhà hàng"
"restaurant","Nhà hàng Mê Nướng","Nhà hàng món nướng"
"restaurant","Nhà hàng Đồng Gia","Nhà hàng"
"restaurant","Nhà hàng Ngọc Trâm","Nhà hàng"
"restaurant","Nhà hàng","Nhà hàng"
"restaurant","Đặc sản thịt chó tây bắc","Nhà hàng gia đình"
"restaurant","Đồ Cúng Việt Hải Phòng","Nhà hàng gia đình"
"restaurant","Phuong Ngoc Restaurant","Nhà hàng"
"restaurant","Quán Trà Nam Giao – Tinh Hoa Trà Việt","Nhà hàng Việt Nam"
"restaurant","Nhà hàng YAKITORI TOMITORI","Nhà hàng Nhật Bản"
"restaurant","Nhà Hàng Hiển Minh 68","Nhà hàng"
"restaurant","Của Hàng Quang Khánh","Nhà hàng"
"restaurant","Nhà Hàng Quán Trễ","Quán ăn nhỏ"
"restaurant","Nhà hàng Gà Tươi Mạnh Hoạch","Nhà hàng thịt gà"
"restaurant","Cháo Dinh Dưỡng Tùng cháo","Nhà hàng hải sản"
"restaurant","Nhà hàng Panda","Nhà hàng"
"restaurant","Nhà hàng Hoa Phượng","Nhà hàng"
"restaurant","Nhà Hàng Bắc Sông Cấm","Nhà hàng"
"restaurant","Phuong My Restaurant","Nhà hàng"
"restaurant","Hàng Mạ Bác Vinh","Nhà hàng"
"restaurant","Nhà Hàng Thỉnh Hương","Nhà hàng"
"restaurant","Nhà hàng Hoà Bình (和平饭店)","Nhà hàng"
"restaurant","Nhà Hàng Đại Thống","Nhà hàng"
"restaurant","Nhà Hàng Thái Mây - Cơ Sở 2","Nhà hàng"
"restaurant","nhà hàng Mạnh Hoạch 88","Nhà hàng"
"restaurant","Nhà hàng đồng quê hiệp thuỷ","Nhà hàng"
"restaurant","Vịt Trời Anh Nông Dân - Thủy Nguyên","Nhà hàng"
"restaurant","Quán Hải Sản Hiền Ước","Nhà hàng hải sản"
"restaurant","Như Ý Quán","Nhà hàng"
"restaurant","Nhà Hàng Gia Phúc","Nhà hàng"
"restaurant","Nhà Hàng 69","Nhà hàng"
"restaurant","Nhà Hàng Phúc Vinh 86","Nhà hàng"
"restaurant","Nhà hàng An Nhiên","Nhà hàng cho người ăn chay"
"restaurant","Nhà hàng chay Thiện Duyên","Nhà hàng ăn chay"
"restaurant","Nhà Hàng Hường Thu","Nhà hàng"
"restaurant","Nhà Hàng Khuê Ngoan","Nhà hàng"
"restaurant","Kimchi nhà Sâu","Cửa hàng tạp phẩm"
"restaurant","Trung tâm tiệc cưới & hội nghị Thủy Nguyên Vườn 66","Nhà hàng"
"restaurant","Nhà Hàng Tám Phương","Nhà hàng"
"restaurant","Nhà hàng Hương Sen. Đường 9c khu công nghiệp Viship Thủy nguyên Hải Phòng","Nhà hàng"
"restaurant","Nhà Hàng Cơm Việt","Nhà hàng Việt Nam"
"restaurant","Nhà Hàng Vạn Phong","Nhà hàng"
"restaurant","Nhà hàng Ẩm Thực Ven Sông","Nhà hàng hải sản"
"restaurant","Nhà hàng Chiến Thắng","Nhà hàng"
"restaurant","Cửa Hàng Hải Sản Huyền Béo","Nhà hàng"
"restaurant","Nhà Hàng Rượu 4 Mùa","Nhà hàng"
"restaurant","Nhà hàng The Happy (The Happy Restaurant)","Nhà hàng"
"restaurant","NHÀ HÀNG MINH THÀNH Ăn sáng Cơm Trưa","Nhà hàng"
"restaurant","Nhà Hàng Cơm Gia Đình","Nhà hàng"
"restaurant","Nhà hàng Bỗng 3 Ngon","Nhà hàng"
"restaurant","Nhà Hàng HIỂN MINH 68 CS2","Nhà hàng"
"restaurant","Dino Ice Cream Thuỷ Nguyên","Nhà hàng"
"restaurant","Nhà Trọ","Nhà hàng"
"restaurant","Nhà hàng Chiều Quê","Nhà hàng"
"restaurant","Nhà hàng MỌT BBQ","Nhà hàng"
"restaurant","Nhà hàng Thuần Bắc","Nhà hàng"
"restaurant","nhà Hàng Cây Dừa Ẩm Thực Đồng Quê","Nhà hàng"
"restaurant","Nhà Hàng Đăng Hiếu","Nhà hàng"
"restaurant","Nhà hàng Thu Minh Vũ","Nhà hàng châu Á"
"restaurant","Công Ty TNHH ĐT & TM Hải Hoàng","Nhà hàng chuyên phục vụ bữa nửa buổi"
"restaurant","Nhà hàng Phúc Anh Quán","Quán bia"
"restaurant","Quang Thang Guest House","Khách sạn"
"restaurant","Nhà Hàng DÊ NÚI TÙNG XẺO","Nhà hàng"
"restaurant","Nhà Hàng Bảo Ngọc","Nhà hàng"
"restaurant","Nhà Hàng Gà Tươi Minh Tâm","Nhà hàng"
"restaurant","Cửa Hàng Hải Sản Dũng Hà","Nhà hàng"
"restaurant","NHÀ HÀNG HỒ NAM","Nhà hàng Trung Quốc"
"restaurant","Nhà Xe Tiến Thủy","Nhà hàng"
"restaurant","Van Anh Guest House","Khách sạn"
"restaurant","Nhà Đất Trần Lâm","Nhà hàng"
"restaurant","Nhà Hàng Bụi","Nhà hàng"
"restaurant","Nhà hàng BẰNG HỮU","Nhà hàng gia đình"
"restaurant","Cơm rang 29","Nhà hàng"
"restaurant","Cơm Rang Dũng Béo","Quán ăn nhỏ"
"restaurant","Phở bò & Cơm rang Pháp Phạm","Quán ăn nhỏ"
"restaurant","Quán Phở Bò - Cơm Rang 155","Gian hàng rong"
"restaurant","A Trọng Cơm Chiên Giòn","Nhà hàng"
"restaurant","Quán Cơm Nguyễn Xuân Vinh","Quán ăn tự phục vụ"
"restaurant","Cơm Rang","Nhà hàng cơm"
"restaurant","BÚN BÒ HUẾ NAM DƯƠNG","Nhà hàng gia đình"
"restaurant","Cơm Rang Dưa Bò","Nhà hàng"
"restaurant","Cơm rang Cô Tám 126 Hồng Mai","Quán ăn nhỏ"
"restaurant","Phở Bò Đặc Biệt Nam Định","Nhà hàng"
"restaurant","Cơm rang dưa bò Nguyễn Du","Nhà hàng châu Á"
"restaurant","Cơm Rang","Nhà hàng"
"restaurant","Cơm rang Cô Tiến","Nhà hàng ăn nhanh"
"restaurant","Cơm Rang Ngon ( TOM )","Nhà hàng"
"restaurant","Cơm Rang Nghĩa Ngoác","Nhà hàng"
"restaurant","Cơm Rang Tô Hiệu","Nhà hàng"
"restaurant","Cơm rang Tám Bính","Nhà hàng cơm"
"restaurant","Cơm Rang Hải Sản","Nhà hàng"
"restaurant","Cơm Rang, Phở Xào Ánh Thúy","Nhà hàng"
"restaurant","Quán Phở Cồ Luân","Nhà hàng"
"restaurant","Phở Bò Cơm Rang+ bún bò huế Duy Nhất","Nhà hàng"
"restaurant","Cơm rang Thiên Trường","Nhà hàng Hàn Quốc"
"restaurant","Cơm Đảo Gà Rang Chim Quay - Tống Duy Tân","Nhà hàng"
"restaurant","A","Quán ăn nhỏ"
"restaurant","Phở Bò Cơm Rang 238","Nhà hàng"
"restaurant","Quán Cơm Rang - Phở Cồ","Cửa hàng bán đồ ăn nấu sẵn"
"restaurant","Quán cơm Rang hải hậu-phở trường-Nam Định","Nhà hàng gia đình"
"restaurant","Phở cơm rang Mạnh Thưởng","Nhà hàng"
"restaurant","Phở bò cơm rang Nam Định","Nhà hàng"
"restaurant","Cơm rang cô Lan","Cửa hàng bán đồ ăn nấu sẵn"
"restaurant","Quán Hương","Nhà hàng"
"restaurant","Quán Phở Bò - Mỳ Xào - Cơm Rang","Cửa hàng bán đồ ăn nấu sẵn"
"restaurant","Cơm Rang 10 Cẩm","Nhà hàng cơm"
"restaurant","Hàng Ăn Thanh Béo Cơm Nóng - Cơm Rang","Nhà hàng"
"restaurant","Ốc Bay - SHip ốc đêm Hà Nội","Nhà hàng ăn nhanh"
"restaurant","Phở Cơm Rang Mạnh Đạt","Nhà hàng"
"restaurant","Phở Bò & Cơm Rang - 127 Lê Lợi","Nhà hàng ăn nhanh"
"restaurant","Phở Cồ Chùa Láng","Nhà hàng phở"
"restaurant","Bún riêu cua cá cơm rang Huệ Mỹ","Nhà hàng"
"restaurant","Cơm Rang Dũng Béo","Nhà hàng cơm"
"restaurant","Cơm rang - phở - mì xào","Quán ăn nhỏ"
"restaurant","Cơm rang & phở cuốn Linh Tâm","Quán ăn nhỏ"
"restaurant","Cơm Rang 1995 - Chùa Bộc","Nhà hàng cơm"
"restaurant","Phở Cơm Rang Anh Đào","Nhà hàng phở"
"restaurant","CƠM RANG Ông Già","Nhà hàng"
"restaurant","Cơm Gà, Chim Quay Mỹ Hải","Quán ăn nhỏ"
"restaurant","Cơm rang phở bò Nam Định","Nhà hàng phở"
"restaurant","Cơm Rang Dưa Bò","Nhà hàng cơm"
"restaurant","Phở Cồ Long","Nhà hàng phở"
"restaurant","Bếp Của Mẹ - Cơm Vuông, Phở Tròn & Lẩu Nướng","Nhà hàng"
"restaurant","Thuỷ cơm rang - Phở Hà Nội","Nhà hàng cơm"
"restaurant","Cơm rang 22 Bà Triệu","Nhà hàng"
"restaurant","Cơm Rang Thập Cẩm","Nhà hàng"
"restaurant","Cơm Đất Tổ - Bún Cá - Cơm Rang","Nhà hàng"
"restaurant","Cơm Rang","Nhà hàng ăn nhanh"
"restaurant","Phở Lý Quốc Sư","Nhà hàng"
"restaurant","Quán Cơm Rang, Phở Bò Nam Định","Gian hàng rong"
"restaurant","Phở bò KCC","Nhà hàng phở"
"restaurant","cơm rang chay","Nhà hàng ăn nhanh"
"restaurant","Cơm Rang Phở Xào Bà Già","Quán ăn nhỏ"
"restaurant","CƠM RANG, PHỞ BÒ QUANG TƯỞNG","Nhà hàng"
"restaurant","Phở bò cơm rang Đại Lộc","Nhà hàng ăn nhanh"
"restaurant","Cơm rang Hiền Xù","Nhà hàng"
"restaurant","Đức Phúc- Phở Bò & cơm rang Nam Định","Nhà hàng phở"
"restaurant","Phú Khang Phổ Bò - Cơm Rang","Nhà hàng"
"restaurant","Cơm Rang Phở Bò Nam Định","Quán ăn nhỏ"
"restaurant","Tiệm cơm Phi Hùng","Nhà hàng"
"restaurant","Cơm rang & Phở bò Thái Hương","Nhà hàng Việt Nam"
"restaurant","Quán Cơm Phở Phương Nam","Nhà hàng"
"restaurant","Cơm Rang Gà","Nhà hàng"
"restaurant","Cơm Tấm Sài Gòn Deli","Nhà hàng cơm"
"restaurant","Mai An - Cơm rang dưa Bò","Nhà hàng"
"restaurant","Phổ Bỏ Lý Quốc Sư Cơm Rang Quế Mùi","Nhà hàng"
"restaurant","Quán Cơm gà Đà Nẵng","Quán ăn nhỏ"
"restaurant","Cơm rang Tiến Dạt","Quán ăn nhỏ"
"restaurant","Phở bò - Cơm gà xối mắm Cơm rang dưa bò - 195 Bùi Xương Trạch","Nhà hàng gia đình"
"restaurant","Quán Phở, Chuyên Cơm Rang, Phở-Mỳ Xào","Cửa hàng bán đồ ăn nấu sẵn"
"restaurant","Quán Ăn Sông Quê","Nhà hàng gia đình"
"restaurant","Mr.TukTuk - Nhà hàng Thái","Nhà hàng Thái Lan"
"restaurant","Quán Ăn Đồng Quê","Nhà hàng"
"restaurant","Quán Tự Do (Đặc Sản Ngan, Gà số 1 Thuỷ Nguyên) Thiên Hương, Thuỷ Nguyên, Hải Phòng","Nhà hàng"
"restaurant","Công Thành Quán","Nhà hàng"
"restaurant","Quán cá nướng a Long","Quán ăn nhẹ"
"restaurant","Mộc quán","Nhà hàng hải sản"
"restaurant","Quán Cơm Bình Dân","Nhà hàng"
"restaurant","Quán Cơm Quốc Trung","Nhà hàng"
"restaurant","Lộc Vừng Quán","Quán bia"
"restaurant","Quán Ăn Trốn Vợ","Nhà hàng"
"restaurant","早碗见面 - mỳ phương bắc - Quán ăn Trung Hoa","Nhà hàng Trung Quốc"
"restaurant","Quán Ăn Phạm Văn Thuấn","Gian hàng rong"
"restaurant","Quán Cơm Bình Dân Hà My","Nhà hàng"
"restaurant","Nam Hường Lẩu Cua Đồng CS2","Nhà hàng"
"restaurant","Quán Phở Bò Đặc Biệt","Gian hàng rong"
"restaurant","Quán cơm Đức Huy","Nhà hàng"
"restaurant","CÔNG THẢO - TIỆC CỖ TRỌN GÓI - QUÁN ĂN GIA ĐÌNH - BIA BÌNH DÂN","Nhà hàng"
"restaurant","Quán Ăn Hương - Lẩu cua đồng","Quán ăn nhỏ"
"restaurant","A pizza Bia cỏ quán","Nhà hàng"
"restaurant","Chợ Núi Đèo","Nhà hàng"
"restaurant","Quán ăn sáng","Quán ăn nhỏ"
"restaurant","Quán ăn","Nhà hàng chuyên phục vụ bữa sáng"
"restaurant","Quán Bún bò Huế Phương Thảo","Quán ăn nhỏ"
"restaurant","Mỳ Phương Bắc - Quán Ăn Trung Quốc","Nhà hàng Trung Quốc"
"restaurant","Quán ăn vặt - Novo Food","Quán ăn nhỏ"
"restaurant","Quán Phở Bò Nam Định","Nhà hàng phở"
"restaurant","Quán Ăn Béo","Quán ăn nhỏ"
"restaurant","Quán Ăn Sáng Bà Nhãn","Nhà hàng"
"restaurant","Quán Cơm Bình Dân HÙNG BÉO","Quán ăn nhỏ"
"restaurant","Quán cơm Thuỷ Top","Nhà hàng"
"restaurant","Quán ăn sáng ngã tư ắc quy","Nhà hàng chuyên phục vụ bữa sáng"
"restaurant","Quán Ăn Minh Trường","Nhà hàng"
"restaurant","Quán ốc 69 An Đồng cơ sở 2","Nhà hàng"
"restaurant","Quán Ăn Thắng Gà","Gian hàng rong"
"restaurant","Quán Cơm Kinh Yến","Gian hàng rong"
"restaurant","Quán ăn sáng Luật Hảo","Nhà hàng"
"restaurant","Quán Phố - Quán Ăn Hải Sản Hải Phòng","Nhà hàng"
"restaurant","Tiệm ăn vặt cô Oanh","Nhà hàng"
"restaurant","Bia Đại Thắng Quán","Nhà hàng"
"restaurant","Bánh đúc tàu Cát Dài Cô Chuyền","Quán ăn nhỏ"
"restaurant","Thịt Dê Minh Hiền","Nhà hàng gia đình"
"restaurant","Nhà Hàng Sông Lam","Nhà hàng"
"restaurant","Nhà hàng Đức Xuyên","Nhà hàng"
"restaurant","Nhà hàng Nam Liên","Nhà hàng"
"restaurant","Quán nhậu sân vườn Huệ Cừ","Nhà hàng"
"restaurant","NHÀ HÀNG VIỆT TRÌ - BIỂN XUÂN THÀNH","Nhà hàng hải sản"
"restaurant","Nhà Hàng Bà Hồng Kế","Nhà hàng chuyên phục vụ bữa sáng"
"restaurant","Nhà hàng 68","Nhà hàng Việt Nam"
"restaurant","Nhà Hàng Tuấn Liên","Nhà hàng"
"restaurant","Nhà Hàng Thuỷ Hử","Nhà hàng"
"restaurant","Nhà Hàng Hường Thắng","Nhà hàng gia đình"
"restaurant","Nhà Hàng Sao Biển Thủy Hải Sản Đang Bơi","Nhà hàng"
"restaurant","Quán Ăn, Quán Nhậu Bình Dân","Nhà hàng"
"restaurant","Nhà hàng Dâu Tây","Nhà hàng"
"restaurant","Nhà hàng Ánh Tuyết","Nhà hàng hải sản"
"restaurant","Nhà Hàng KHÁNH LINH","Nhà hàng"
"restaurant","Nhà Hàng Dê Quay Quang Vinh","Nhà hàng"
"restaurant","Nhà Hàng Xuân Thiều","Nhà hàng"
"restaurant","Nhà hàng Toàn Lân","Nhà hàng"
"restaurant","Nhà Hàng Bắc Hải","Nhà hàng"
"restaurant","Nhà hàng Thủy Tịnh","Nhà hàng"
"restaurant","Nhà Hàng Dũng Xoan","Nhà hàng"
"restaurant","Nhà hàng Hà Bình","Nhà hàng"
"restaurant","Nhà hàng Ghiền ( nhậu phủi)","Nhà hàng cơm"
"restaurant","Nhà hàng Hà Thắng","Nhà hàng"
"restaurant","NHÀ HÀNG PHƯƠNG ĐỨC","Nhà hàng"
"restaurant","Nhà Hàng Bông Sen","Nhà hàng"
"restaurant","Nha Hang Hung Hong","Nhà hàng hải sản"
"restaurant","Nhà Hàng Gió restaurant","Nhà hàng"
"restaurant","Quán Cơm Nhà Nấu Bình Dân","Quán ăn tự phục vụ"
"restaurant","Thịt dê Hoà Lâm","Nhà hàng"
"restaurant","Moon Quán","Nhà hàng"
"restaurant","Quán ăn Việt Linh","Nhà hàng quán rượu dành cho người sành ăn"
"restaurant","Quán Ăn Thuyên Hoa","Nhà hàng"
"restaurant","Ăn Sáng, Ăn Đêm HIẾU HIẾU","Quán súp"
"restaurant","Quán ăn Cường Thêm","Quán ăn nhỏ"
"restaurant","Quán Ăn Công Mai","Nhà hàng"
"restaurant","Quán ăn vặt Bạch Tuyết","Quán ăn nhỏ"
"restaurant","Cha Hong Pao Núi Trúc - Trà Sữa Đặc Sản Phúc Kiến","Quán trà Trung Quốc"
"restaurant","Trà sữa LeeTee Láng Hạ","Quán cà phê"
"restaurant","Quán Trà Sữa Taiwan Tea","Quán rượu"
"restaurant","Trà ''say'' TAOTEAER - Trà sữa Trung Hoa thế hệ mới","Quán cà phê"
"restaurant","Trà Sữa BoBaPop 290 Thái Hà","Quán cà phê"
"restaurant","Trà sữa Đô Đô Ô Chợ Dừa","Trà trân châu"
"restaurant","Trà Sữa Thanh Trà","Quán cà phê"
"restaurant","Trà Sữa ToCoToCo 72 Thành Công","Trà trân châu"
"restaurant","Trà Sữa ChaGo","Trà trân châu"
"restaurant","ShanLuv - Trà Sữa Nước Mía Shan Tuyết","Cửa hàng trà truyền thống"
"restaurant","Trà Phong","Phòng trà"
"restaurant","Quán Trà Sữa ToCoToCo Nam Thành Công","Trà trân châu"
"restaurant","The Alley 354 A Thái Hà","Trà trân châu"
"restaurant","Quán Trà Sữa Thai Siam","Nhà hàng"
"restaurant","Vô Ưu Trà Quán","Phòng trà"
"restaurant","Trà Sữa ToCoToCo Tây Sơn","Quán cà phê"
"restaurant","SHANSE - Trà sữa Shan Tuyết","Trà trân châu"
"restaurant","Đức Trà Sữa-Chè 304","Quán cà phê"
"restaurant","Trà Sữa ToCoToCo Ô Chợ Dừa","Trà trân châu"
"restaurant","Trà Sữa ToCoToCo Thái Hà","Trà trân châu"
"restaurant","Trà Sữa ToCoToCo 102 Trần Duy Hưng","Trà trân châu"
"restaurant","Trà Sữa ToCoToCo 2 Trần Thái Tông","Trà trân châu"
"restaurant","Trà Sữa ToCoToCo 193 Yên Hòa","Cửa hàng kem"
"restaurant","Trà Sữa ToCoToCo 59 Tôn Đức Thắng","Trà trân châu"
"restaurant","Trà Sữa Winggo Nguyễn Huy Tưởng","Quán cà phê"
"restaurant","Quán Trà Sữa Porcupine","Quán cà phê"
"restaurant","Trà sữa Yi He Tang - 54D Vũ Trọng Phụng","Trà trân châu"
"restaurant","Quán Trà Sữa Ích Hoà Đường - Taiwan Tea","Nhà hàng"
"restaurant","ZangTee - 111 Láng Hạ (Đống Đa)","Quán cà phê"
"restaurant","Quán trà Kẻ Chợ","Quán cà phê"
"restaurant","Feeling tea Khâm Thiên","Quán cà phê"
"restaurant","Feeling Tea Yên Lãng","Trà trân châu"
"restaurant","Gong Cha Giảng Võ","Trà trân châu"
"restaurant","Trà sữa Bông Biêng - Lê Văn Lương","Trà trân châu"
"restaurant","Trà Sữa ToCoToCo 331 Kim Mã","Trà trân châu"
"restaurant","Trà Sữa RoyalTea","Trà trân châu"
"restaurant","Teabin Trà Sữa & Ăn Vặt","Cửa hàng trà truyền thống"
"restaurant","Trà sữa Toco Toco","Quán cà phê"
"restaurant","Một chút chút","Trà trân châu"
"restaurant","Trà sữa Dingtea Việt nam","Trà trân châu"
"restaurant","Feeling Tea Giảng Võ","Trà trân châu"
"restaurant","Tocotoco chùa láng","Quán cà phê"
"restaurant","RoyalTea - 66 Thụy Khuê","Quán cà phê"
"restaurant","Trà sữa Đô Đô Đào Tấn","Trà trân châu"
"restaurant","Yến Đậu Trà Sữa","Quán cà phê"
"restaurant","Trà Sữa ToCoToCo 52 Văn Cao","Trà trân châu"
"restaurant","Trà Sữa Tươi và Xôi Ngon tên Mặn","Quán cà phê"
"restaurant","Quán Trà Sữa Mocha","Nhà hàng"
"restaurant","Trà Sữa ToCoToCo Đường Láng","Trà trân châu"
"restaurant","Trà sữa Đô Đô Nguyễn Trãi","Trà trân châu"
"restaurant","QUÁN TRÀ SỮA BÀ PHƯƠNG","Quán cà phê"
"restaurant","Trà Sữa ToCoToCo Cầu Giấy","Trà trân châu"
"restaurant","Quán Trà Sữa Teen","Nhà hàng hoặc Quán cà phê"
"restaurant","Trà Sữa ToCoToCo 94 Đào Tấn","Trà trân châu"
"restaurant","Man Mác","Trà trân châu"
"restaurant","CHIN CHIN - Trà Sữa Đậm Vị & Trà Hoa Quả Tươi - Huỳnh Thúc Kháng","Quán cà phê"
"restaurant","Trà Sữa ToCoToCo 11 Nam Đồng","Trà trân châu"
"restaurant","Trà Sữa ToCoToCo 67A Quan Nhân","Trà trân châu"
"restaurant","Feeling Tea số 4 Trần Thái Tông","Trà trân châu"
"restaurant","Quán trà sữa Sugatee","Quán cà phê"
"restaurant","Trà Sữa Trân Châu 10","Quán cà phê"
"restaurant","LiuNi Tea Chùa láng","Quán cà phê"
"restaurant","Trà Sữa ToCoToCo 32 Trần Điền","Trà trân châu"
"restaurant","Trà sữa ShunCha 90CB","Trà trân châu"
"restaurant","Trà Sữa ToCoToCo 78 Dương Quảng Hàm","Trà trân châu"
"restaurant","Quán Trà sữa 172","Nhà hàng"
"restaurant","quán trà sữa the sami house","Nhà hàng"
"restaurant","Quán trà sữa pương vy PHƯƠNG VY QUÁN","Trà trân châu"
"restaurant","Chin Chin - Trà Sữa Đậm Vị & Trà Hoa Quả Tươi - Phan Bội Châu","Quán cà phê"
"restaurant","Quán Trà Sữa Sunshine","Nhà hàng"
"restaurant","Mê Cheese","Quán cà phê"
"restaurant","Quán Trà Sữa Đồng Giá 19k","Nhà hàng"
"restaurant","Boon Coffee Trà sữa","Quán cà phê"
"restaurant","Trà Sữa ToCoToCo","Trà trân châu"
"restaurant","Quán Trà Sữa Mon Tea","Nhà hàng"
"restaurant","Trà sữa Bông Biêng - Đội Cấn","Trà trân châu"
"restaurant","Quán Trà Sữa Trân Châu","Nhà hàng"
"restaurant","Trà Sữa ToCoToCo 18 Phan Kế Bính","Trà trân châu"
"restaurant","Yên Đàm Trần Huy Liệu","Quán cà phê"
"restaurant","Feeling Tea Thanh Niên","Trà trân châu"
"restaurant","Trà Sữa 172","Quán cà phê"
"restaurant","Trà sữa Dingtea 147G Đội Cấn","Trà trân châu"
"restaurant","Trà Sữa ToCoToCo 19 Khâm Thiên","Trà trân châu"
"restaurant","Quán SKY trà sữa, coffee, ăn vặt","Quán ăn nhỏ"
"restaurant","Quán Trà Sữa Tea House","Quán cà phê"
"restaurant","mây chà - trà sữa pha máy đậm vị","Quán cà phê"
"restaurant","Quán Trà Sữa Trân Châu","Quán cà phê"
"restaurant","Trà sữa Đô Đô Nguyễn Thị Định","Trà trân châu"
"restaurant","Trà Sữa ToCoToCo 42F Lý Thường Kiệt","Trà trân châu"
"restaurant","Laboong 177 Huỳnh Thúc Kháng","Trà trân châu"
"restaurant","Trà Sữa ToCoToCo 104 Nhân Hòa","Trà trân châu"
"restaurant","Orchid Quán -Trà Sữa- Cà Phê-Trà Trái Cây- Mỳ Cay-Nem Nướng-Đồ ăn vặt","Khu ăn uống"
"restaurant","Quán Trà Sữa Trân Châu San San","Quán cà phê"
"restaurant","Quán Trà Sữa","Quán cà phê"
"restaurant","Trà Sữa ToCoToCo 253 Trần Quốc Hoàn","Trà trân châu"
"restaurant","Quán Trà Sữa Trân Châu Timy","Quán cà phê"
"restaurant","Quán Trà Sữa Chatime","Nhà hàng"
"restaurant","The Alley Trà Sữa","Trà trân châu"
"restaurant","Hồng Trà Ngô Gia HN002","Trà trân châu"
"restaurant","Trà Sữa ToCoToCo 02 Nguyễn Văn Tố","Quán cà phê"
"restaurant","Hoàng Linh Quán- Bún hải sản - Bún cá chấm","Nhà hàng"
"restaurant","Bún nghệ vỉa hè","Quán ăn nhỏ"
"restaurant","Cà phê vỉa hè","Quán cà phê"
"restaurant","Bún bò Vỉa hè","Nhà hàng"
"restaurant","Cafe Giải Khát Vỉa Hè","Quán cà phê"
"restaurant","Quán Vịt Vỉa Hè","Cửa hàng thịt"
"restaurant","CÁT Coffee","Quán cà phê"
"restaurant","Venus iCafe","Quán cà phê"
"restaurant","Tiệm Café Tụi Mình","Quán cà phê"
"restaurant","CỦI Coffee","Quán cà phê"
"restaurant","T ROASTER","Quán cà phê"
"restaurant","Quán Café 51","Quán cà phê"
"restaurant","BY..cafe","Quán cà phê"
"restaurant","Cassette cafe","Quán cà phê"
"restaurant","KODO","Quán cà phê"
"restaurant","Nhà bên Hồ cafe","Quán cà phê"
"restaurant","Mémoire café","Quán cà phê"
"restaurant","Hương Xưa Coffee","Quán cà phê"
"restaurant","Tiệm Cà Phê Dốc Xanh","Quán cà phê"
"restaurant","Ngói cafe","Quán cà phê"
"restaurant","Lạc Viên Garden","Quán cà phê"
"restaurant","Sóc Nâu Coffee","Quán cà phê"
"restaurant","Quán Cà phê Chiều","Quán cà phê"
"restaurant","D House & Coffee","Quán cà phê"
"restaurant","Thông Cafe","Quán cà phê"
"restaurant","Mộc cafe","Quán cà phê"
"restaurant","Trầm Coffee","Quán cà phê"
"restaurant","Nhật Nguyên Coffee","Quán cà phê"
"restaurant","Cà Phê Muối cs1","Quán cà phê"
"restaurant","La Porte Cafe & Playground Nguyễn Trãi","Quán cà phê"
"restaurant","O2 Cafe","Quán cà phê"
"restaurant","Quán Phủi Hub (Café | Music Class & Guitar Shop)","Quán cà phê"
"restaurant","Cafe Ngu Vien","Quán cà phê"
"restaurant","Palm Coffee","Quán cà phê"
"restaurant","Koizora Coffee","Quán cà phê"
"restaurant","Lầu Tứ Phương Vô Sự","Quán cà phê"
"restaurant","COFFEE Nhị Lão","Quán cà phê"
"restaurant","Đô coffee","Quán cà phê"
"restaurant","Tiệm cafe Hẻm Nhỏ","Quán cà phê"
"restaurant","Dynasty coffee","Quán cà phê"
"restaurant","Start Coffee","Quán cà phê"
"restaurant","Tùng Hiên cafe","Quán cà phê"
"restaurant","Andu garden.","Quán cà phê"
"restaurant","Sam Sim Coffee","Quán cà phê"
"restaurant","Rùa House Coffee & Homestay","Khách sạn"
"restaurant","TAM COFFEE AND MILK TEA","Quán cà phê"
"restaurant","N. Cafe & Restaurant","Nhà hàng Việt Nam"
"restaurant","Cafe Sân Vườn","Quán cà phê"
"restaurant","Bali Coffee","Quán cà phê"
"restaurant","THE HILL COFFEE | Cafe sạch nguyên chất | 288 Điện Biên Phủ | Huế","Quán cà phê"
"restaurant","Highlands coffee Bến Thuyền - 05 Lê Lợi","Quán cà phê"
"restaurant","Highlands Coffee Thach Han Hue","Quán cà phê"
"restaurant","MINH Cà Phê","Quán cà phê"
"restaurant","Cafe Vườn Quế","Quán cà phê"
"restaurant","Chân cầu quán Cafe","Quán cà phê"
"restaurant","Cafe Vườn Thúy","Quán cà phê"
"restaurant","Đá Cafe","Quán cà phê"
"restaurant","Quán Cafe Vân 38 Tây Sơn","Quán cà phê"
"restaurant","Huế Zone Coffee","Quán cà phê"
"restaurant","NGHIA Coffee","Quán cà phê"
"restaurant","ANH KAFE","Quán cà phê"
"restaurant","Tiệm Cà Phê Dấu ?","Quán cà phê"
"restaurant","THE WHITE CAFE","Quán cà phê"
"restaurant","Cam On Cafe","Quán cà phê"
"restaurant","NHÀ QUÌN COFFEE ROASTERY - 50m2 - Single Origin Arabica, Fine Robusta - 111 Dãy E Khu Tập Thể Đống Đa, Huế","Quán cà phê"
"restaurant","Tiệm Cà Phê 81- Cà Phê Muối Huế- Quán Cà Phê Đẹp Huế","Quán cà phê"
"restaurant","Quán Cà Phê Phú Gia Vân","Quán cà phê"
"restaurant","Ca Dao Coffee","Quán cà phê"
"restaurant","HÚE by Xéooo","Nhà hàng"
"restaurant","Hello Coffee","Quán cà phê"
"restaurant","Vanilla Cà Phê","Quán cà phê"
"restaurant","Quán Cafe Sim","Quán cà phê"
"restaurant","Cafe Cung Đàn Xưa","Quán cà phê"
"restaurant","Hoàng Hạc Cafe","Quán cà phê"
"restaurant","Dé Lồ Tea","Quán cà phê"
"restaurant","Trốn Café","Quán cà phê"
"restaurant","Thanh Cafe Nguyễn Hoàng","Quán cà phê"
"restaurant","Không Gian Hoài Cổ Coffee","Quán cà phê"
"restaurant","Trầm Cafe - Cafe chuẩn vị cố đô.","Quán cà phê"
"restaurant","Cafe Mộc Cà - 138 Kim Long","Quán cà phê"
"restaurant","Tiệm Cà Phê Noise","Quán cà phê"
"restaurant","HUE CAFE ROASTERY","Quán cà phê"
"restaurant","Cafe & bia lạnh 1994","Quán cà phê"
"restaurant","KATINAT 05 Lê Lợi - Huế","Quán cà phê"
"restaurant","Thượng Trà Viện","Quán cà phê"
"restaurant","Quán 1988 Cafe & Aquarium","Quán cà phê"
"restaurant","Quán cafe nước mía","Quán cà phê"
"restaurant","Cafe Đức Thành","Quán cà phê"
"restaurant","Quán Mẹ Bốp","Quán cà phê"
"restaurant","Tiệm cafe NGÃ TƯ","Quán cà phê"
"restaurant","View Cafe","Quán cà phê"
"restaurant","Thành cafe - classic","Quán cà phê"
"restaurant","Green Garden Hue - HomeStay & Restaurant","Nhà hàng"
"restaurant","Quán cafe","Quán cà phê"
"restaurant","Chuồn Chuồn cafe","Quán cà phê"
"restaurant","Bếp Căn Tin","Quán ăn nhỏ"
"restaurant","PhinHolic","Quán cà phê"
"restaurant","Không Gian Xưa","Nhà hàng"
"restaurant","Cơm hến Bà Hằng","Nhà hàng"
"restaurant","Xôi Kí","Quán ăn nhỏ"
"restaurant","Kei:Ki - Trà trân châu, Cà phê Muối, Bánh Takoyaki - Cn Lê Huân","Trà trân châu"
"restaurant","Quán Ăn Tài Phú","Nhà hàng"
"restaurant","Bánh ép Huệ","Nhà hàng"
"restaurant","Đường bánh canh Hàn Thuyên","Nhà hàng"
"restaurant","Quán 46 Yết Kiêu","Nhà hàng"
"restaurant","Lẩu Bò A Bình","Nhà hàng"
"restaurant","Cơm Hến Phương Loan","Quán ăn nhỏ"
"restaurant","Bánh Bèo Khay","Quán ăn nhỏ"
"restaurant","Bánh Ướt - Bún Thịt Nướng Huyền Anh","Nhà hàng"
"restaurant","Ốc chảo","Nhà hàng"
"restaurant","Lẩu Bò Bà Nghệ","Nhà hàng"
"restaurant","Bún thịt nướng Chi","Nhà hàng chuyên phục vụ bữa nửa buổi"
"restaurant","Gành hàng rong, Bánh canh Nam Phổ, Nậm Lọc gói","Quán ăn nhẹ"
"restaurant","Chè Mợ Tôn Đích","Cửa hàng bán đồ tráng miệng"
"restaurant","CHỢ GẠO","Quán bia"
"restaurant","36 Quán","Nhà hàng"
"restaurant","Bánh canh vỉa hè","Quán ăn nhỏ"
"restaurant","Chè Huế 20 món - Ngọc Hiền","Nhà hàng tráng miệng"
"restaurant","Quán nhậu Tý","Quán ăn nhỏ"
"restaurant","Cơm Hến O Lai","Nhà hàng chuyên phục vụ bữa sáng"
"restaurant","Quán bún nghệ, bún hến","Nhà hàng"
"restaurant","Mì trộn Noodlehouse","Nhà hàng ăn nhanh"
"restaurant","Bánh lọc chiên","Quán ăn nhỏ"
"restaurant","Kei:Ki - Trà Trân Châu, Cà Phê Muối, Takoyaki - Cn Hai Bà Trưng","Trà trân châu"
"restaurant","Bún bò O Thư","Nhà hàng"
"restaurant","Bún bò Huế vỉa hè","Quán mì"
"restaurant","Quán Mỳ đêm Mụ","Quán ăn nhỏ"
"restaurant","Phường - Lẩu Bò Bình Dân","Nhà hàng"
"restaurant","Nhà Hàng Ngự Ra Câu","Nhà hàng"
"restaurant","Bún bò Cô Mai","Quán ăn nhỏ"
"restaurant","Cà phê giải khát Tuyết Nhi","Quán cà phê"
"restaurant","Trà đá - Giải khát cu Thóc","Quán cà phê"
"restaurant","Café Giải Khát Yết Kiêu","Nhà hàng"
"restaurant","Café Giải Khát Bình Minh","Quán cà phê"
"restaurant","Café - Giải Khát Không Tên","Quán cà phê"
"restaurant","Cafe - Giải khát Vân Nhi","Quán cà phê"
"restaurant","Quán Cafe Giải Khát","Quán cà phê"
"restaurant","Quán Cà Phê-Giải Khát","Nhà hàng"
"restaurant","Quán Cà Phê Giải Khát Cửu Hảo","Quán cà phê"
"restaurant","Quán Cafe Giải Khát 114","Quán cà phê"
"restaurant","Quán Cà Phê Giải Khát","Nhà hàng Việt Nam"
"restaurant","Càfê Giải Khát 47","Nhà hàng"
"restaurant","Quán Cà Phê Nước Giải Khát","Nhà hàng"
"restaurant","Quán cafe - giải khát","Quán cà phê"
"restaurant","Quán giải khát O Phương vợ ôn Chánh","Quán cà phê"
"restaurant","Quán Giải Khát Nguyễn Thị Sính","Quán cà phê"
"restaurant","Café Giai Khat","Quán cà phê"
"restaurant","Tiệm Cà Phê Dưới Hiên Nhà","Quầy giải khát"
"restaurant","Cà Phê Giải Khát Sa Ba","Quán cà phê"
"restaurant","Quán Café Giải Khát","Nhà hàng"
"restaurant","Quán Café Giải Khát 34 Hồ Đắc Di","Quán cà phê"
"restaurant","Café - Nước Giải Khát 109","Quán cà phê"
"restaurant","Cafe Giải Khát 37","Nhà hàng hoặc Quán cà phê"
"restaurant","Cafe Giải Khát","Nhà hàng"
"restaurant","Café - Giải Khát Zet","Quán cà phê"
"restaurant","Café Giải Khát","Nhà hàng"
"restaurant","Cafe Giải Khát Cây Bàng","Quán cà phê"
"restaurant","Cafe Giải Khát","Quán cà phê"
"restaurant","Cà Phê 101 Giải Khát - Nước Ép Các Loại","Quán cà phê"
"restaurant","Café - Giải Khát Lãng Du","Quán cà phê"
"restaurant","Sky Coffee","Quán cà phê"
"restaurant","Quán Cà Phê Giải Khát 37","Quán cà phê"
"restaurant","Café - Giải Khát Mộng Hoàng","Quán cà phê"
"restaurant","Cafe - Giải Khát 24/24","Quán cà phê"
"restaurant","C11 Coffee - Giải Khát","Quán cà phê"
"restaurant","Quán Giải Khát Sinh Tố, Cafe","Quán cà phê"
"restaurant","Coffee 25 Nước Giải Khát","Quán cà phê"
"restaurant","Trà Xoài tươi 25k","Quán cà phê"
"restaurant","Thiện Nguyệt","Quầy giải khát"
"restaurant","Cafe-Giải Khát Yến Nhi","Quán cà phê"
"restaurant","cuongpham","Quầy giải khát"
"restaurant","Quán Cà Phê Giải Khát Xuân Mười","Quán cà phê"
"restaurant","Café - Giải Khát Ọt","Quán cà phê"
"restaurant","Quán giải khát Gia Hảo","Cửa hàng tạp phẩm"
"restaurant","Cafe Thi","Quán cà phê"
"restaurant","Cà Phê Giải Khát Lành","Quán cà phê"
"restaurant","Trà bí đao hạt Chia xuka lee","Quầy giải khát"
"restaurant","Tạp hoá O CHI","Quầy giải khát"
"restaurant","Quán Nước Giải Khát","Quán cà phê"
"restaurant","Quán Ăn Giải Khát Ta Ta","Nhà hàng"
"restaurant","95 Cafe & beer","Quán cà phê"
"restaurant","Quán Cơm - Giải Khát Nguyễn Thị Mai Hiền","Gian hàng rong"
"restaurant","Cafe - Giải Khát Nam Sơn","Quán cà phê"
"restaurant","Coffee Giải Khát Gia Đình","Quán cà phê"
"restaurant","Tiệm Rau Má 1986","Quầy giải khát"
"restaurant","Café - Giải Khát Kim Chi","Quán cà phê"
"restaurant","Café Giải Khát 122","Nhà hàng"
"restaurant","Quán Trà Cung Đình Thông Hương","Quầy giải khát"
"restaurant","Coffee Giải Khát Thq","Quán cà phê"
"restaurant","Hương Cafe","Quán cà phê"
"restaurant","Ngọc Yến Café Giải Khát","Quán cà phê"
"restaurant","Quán Cafe Giải Khát 202","Quán cà phê"
"restaurant","Quán Cafe - Giải Khát Lĩnh Nam","Nhà hàng"
"restaurant","Café - Giải Khát Ba","Quán cà phê"
"restaurant","Café - Giải Khát Bên Đường","Quán cà phê"
"restaurant","Tiệm cà phê sen đá cố đô","Quán cà phê nghệ thuật"
"restaurant","VỈA HÈ QUÁN","Nhà hàng"
"restaurant","Quán Nhậu Vỉa Hè - Bình Dân Bé Bim","Nhà hàng"
"restaurant","Quán ăn Hủ tiếu - bánh canh","Quán ăn nhỏ"
"restaurant","Quán Ăn Tuấn Hiền","Nhà hàng"
"restaurant","Quán ăn vườn mít","Quán ăn nhỏ"
"restaurant","quán ăn Hường","Quán mì"
"restaurant","Quán ăn Dạ Thảo gà quê","Nhà hàng"
"restaurant","Quán nhậu Quýt","Nhà hàng"
"restaurant","Quán Ăn Bún - Gió - Tái","Nhà hàng"
"restaurant","Quán cơm gà","Nhà hàng gia đình"
"restaurant","Nhà Hàng 39","Nhà hàng ẩm thực đồng quê"
"restaurant","Đà Nẵng Phố","Nhà hàng"
"restaurant","Nhà hàng Tây Bắc","Nhà hàng"
"restaurant","Nhà An - Vietnamese local food restaurant and vegan","Nhà hàng Việt Nam"
"restaurant","Hoa Ban Restaurant","Nhà hàng"
"restaurant","Nhà Nâu - Ẩm Thực Việt","Nhà hàng Việt Nam"
"restaurant","Nhà hàng Sơn Dương 2 Đà Nẵng","Nhà hàng Việt Nam"
"restaurant","Cửa hàng Nhà Ta","Nhà hàng"
"restaurant","Hoa Restaurant","Nhà hàng"
"restaurant","Hoa Viên Restaurant - 100 Tiểu La, Đà Nẵng","Nhà hàng hải sản"
"restaurant","Nhà hàng Ngon Thị Hoa","Nhà hàng Việt Nam"
"restaurant","Quán Tiến - Ăn Uống - Nhậu Bình Dân","Nhà hàng hải sản"
"restaurant","Quán Hương Sen","Nhà hàng"
"restaurant","Nhà Hàng Hải Sản Biển Xanh","Nhà hàng"
"restaurant","Thế giới ăn đêm Hà Nội","Nhà hàng"
"restaurant","Hà Nội Ship Đồ Ăn Đêm 24h","Nhà hàng bán đồ ăn mang về"
"restaurant","Ăn vặt - Bánh khoai rán","Quán ăn nhỏ"
"restaurant","Ăn Đêm - TIỆM BẢO ÂN","Nhà hàng"
"restaurant","Dân Dã Quán","Nhà hàng"
"restaurant","Quán ăn đêm 51","Quán ăn nhỏ"
"restaurant","Ăn vặt cu' đêm","Nhà hàng bán đồ ăn mang về"
"restaurant","Lẩu Khuya Quán","Nhà hàng"
"restaurant","174 Nhậu Xuyên Đêm","Nhà hàng"
"restaurant","Hải ăn đêm","Nhà hàng Việt Nam"
"restaurant","quán ăn đêm ngon","Nhà hàng"
"restaurant","Quán Nhậu Bia Vợ 2 - Nhậu Khuya","Quán bia"
"restaurant","Quán ăn đêm","Nhà hàng"
"restaurant","SHIP LẨU ĐÊM KOM9 HÀ NỘI","Nhà hàng ăn nhanh"
"restaurant","Quán Nhậu Đêm","Nhà hàng"
"restaurant","Quán ăn đêm 24/7","Nhà hàng"
"restaurant","Sỉn Quán 47 Bát Đàn","Nhà hàng"
"restaurant","Quán Ăn Thủy Vịt","Nhà hàng"
"restaurant","ANH YÊU RAMEN","Nhà hàng Nhật Bản"
"restaurant","An Nam Cháo - Đào Tấn","Nhà hàng"
"restaurant","QUÁN NHẬU XUYÊN ĐÊM","Nhà hàng"
"restaurant","Quán Khuya","Nhà hàng"
"restaurant","Quán nhậu đêm Hà Khá","Quán ăn nhỏ"
"restaurant","Quán ăn đêm Bún - Cháo - Phở (Loan Nguyễn)","Quán ăn nhỏ"
"restaurant","Quán Hà Béo Hà Nội","Cửa hàng bán đồ ăn nấu sẵn"
"restaurant","Haidilao Nguyễn Chí Thanh","Nhà hàng món lẩu"
"restaurant","Quán Ăn Đêm Thành Luân","Nhà hàng chuyên phục vụ bữa nửa buổi"
"restaurant","Quán Nhậu Tự Do","Quán bia sân vườn"
"restaurant","Quán Ăn Đêm 24h","Nhà hàng"
"restaurant","Bò Nầm Nướng “Nửa Khuya”","Nhà hàng món nướng"
"restaurant","Nhậu Đêm","Quán ăn nhỏ"
"restaurant","Quán Ăn Đêm Bình Dân Huân Hạnh","Quán ăn nhỏ"
"restaurant","Ship đồ ăn đêm - Vua cú mèo","Nhà hàng"
"restaurant","4AM - Lẩu Nướng Than Hoa","Món nướng"
"restaurant","Quán Bánh Cuốn Nóng Gia Truyền 50 Đội Cấn","Nhà hàng"
"restaurant","Cafe","Quán ăn nhỏ"
"restaurant","Hương Hậu - Phở Xưa Cũ","Nhà hàng"
"restaurant","Quán Nhậu Phi Ba Tào","Nhà hàng"
"restaurant","Lẩu Gà Lá É Tao Ngộ Quán","Quán ăn nhỏ"
"restaurant","Yoru 21 - Neo Asian Street Bites","Nhà hàng"
"restaurant","Tyty buffe lẩu nướng 149k - 164 Hoàng Quốc Việt","Quán ăn nhẹ"
"restaurant","Cháo Sườn Sụn Huyền Anh Đồng Xuân","Quán ăn nhỏ"
"restaurant","Cột Điện Quán Đặng Văn Ngữ","Quán ăn nhỏ"
"restaurant","Gà Ngan Vịt bán khuya","Quán ăn nhỏ"
"restaurant","Billfood Xứ Sở Ăn Vặt","Nhà hàng ăn nhanh"
"restaurant","Kiều Hoa Quán","Nhà hàng"
"restaurant","Zamba Garden","Nhà hàng"
"restaurant","Quán Bia Mẫn","Quán bia"
"restaurant","Bánh Mỳ 35","Nhà hàng"
"restaurant","Quán Bia Đường Tàu","Quán bia"
"restaurant","Phở Lý Còi","Quán ăn nhỏ"
"restaurant","Nhà hàng bia hơi Hoàng Béo","Nhà hàng"
"restaurant","Dương Văn Ốp Quán Ăn Khuya","Nhà hàng gia đình"
"restaurant","Lẩu Bò Tự Do","Nhà hàng"
"restaurant","Quán nhậu sinh viên đêm A Tùng","Quán ăn nhỏ"
"restaurant","Quán ăn đêm cô hằng","Nhà hàng ăn nhanh"
"restaurant","Nhà hàng Hàn quốc GUMBOK 금복","Nhà hàng Hàn Quốc"
"restaurant","Quán Cafe vỉa hè","Quán cà phê"
"restaurant","Bia Hơi Vỉa Hè","Nhà hàng"
"restaurant","Iris Coffee","Quán cà phê"
"restaurant","Cafe Tiến Trần","Quán cà phê"
"restaurant","O'Nook Coffee","Quán cà phê"
"restaurant","Quán cà phê Hai Tâm Hồn","Quán cà phê"
"restaurant","Đây Mơ Cafe","Quán cà phê"
"restaurant","Nook Inside Book & Coffee","Quán cà phê"
"restaurant","Choẽ Coffee","Quán cà phê"
"restaurant","The Lazy House Coffee","Quán cà phê"
"restaurant","Little Kent Coffee","Quán cà phê"
"restaurant","Cháo Dinh Dưỡng ngon nhất Mỹ Lợi","Nhà hàng gia đình"
"restaurant","Dịch vụ Tiệc cưới THANH ĐẠO","Nhà hàng tiệc đứng"
"restaurant","bún bò mừng thu","Nhà hàng chuyên phục vụ bữa sáng"
"restaurant","Nhà Hàng THANH HƯỜNG","Nhà hàng"
"restaurant","Quán Bún Bò Tôm Rạm Nhà Bà Dư","Quán ăn nhỏ"
"restaurant","Cửa Hàng Điện Nước - Kim Khí Tổng Hợp Phú Ninh","Nhà hàng"
"restaurant","Quán Bún Bò cô Huệ","Nhà hàng chuyên phục vụ bữa sáng"
"restaurant","Gò Nổi Quán - quán ăn gia đình karaoke view đẹp giá bình dân ven sông Bình Dương","Nhà hàng"
"restaurant","Nhà hàng Ẩm Thực","Nhà hàng"
"restaurant","Nhà Hàng Crystal Palace","Nhà hàng"
"restaurant","Phở Cúc - Chuyên Phở Bò","Nhà hàng Việt Nam"
"restaurant","Tiệm Bánh Mì Cay Đặc Sản Hải Phòng","Tiệm bánh"
"restaurant","Bánh mì que Bơ Béo","Tiệm bánh"
"restaurant","Bánh Mì Chương","Cửa hàng sandwich"
"restaurant","Bánh Mỳ Que Sài Gòn","Quán ăn nhỏ"
"restaurant","Quán Ăn - Uống Mười Tha","Nhà hàng"
"restaurant","Quán Ăn Hưng","Nhà hàng"
"restaurant","Quán ăn chiều Cô Sen","Nhà hàng gia đình"
"restaurant","Quán ăn Korean","Quán ăn nhẹ"
"restaurant","Quán Ăn Cô Vương","Nhà hàng"
"restaurant","Quán Ăn Cô Phương","Quán ăn nhỏ"
"restaurant","Quán ăn 169","Nhà hàng chuyên phục vụ bữa sáng"
"restaurant","Quán Ăn Bích Nga","Nhà hàng"
"restaurant","Quán Ăn 139","Quán ăn nhỏ"
"restaurant","Quán Ăn Cô Nga","Nhà hàng"
"restaurant","Quán Nướng Vỉa Hè 2","Cửa hàng bán đồ ăn nấu sẵn"
"restaurant","Bò Lá Lốt - Mỡ Chài Chị Hằng","Quán ăn nhỏ"
"restaurant","CHÈ BƯỞI","Quán ăn nhỏ"
"restaurant","Bánh xèo Cây Sung 7k","Quán ăn nhỏ"
"restaurant","Ốc Bắc Cô Trà","Quán ăn nhỏ"
"restaurant","Lẩu cá đuối 789","Quán ăn nhỏ"
"restaurant","Bún chả Hà Nội - Bún đậu Tây Hồ 167 GS1","Nhà hàng"
"restaurant","SuBo Coffee & Tea","Quán cà phê"
"restaurant","Vỉa hè quán","Quán ăn nhỏ"
"restaurant","Ốc Bi 170 (vỉa hè cũ)","Nhà hàng"
"restaurant","Quán Gà Nướng Cây Bàng","Quán ăn nhỏ"
"restaurant","Lẩu Chay Hoằng Đạt 2 ( cơ sở 2)","Nhà hàng cho người ăn chay"
"restaurant","Nhậu vỉa hè","Nhà hàng"
"restaurant","Lẩu Cá Kèo Dĩ An","Nhà hàng món lẩu"
"restaurant","Khu ăn uống vỉa hè","Khu ăn uống"
"restaurant","NHÀ HÀNG VỈA HÈ","Nhà hàng"
"restaurant","Lẩu Bò Giáo Toàn","Nhà hàng"
"restaurant","Baby Boss - Kem Ý Gelato & Trà sữa","Cửa hàng kem"
"restaurant","Cháo ếch Singapore A Hải ( Dĩ An )","Quán ăn nhỏ"
"restaurant","quán coffe 81","Quán cà phê"
"restaurant","Quán ốc Cây Keo","Nhà hàng hải sản"
"restaurant","LẨU NƯỚNG CÔ LIÊN LÀNG ĐH KHU B","Nhà hàng món lẩu"
"restaurant","Vỉa hè quán","Điểm phát chẩn đồ ăn"
"restaurant","Hủ tiếu mì chay, giải khát","Quán ăn nhỏ"
"restaurant","CƠM NGỌC DUNG","Nhà hàng gia đình"
"restaurant","Mỳ quảng vỉa hè","Quán ăn nhỏ"
"restaurant","HUCHI Panda - Nước ép/Sinh tố/Fastfood/Đồ ăn vặt","Nhà hàng"
"restaurant","Quán Ốc Đêm A Tâm","Quán ăn nhỏ"
"restaurant","Trà Sữa Bé Ni Quán","Trà trân châu"
"restaurant","Phá Lấu Bò và Bột Chiên Chú Năm","Quán ăn nhỏ"
"restaurant","Nhà Hàng Quán Ăn Đại Dê","Nhà hàng"
"restaurant","Quán Nước Lấp Ló","Quán cà phê"
"restaurant","Pepino coffee","Quán cà phê"
"restaurant","PheLeTea","Quán cà phê"
"restaurant","Cafe bin","Quán cà phê"
"restaurant","Yes Cafe KTX","Quán cà phê"
"restaurant","KENBAR- Coffee HỌC BÀI & CLB Bida","Quán cà phê"
"restaurant","AC COFFEE","Quán cà phê"
"restaurant","Container Coffee","Quán cà phê"
"restaurant","Cafe H&T","Quán cà phê"
"restaurant","Bắp Bắp- Nước ép, sinh tố, trà@ cafe","Quán cà phê"
"restaurant","Cafê Sinh Vật Cảnh","Quán cà phê"
"restaurant","Trà Sữa & Cà Phê Green Tea","Quán cà phê"
"restaurant","Sam Houses | tea & coffee","Quán cà phê"
"restaurant","Cafe Trà Sữa Xen Xù","Quán cà phê"
"restaurant","Chuông Tre Coffee","Quán cà phê"
"restaurant","Cafe Yes - Trần Hưng Đạo | Cafe làm việc Dĩ An | Cafe view đẹp gần đây","Quán cà phê"
"restaurant","ASPEN Coffee Võng- Sân Vườn","Quán cà phê"
"restaurant","Cafe Bao Khanh","Quán cà phê"
"restaurant","Cafe Bin - Đường Số 8","Quán cà phê"
"restaurant","Cơm Tấm - Bún Thịt Nướng Hong","Quán ăn nhỏ"
"restaurant","Chìu Coffee","Quán cà phê"
"restaurant","Cà phê võng","Quán cà phê"
"restaurant","Cafe Trần Tâm","Quán cà phê"
"restaurant","CAM Coffee and Mood","Quán cà phê"
"restaurant","86 Cafe & MilkTea","Quán cà phê"
"restaurant","Quán Càfe Cát Tường","Quán cà phê"
"restaurant","Trà sữa Nhà Khỉ","Quán cà phê"
"restaurant","Ken House Coffee","Quán cà phê"
"restaurant","Xóm Coffee","Quán cà phê"
"restaurant","NAYN Cafe","Quán cà phê"
"restaurant","CAFE MÂY TRẮNG","Quán cà phê"
"restaurant","Cafe Võng Nước Mía","Quán cà phê"
"restaurant","M.E.R coffee & dessert","Quán cà phê"
"restaurant","Quán Nước Giải Khát Cô Nǎm","Quán cà phê"
"restaurant","Bình Minh Ơi ! Cà phê sân thượng - điểm tâm cơm trưa","Quán cà phê"
"restaurant","Quán Cafe 39","Quán cà phê"
"restaurant","Cafe 68","Quán cà phê"
"restaurant","Trà sữa Bon Bon 2","Quán cà phê"
"restaurant","Nước Mía Sầu Riêng - Dĩ An","Quán cà phê"
"restaurant","Cafe Acoustic","Quán cà phê"
"restaurant","Coffee 24Hours | Quán cafe Thủ Đức | Quán cà phê Thủ Đức đẹp","Quán cà phê"
"restaurant","Twitter Beans Coffee Giảng Võ","Cửa hàng cà phê"
"restaurant","Quán Cậu Ba","Quán cà phê"
"restaurant","THÙNG PHI COFFEE-(H.LINH)","Quán cà phê"
"restaurant","Phê La - Đặng Tiến Đông","Quán cà phê"
"restaurant","Quán phở Hoàng Long","Quán ăn nhỏ"
"restaurant","MÊ LINH 24H- Coffee Tea ( CN2)","Quán cà phê"
"restaurant","Cafe điểm hẹn","Quán cà phê"
"restaurant","NÂU - Trà và Cafe","Quán cà phê"
"restaurant","Quán cafe MOON COFFEE & TEA","Quán cà phê"
"restaurant","Cafe cóc linh xuân","Quán cà phê"
"restaurant","Kios 10","Quán cà phê"
"restaurant","Cà Phê Võng Tan Trong Hai Ba Trung","Quán cà phê"
"restaurant","Hải Sản Cây Keo","Nhà hàng"
"restaurant","MÊ LINH 24H coffee tea ( CN1)","Quán cà phê"
"restaurant","Cà Phê Hoa Sứ","Quán cà phê"
"restaurant","Quán Cafe Ghita Dĩ An","Quán cà phê"
"restaurant","Ốc vỉa hè","Nhà hàng hải sản"
"restaurant","Coffee Vỉa Hè","Quán cà phê"
"restaurant","Cà Phê vỉa hè Hàng Dương","Quán cà phê"
"restaurant","Quán Vỉa Hè","Nhà hàng"
"restaurant","Vỉa hè quán","Nhà hàng chuyên phục vụ bữa nửa buổi"
"restaurant","Vỉa Hè Quán","Quán cà phê"
"restaurant","ĐẶNG VIRING FARM VIETNAMESE SPECIALTY COFFEE","Quán cà phê"
"restaurant","QUÁN SUSHI GÕ VỈA HÈ","Nhà hàng Nhật Bản"
"restaurant","HẢI SẢN VỈA HÈ BÌNH CHÁNH","Nhà hàng hải sản"
"restaurant","Phạm coffee & tea","Quán cà phê"
"restaurant","Quán Cơm 2 Anh Em","Nhà hàng gia đình"
"restaurant","Quán Ăn Thanh Loan","Nhà hàng"
"restaurant","Quán ăn gia đình Tư Minh","Nhà hàng gia đình"
"restaurant","Phở An","Quán ăn nhỏ"
"restaurant","BÚN BÒ TRÀ MY | CƠM PHẦN NGON DĨ AN | BÚN BÒ NGON DĨ AN","Quán ăn nhỏ"
"restaurant","Quán lẩu bò Út Phương","Quán ăn nhỏ"
"restaurant","Quán Cơm Gà Trình 52 I Cơm Gà Xé Phay Dĩ An I Cơm Gà Chiêm Mắm Dĩ An","Quán ăn nhỏ"
"restaurant","Cơm Tấm Hồng Phát I Quán Cơm Tấm KDC Bcons City I Cơm Tấm Ngon Dĩ An","Quán ăn nhỏ"
"restaurant","Quán Ăn","Nhà hàng"
"restaurant","Quán Cơm Bình Dân Ngọc Linh","Quán ăn nhỏ"
"restaurant","Quán Cơm Thành Ký","Nhà hàng"
"restaurant","Cơm chay thiện tâm an","Quán ăn nhỏ"
"restaurant","Quán ăn cá mập","Quán ăn nhẹ"
"restaurant","Tiệm Ăn Vặt HaRu","Nhà hàng"
"restaurant","Quán Lẩu Dê Dũng Mập","Quán ăn nhỏ"
"restaurant","HỦ TIẾU MỰC PHÚ QUÝ","Quán ăn nhỏ"
"restaurant","Quán Cơm Ngô Gia","Nhà hàng cơm"
"restaurant","Quán Chay Hằng Thiện","Nhà hàng cho người ăn chay"
"restaurant","Quán Tuyền","Nhà hàng điểm tâm"
"restaurant","Quán Phở Chị Mập","Nhà hàng"
"restaurant","Bún bò Huế đông tác","Quán ăn nhỏ"
"restaurant","Quán Ăn - Góc Phố","Nhà hàng"
"restaurant","Hệ Thống Bò City Dĩ An","Nhà hàng"
"restaurant","Quán Ăn Sáng "" Cô Hà ""","Nhà hàng chuyên phục vụ bữa sáng"
"restaurant","Quán Cơm Hoàn Ngọc","Nhà hàng cơm"
"restaurant","Tiệm ăn Chuyện Bún Mì Bò","Quán ăn nhỏ"
"restaurant","Lẩu Bò Hà Lan","Nhà hàng món lẩu"
"restaurant","Lẩu Đuôi Bò Phát Tài 2","Nhà hàng"
"restaurant","Hai Yen Restaurant","Nhà hàng Châu Phi"
"restaurant","Há Cảo - Ăn Vặt Cô Dung Dĩ An","Quán ăn nhỏ"
"restaurant","MÌ HOÀNH THÁNH LÂM GIA QUAN","Quán ăn nhỏ"
"restaurant","Quán Ăn Ngọc An","Nhà hàng"
"restaurant","Quán Ăn Cây Khế","Nhà hàng"
"restaurant","Lẩu chay Sinh Viên cơ sở 2","Nhà hàng cho người ăn chay"
"restaurant","Quán ốc 3 LÁ","Quán ăn nhỏ"
"restaurant","Quán Ăn Năm Sánh","Nhà hàng"
"restaurant","Quán vịt Thành Ngọc","Nhà hàng"
"restaurant","Quán Phở - Bún Bò (Nấu củi)","Quán ăn nhỏ"
"restaurant","BÁNH XÈO TÔM NHẢY BA THI","Nhà hàng"
"restaurant","Quán Bún Mắm Miền Tây Linh Xuân","Quán mì"
"restaurant","Quán Bún sườn bò 678","Quán ăn nhỏ"
"restaurant","Quán Ăn Gia Đình Linh Xuân Thôn","Nhà hàng"
"restaurant","Cá Gỗ Quán","Nhà hàng"
"restaurant","Cơm tấm Duy","Quán ăn nhỏ"
"restaurant","Quán Đồng Quê 397","Quán ăn nhẹ"
"restaurant","Quán ăn 3 Lộc","Nhà hàng chuyên phục vụ bữa sáng"
"restaurant","Ăn Vặt Hoài Thương","Nhà hàng"
"restaurant","Quán chay Tâm Đức Phát (Lẩu chay - Bún chay - Cơm tấm)","Nhà hàng cho người ăn chay"
"restaurant","Hủ tiếu 10k - Bình Cát Tiên","Quán ăn nhỏ"
"restaurant","Ship Đồ Ăn Thủ Đức Dĩ An","Nhà hàng"
"restaurant","Nhà hàng Công Xi | Phố bia Công Xi | Đặt tiệc Dĩ An | Nhà hàng Dĩ An | Nhà hàng phòng Vip Dĩ An","Quán bia sân vườn"
"restaurant","Quán phở Cô Hai","Quán ăn nhỏ"
"restaurant","LẨU THÁI SUMILK QUÁN","Quán ăn nhỏ"
"restaurant","Dê Núi Thảo Nguyên","Nhà hàng"
"restaurant","Bún Bò Bà Ba Đông Hòa Dĩ An","Quán ăn nhỏ"
"restaurant","Quán ăn Trung Tiến","Quán ăn nhỏ"
"restaurant","Quán Ốc Tí Nị","Nhà hàng"
"university","Trường Cao đẳng Kinh tế Hải Phòng","Trường đại học"
"university","Trường Đại học Hải Phòng","Đại học công lập"
"university","Đại học Quản lý và Công nghệ Hải Phòng","Trường đại học"
"university","Trường Đại Học Y Dược Hải Phòng","Trường y"
"university","Trường Đại học Hàng hải Việt Nam - Khu B","Trường đại học"
"university","Trường Cao đẳng VMU","Trường đại học"
"university","Trường Cao Đẳng Hàng Hải I","Trường cao đẳng cộng đồng"
"university","Duy Phương","Trường đại học"
"university","Trường Cao Đẳng Công Nghiệp Hải Phòng","Trường cao đẳng cộng đồng"
"university","Học Viện Quân Y","Trường đại học"
"university","VIỆN MÔI TRƯỜNG - ĐH HÀNG HẢI VN","Trường đại học"
"university","Nhà A Trường Đại Học Y Dược Hải Phòng","Trường đại học"
"university","Trường Cao đẳng Y tế Hải Phòng","Trường y"
"university","Hán ngữ Khai Tâm","Trung tâm giáo dục"
"university","Trường Đại học Hàng hải Việt Nam","Trường đại học"
"university","Trường cao đẳng Du lịch Hải Phòng","Tổ chức giáo dục"
"university","Trường Cao Đẳng Hàng Hải cơ sở 2","Trường cao đẳng cộng đồng"
"university","Trường cao đẳng Bách Nghệ Hải Phòng","Trường đại học"
"university","Trường Đại Học Y Hà Nội","Trường y"
"university","Khoa CNTT Trường Đại học Hàng hải Việt Nam","Khoa học thuật"
"university","Nhà A8","Trường đại học"
"university","Trung tâm Thông tin -Thư viện, Trường Đại học Hải Phòng","Trường đại học"
"university","Cổng trước Trường Đại Học Y Dược Hải Phòng","Trường đại học"
"university","Sân chạy Trường đại học Y Dược Hải Phòng","Trường đại học"
"university","Trường THCS Dương Quan","Trường THCS"
"university","Trường Đại học Công nghiệp Hà Nội","Trường đại học"
"university","Trường THCS Tân Dương","Trường THCS"
"university","Trường Cao Đẳng Công nghệ và Du lịch Bắc Nam","Trường cao đẳng cộng đồng"
"university","Nhà C1 Trường Đại Học Hàng Hải Việt Nam","Khoa học thuật"
"university","Trường Công Nhân Kỹ Thuật - Nhà Máy Đóng Tàu Bạch Đằng","Trường kỹ thuật"
"university","CAO ĐẲNG DUYÊN HẢI (CAO ĐẲNG KINH TẾ KỸ THUẬT CÔNG NGHIỆP)","Trường cao đẳng cộng đồng"
"university","Trung Tâm Anh Ngữ Quốc Tế","Trường đại học"
"university","Nhà B Trường Đại Học Y Dược Hải Phòng","Trường đại học"
"university","Biên IELTS","Trường đại học"
"university","Trường Cao Đẳng Nghề Lao Động - Xã Hội Hải Phòng","Trường đại học"
"university","Trung tâm Đào tạo Bồi dưỡng cán bộ - Trường Đại học Hải Phòng","Khoa học thuật"
"university","Trường Tiểu học Tân Dương","Trường tiểu học"
"university","Trung tâm Ứng dụng và Phát triển Công nghệ thông tin - CITAD","Trường đại học"
"university","Trường THPT Lương Thế Vinh","Trường trung học phổ thông"
"university","Khoa Kinh Tế - Trường đại học Hàng Hải Việt Nam","Khoa học thuật"
"university","Trường Cao đẳng Công nghệ, Kinh tế và Thủy sản","Trường cao đẳng cộng đồng"
"university","Trường THCS Lâm Động","Trường THCS"
"university","Nhà C , Đại học y dược Hải Phòng","Trường đại học"
"university","Trường Cao Đẳng Cộng Đồng Hải Phòng","Trường cao đẳng cộng đồng"
"university","Trường THCS Hùng Vương","Trường THCS"
"university","Câu Lạc Bộ Võ Thuật - Đại Học Y Dược Hải Phòng","Trường đại học"
"university","Trường THPT Hồng Bàng","Trường trung học phổ thông"
"university","Trường THCS Ngô Gia Tự","Trường THCS"
"university","Toán 7","Trường THCS"
"university","Trường Đại Học Sư Phạm Hà Nội","Trường đại học"
"university","Nhà C Trường Đại Học Y Dược Hải Phòng","Trường đại học"
"university","Trường THCS Trần Văn Ơn","Trường THCS"
"university","Trường Cao đẳng Công nghệ Viettronics","Trường cao đẳng cộng đồng"
"university","Trường THCS Hồng Bàng","Trường THCS"
"university","Trường THCS Lê Ích Mộc","Trường THCS"
"university","Trường THCS Kiền Bái","Trường THCS"
"university","Trường Tiểu Học Quán Toan","Trường tiểu học"
"university","Trung Tâm BDKT Hoa Phượng HP","Trường THCS"
"university","Trường Cao đẳng FPT Polytechnic","Trường bách khoa"
"university","Trường Đại học Thủ đô Hà Nội","Trường đại học"
"university","Trường Đại học Tổng hợp Hà Nội","Đại học công lập"
"university","Trường Tiểu học Nguyễn Huệ","Trường tiểu học"
"university","Trường Tiểu Học Nguyễn Du","Trường tiểu học"
"university","Trường Tiểu Học An Lư ( Khu B )","Trường tiểu học"
"university","Đại Học Bách Khoa Hà Nội","Đại học công lập"
"university","Chilling Space","Trường nghệ thuật"
"university","Trường Tiểu Học Thiên Hương - Khu B","Trường tiểu học"
"university","Khoa Đóng tàu / Faculty of Shipbuilding","Khoa học thuật"
"university","Tiểu học Thủy Đường","Trường tiểu học"
"university","Trường Trung Học Cơ Sở Quán Toan","Trường THCS"
"university","Trường THCS Võ Thị Sáu","Trường THCS"
"university","Trường Đại học Công nghệ, Đại học Quốc gia Hà Nội","Đại học kỹ thuật"
"university","Trường tiểu học Đại Bản 1","Trường tiểu học"
"university","Trường tiểu học Ngô Gia Tự","Trường tiểu học"
"university","Trường Đại Học Mở Hà Nội","Trường đại học"
"university","Trường Trung Cấp Bách Khoa Hải Phòng","Trường bách khoa"
"university","Trường Đại học Sư Phạm Kỹ Thuật Hưng Yên","Trường đại học"
"university","Trường THCS Vinschool Imperia Hải Phòng(TNV )","Trường THCS"
"university","New Dev","Trường đại học"
"university","Trường Cao Đẳng Y Hà Nội","Trường đại học"
"university","Trường Đại học Công nghiệp Quảng Ninh","Trường đại học"
"university","Trường Đại học Văn hóa Hà Nội","Trường đại học"
"university","Trường Đại Học Ngoại Thương-Cơ Sở Quảng Ninh","Đại học công lập"
"university","Trường Cao đẳng Kinh tế - Kỹ thuật Bắc Bộ","Trường kỹ thuật"
"university","Cổng sau ĐH Y HP","Trường đại học"
"university","Trường Đại học Sư Phạm Kỹ Thuật Hưng Yên cơ sở Hải Dương","Trường đại học"
"university","Trường TCĐ Phật Học Hải Phòng","Trường đại học"
"university","Trường Đại Học Hạ Long","Trường đại học"
"university","Khu tự học","Trường đại học"
"university","Nhà A4","Trường đại học"
"university","Trường Đại Học Hải Dương","Trường đại học"
"university","Trung tâm dạy tiếng Trung Quốc thầy Nghĩa","Đại học tư thục"
"university","Dự Án Đầu tư Xây Dựng Trường Trung Cấp Cao Đẳng Phật Học","Trường đại học"
"university","Trường Cao đẳng Kinh tế Kỹ thuật Công nghiệp","Trường cao đẳng nghề"
"university","Trường Đại học Hà Nội","Trường đại học"
"university","Trường cao đẳng kinh tế và Công nghệ thực phẩm- cơ sở 2.","Trường đại học"
"university","Trường THCS Hoàng Động","Trường THCS"
"university","Trường Cao đẳng Công nghệ số và Quản trị xanh Việt Nam (VTG College)","Trường cao đẳng cộng đồng"
"university","Trường THCS Lạc Viên","Trường THCS"
"university","Trường Cao Đẳng Duyên Hải","Trường ngoại ngữ"
"university","Viện Đào Tạo & Phát Triên Công Nghệ (IED)","Trường đại học"
"university","THCS Thủy Đường","Trường THCS"
"university","Trung tâm ngoại ngữ Quốc Tế Ocean Edu Thủy Nguyên","Trường dạy tiếng Anh"
"university","Trường Đại học Sư phạm Hà Nội 2 - Chi nhánh 2","Trường đại học"
"university","Trường Đại học Thủ đô Hà Nội","Đại học công lập"
"university","Trung tâm tiếng trung Huy Tường","Trung tâm giáo dục"
"university","BCD Center - Trung Tâm Ngoại Ngữ Thuỷ Nguyên","Trung tâm giáo dục"
"university","Du Học, Việc Làm Hàn Quốc","Trung tâm giáo dục"
"university","VG | DU HỌC LAO ĐỘNG HÀN QUỐC THỦY NGUYÊN","Trung tâm giáo dục"
"university","Gcademy Học Viện Thiết Kế Đồ Họa","Trường nghệ thuật"
"university","Học viện sáng tạo công nghệ TEKY - Hải Phòng","Trung tâm giáo dục"
"university","Công ty TNHH Giáo dục và Đào tạo Proteacher Army","Trung tâm giáo dục"
"university","Học Viện LEA","Trường dạy tiếng Anh"
"university","Trung tâm Đào tạo - Chỉ đạo tuyến","Trung tâm giáo dục"
"university","Học viện công nghệ CNET","Trường đào tạo máy tính"
"university","Ngoại Ngữ 68 - Cô Loan","Trung tâm giáo dục"
"university","PHAM. EDUCO","Trung tâm đào tạo"
"university","ALPHA Academy - Học viện học tập cá nhân hóa","Trung tâm giáo dục"
"university","Học Viện Tóc Đại Nguyễn","Cơ sở tôn giáo"
"university","Học viện đào tạo Nail-Mi JOHNNY NAM KIỆT","Trường dạy nghề"
"university","Học Viện Đào Tạo Pha Chế Shinlee - Hải Phòng","Trung tâm giáo dục"
"university","Trang Vi Education & Visa Du Học Định Cư","Trung tâm giáo dục"
"university","Học viện iT.vn cơ sở Hải Phòng","Trường đào tạo máy tính"
"university","Học viện Golf24H","Trung tâm đào tạo"
"university","Học viện Bờ Sông","Trung tâm giáo dục"
"university","Trung Tâm Tiếng Hàn - Du Học Hàn Quốc Hải Phòng Emmanuel Cơ Sở 4 Núi Đèo Thuỷ Nguyên","Trung tâm trường học"
"university","Trung tâm ngoại ngữ Panda Chinese","Trường ngoại ngữ"
"university","Trung tâm Anh Ngữ Candy cơ sở Vin Thượng Lý","Tổ chức giáo dục"
"university","Tiếng Trung Tri Tâm","Trường dạy tiếng Trung Quốc"
"university","Trung Tâm Ngoại Ngữ - Tin Học Việt Mỹ","Trường dạy tiếng Anh"
"university","Học Viện MYA Nail Hải Phòng","Trung tâm đào tạo"
"university","Học viện thẩm mỹ Doctor Kiệm Academy 92 Miếu Hai Xã","Trung tâm giáo dục"
"university","Học viện King Sejong Hải Phòng","Trường ngoại ngữ"
"university","Học Viện Đào Tạo Pha Chế PEPPER","Trung tâm đào tạo"
"university","Trung Tâm Tin Học PA","Trung tâm đào tạo"
"university","Học Viện Anh Ngữ Quốc Tế Tuệ Chính","Trường dạy tiếng Anh"
"university","LOGIN Lê Chân","Trung tâm giáo dục"
"university","Tiếng Trung Toàn Diện","Trường ngoại ngữ"
"university","TT NGOẠI NGỮ SCET HẠ LÝ HẢI PHÒNG","Trường dạy tiếng Anh"
"university","PhonicsPlay English Center - TRUNG TÂM TIẾNG ANH HÀNG ĐẦU TẠI AN DƯƠNG HẢI PHÒNG","Trường dạy tiếng Anh"
"university","Candy English - Trung Tâm Anh Ngữ Trẻ Em (cơ sở Vin Imperia)","Trường dạy tiếng Anh"
"university","Trung Tâm Anh Ngữ MES-Luyện IELTS Hải Phòng","Trung tâm trường học"
"university","Hàn ngữ Noah - Trung tâm Du học Hải Phòng","Trung tâm giáo dục"
"university","IELTS Mentor Hải Phòng","Trung tâm giáo dục"
"university","Trung Tâm Luyện Thi Ielts - Res Trần Phú","Trường dạy tiếng Anh"
"university","Trung tâm ngoại ngữ Quốc Tế Ocean Edu Kiến An","Trường dạy tiếng Anh"
"university","Anh ngữ & Du học AS Education","Tổ chức giáo dục"
"university","Trung tâm học Tiếng Trung, Tiếng Đức, Tiếng Hàn Hải Phòng AMANDA","Trường ngoại ngữ"
"university","Văn Phòng Đại Diện Học Viện Next Step Academy","Trung tâm đào tạo"
"university","Du Học Việt Âu","Trường đại học"
"university","Trung Tâm Anh Ngữ Candy - Thuỷ Nguyên","Trường dạy tiếng Anh"
"university","Hàn ngữ Seoul","Trung tâm đào tạo"
"university","Trung tâm Anh ngữ APEC","Trường dạy tiếng Anh"
"university","AMES ENGLISH Điện Biên Phủ","Trường dạy tiếng Anh"
"university","Trung tâm Anh ngữ Candy","Trường dạy tiếng Anh"
"university","Trường Tiểu học & THCS Việt - Anh","Trường học tư nhân"
"university","Học viện nông nghiệp Việt Nam","Trường đại học"
"university","AMES ENGLISH Thuy Nguyen Hai Phong","Trường dạy tiếng Anh"
"university","Học Viện Ngân Hàng","Trường đại học"
"university","MIA EDUCATION ACADEMY","Trung tâm giáo dục"
"university","J.Grace Academy ( Cơ sở 1)","Trung tâm giáo dục"
"university","Trung Tâm Ngoại Ngữ Đăng Lâm Academy","Trường ngoại ngữ"
"university","Luna Academy","Trường ngoại ngữ"
"university","Sanna Academy","Trung tâm giáo dục"
"university","UNICO - Maritime Academy","Trung tâm đào tạo"
"university","PEA ACADEMY trung tâm ngoại ngữ","Trung tâm giáo dục"
"university","Dustin Academy Haiphong","Trung tâm đào tạo"
"university","J.Grace Academy ( Cơ sở 3)","Trung tâm giáo dục"
"university","Coco English Academy Hải Phòng","Trường dạy tiếng Anh"
"university","LERA ACADEMY","Trung tâm giáo dục"
"university","Ylang Academy","Trường dạy tiếng Anh"
"university","Enspire Academy Lê Hồng Phong","Trung tâm giáo dục"
"university","Trung tâm ngoại ngữ T.E.D ACADEMY","Trường ngoại ngữ"
"university","Gehenna academy","Trung tâm giáo dục"
"university","Tiếng Anh Cô Thu - Academy Stars","Trường dạy tiếng Anh"
"university","Trung tâm ngoại ngữ NA ACADEMY","Trung tâm giáo dục"
"university","Trường cao đẳng nghề số 20/QK3 - Trụ sở chính","Trường cao đẳng nghề"
"university","Trường Cao đẳng nghề Bắc Nam","Trường dạy nghề"
"university","Trường Trung Cấp Nghề Kỹ Thuật Xi Măng","Trường kỹ thuật"
"university","Trường Cao Đẳng FPT Polytechnic - Hải Phòng","Trường cao đẳng nghề"
"university","Giảng đường B cao đẳng hàng hải hải phòng","Trường cao đẳng nghề"
"university","Trường Cao đẳng Công nghệ Bách khoa Hà Nội - Cơ Sở Hải Phòng","Tổ chức giáo dục"
"university","Trường Cao Đẳng Công Nghệ Kinh Tế Và Thủy Sản","Trường bách khoa"
"university","Trường Cao Đẳng Nghề Bắc Nam Trường Chinh","Trường dạy nghề"
"university","Trường Cao Đẳng Nghề Thủy Sản Miền Bắc","Trường kỹ thuật"
"university","Cao đẳng hằng hải","Trường cấp ba"
"university","Trường Cao Đẳng Cộng Đồng","Trường đại học"
"university","Trung tâm ĐT&SHLX số 1 - Trường Cao đẳng nghề số 20","Trường kỹ thuật"
"university","Trường Cao đẳng Kỹ thuật Hải Phòng","Trường cao đẳng nghề"
"university","Phòng tuyển sinh Trường cao đẳng FPT Polytechnic","Trung tâm giáo dục"
"university","Trường cao đẳng bách khoa hà nội","Trường bách khoa"
"university","Trường Cao đẳng Kinh tế Hải Phòng- Cơ sở 2","Trường đại học"
"university","Trường Cao đẳng Than - Khoáng sản Việt nam","Trường kỹ thuật"
"university","Trường Cao Đẳng Kinh Tế Công Nghệ Hà Nội Nội","Trường đại học"
"university","Phòng Tuyển Sinh - Trường Cao Đẳng Công Nghệ Viettronics","Trường đại học"
"university","Trường Cao đẳng Công nghiệp và Xây dựng","Trường kỹ thuật"
"university","Trường Cao đẳng Kinh tế và Công nghệ thực phẩm","Tổ chức giáo dục"
"university","Phòng Tuyển Sinh Cao đẳng Bách Nghệ","Trường học tư nhân"
"university","Trường Cao Đẳng Công Thương Việt Nam","Trường cao đẳng cộng đồng"
"university","Trường Cao đẳng nghề Bách Khoa Hà Nội","Trường cao đẳng nghề"
"university","Trường Cao đẳng Kỹ thuật - Công nghệ Bách Khoa (CTECH)","Trung tâm giáo dục"
"university","Trường Cao đẳng Hà Nội (HNC)","Trường cao đẳng/đại học sư phạm"
"university","Trường cao đẳng nghề xây dựng","Trường kỹ thuật"
"university","Trường Cao đẳng Cộng đồng Hà Nội","Trường cao đẳng cộng đồng"
"university","Trường Cao Đẳng Kỹ Thuật - Mỹ Nghệ VN","Trường kỹ thuật"
"university","Trường Cao đẳng nghề Long Biên","Trường dạy nghề"
"university","Trường Cao đẳng Bách khoa Hưng Yên","Trường đại học"
"university","Trường Cao đẳng Y Dược và Kinh tế Công nghệ","Trường y"
"university","Trường Cao đẳng Y khoa Hà Nội","Trường y"
"university","Cao Đẳng Netc","Tổ chức giáo dục"
"university","Trường Cao đẳng kỹ thuật công nghiệp Bắc Giang","Trường cao đẳng nghề"
"university","Trường Cao đẳng nghề Kinh tê Kỹ thuật Tô Hiệu Hưng Yên","Trường đại học"
"university","Trường Cao đẳng Truyền hình","Trường cao đẳng/đại học chính phủ"
"university","Trường Cao Đẳng Cơ Điện Và Thủy Lợi","Trường dạy nghề"
"university","Cao Đẳng Kinh tế Kỹ thuật Trung Ương","Trường đại học"
"university","Trường Cao đẳng Y tế Bạch Mai","Trường y"
"university","Trường Cao đẳng Công nghiệp Hưng Yên","Trường dạy nghề"
"university","Trường Cao đẳng Cơ điện và Công nghệ thực phẩm Hà Nội","Tổ chức giáo dục"
"university","Trường Cao Đẳng Công Nghệ Bách Khoa Hà Nội Cở Sở Thanh Trì","Trường đại học"
"university","Trường Cao Đẳng Cơ Điện Hà Nội, Cơ sở 2","Trường cao đẳng cộng đồng"
"university","Trường Cao Đẳng Nghề Cơ Điện ...","Tổ chức giáo dục"
"university","Trường Cao Đẳng Cơ điện Hà Nội (Cơ sở 6)","Trường đại học"
"university","Trường cao đẳng ctech","Trường đại học"
"university","Trường Cao đẳng Kinh tế Kỹ thuật và Công nghệ","Trường đại học"
"university","Trường Cao đẳng Cơ điện Hà Nội (Cơ sở 7)","Trường cao đẳng nghề"
"university","Trường Cao đẳng Công nghiệp Bắc Ninh - BCi","Trường dạy nghề"
"university","Trường Cao Đẳng Nghề Số 17","Trường dạy nghề"
"university","Trường Cao Đẳng Y Hà Nội","Tổ chức giáo dục"
"university","Trường Cao đẳng nghề Công nghệ Việt - Hàn Bắc Giang","Trường cao đẳng nghề"
"university","Trường Cao Đẳng Thống Kê","Trường cao đẳng cộng đồng"
"university","Trường Cao Đẳng Nghề Vinashin","Trường dạy nghề"
"university","Trường Cao Đẳng Công Thương Hà Nội (Cơ sở Đại Áng)","Trường cao đẳng nghề"
"university","Cao đẳng Kỹ thuật - Mỹ nghệ VN","Trường kỹ thuật"
"university","Trường Cao đẳng Y tế và Thiết bị Việt Đức","Trường dạy nghề"
"university","Trường Cao Đẳng Đường Sắt","Trường đại học"
"university","Trường Cao đẳng Công nghệ cao Hà Nội (Cơ sở 2 Vũ Hữu)","Trường bách khoa"
"university","Trường trung cấp nghề An Dương","Trường dạy nghề"
"university","Trường Cao Đẳng Nghề Hải Dương","Trường cao đẳng nghề"
"university","Trường Cao đẳng Nông lâm Đông Bắc","Trường cao đẳng cộng đồng"
"university","Trường cao đẳng sư phạm hải dương","Trường cao đẳng/đại học sư phạm"
"university","Trường cao đẳng nông lâm Đông Bắc (cơ sở 2)","Trường đại học"
"university","Sân trường Cao đẳng TKV","Trung tâm giáo dục"
"university","Trường Cao đẳng Du lịch và Công Thương","Trường cao đẳng nghề"
"university","Trường Cao đẳng Cơ giới Xây dựng","Trường cao đẳng cộng đồng"
"university","Trường Cao đẳng Công Thương Hà Nội","Trường cao đẳng cộng đồng"
"university","Trường Cao đẳng nghề Công nghiệp Hà Nội","Tổ chức giáo dục"
"university","Trường Cao Đẳng Y Dược Hà Nội","Trường y"
"university","Trường Cao đẳng Kinh tế - Kỹ thuật Thương mại","Trường đại học"
"university","Trường Cao đẳng Cộng Đồng Hưng Yên","Trường đại học"
"university","Trường Cao Đẳng Y Dược Tuệ Tĩnh Hà Nội","Trường y"
"university","Trường Cao Đẳng Nghề Simco Sông Đà","Trường dạy nghề"
"university","Trường Cao đẳng Y tế Hà Nội","Trường y"
"university","Trường Cao Đẳng Y Tế Hưng Yên","Trường đại học"
"university","Trường Cao Đẳng Y Tế Hà Đông","Trường y"
"university","Trường Cao Đẳng Kỹ Thuật Nghiệp Vụ Hà Nội","Trường cao đẳng/đại học chính phủ"
"university","Trường Cao Đẳng Dược Hà Nội","Trường y"
"university","TRƯỜNG CAO ĐẲNG NGOẠI NGỮ VÀ CÔNG NGHỆ VIỆT NAM","Trường cao đẳng cộng đồng"
"university","Trường Cao Đẳng Kinh Tế Công Nghiệp Hà Nội","Trường kỹ thuật"
"university","Trường Cao Đẳng Xây dựng Số 1","Trường đại học"
"university","Maritime College No1","Tổ chức giáo dục"
"university","Trung Tâm Havina","Trung tâm giáo dục"
"university","Khu gửi xe","Trường đại học"
"university","Trường Tiểu Học Nguyễn Tri Phương","Trường tiểu học"
"university","Trường Cao Đẳng Cộng Đồng Hà Tây","Trường cao đẳng cộng đồng"
"university","Trường Cao đẳng Vĩnh Phúc","Trường cao đẳng/đại học sư phạm"
"university","Cao đẳng Y tế Thái Bình - Thaibinh Medical College","Trường đại học"
"university","Trường Cao đẳng Thái Nguyên","Đại học công lập"
"university","Trường Cao đẳng Giao thông vận tải Trung ương I","Trường đại học"
"university","Trường Cao đẳng Hàng hải và Đường thủy I (Cơ sở: Phường Nam Đồng)","Trường công lập"
"university","Trường Cao đẳng Sư phạm Thái Bình","Trường đại học"
"university","Trường Cao đẳng Kỹ thuật - Công nghệ Vĩnh Phúc","Trường cao đẳng/đại học chính phủ"
"university","Brighton College Vietnam","Trường liên cấp tiểu học và trung học"
"university","Trường Cao đẳng Y tế Hà Nam","Trường đại học"
"university","Pegasus International College (Trường cao đẳng Quốc tế Pegasus cơ sở Hà Nội)","Trường đại học"
"university","Trường Cao đẳng Thương mại và Du lịch Hà Nội","Trường cao đẳng cộng đồng"
"university","Trường Bồi dưỡng cán bộ Kinh tế - Tài chính","Trường cao đẳng/đại học chính phủ"
"university","Trường Cao đẳng Cơ điện Hà Nội (Cơ sở 4)","Trường đại học"
"university","Trường cao đẳng công nghệ Bắc Hà","Trường đại học"
"university","Trường Trung Cấp Cộng đồng Hà Nội","Trường dạy nghề"
"university","Trường Cao đẳng Công Nghệ Bách Khoa Hà Nội","Trường đại học"
"university","Trường Cao Đẳng Nghệ Thuật Hà Nội","Trường nghệ thuật"
"university","Trường Cao đẳng Công nghiệp Quốc phòng","Trường đại học"
"university","Trường Cao đẳng Sư phạm Nam Định","Trường đại học"
"university","Trường Cao đẳng Cơ điện và Xây Dựng Bắc Ninh","Trường đại học"
"university","Trường Cao đẳng Kinh tế Công nghệ Hà Nội","Trường cao đẳng cộng đồng"
"university","Trường Cao đẳng Công Nghiệp In","Trường đại học"
"university","Trường Cao Đẳng Đại Việt","Trường đại học"
"university","Cao Đẳng Nghề Mỏ Hồng Cẩm","Trường đại học"
"university","Trường Cao đẳng Cơ điện Xây dựng Việt Xô","Trường cao đẳng/đại học chính phủ"
"university","Trường Cao Đẳng Viglacera","Trường dạy nghề"
"university","Cao Đẳng Văn Lang","Tổ chức giáo dục"
"university","Trường Cao đẳng Sư phạm Trung ương","Trường đại học"
"university","Trường Trung Cấp Nghề Tổng Hợp Hà Nội","Trường dạy nghề"
"university","AP Education Group (AEG)","Trung tâm giáo dục"
"university","Trung Tâm Anh Ngữ SCES","Trường dạy tiếng Anh"
"university","Hanoi Connection - Cơ sở An Đồng, An Dương, Hải Phòng","Trường dạy tiếng Anh"
"university","PEC Building - Trung tâm Anh ngữ Quốc tế PEC CS 149 Tô Hiệu","Trung tâm giáo dục"
"university","Công ty TNHH TCS EDUCATION","Trung tâm trường học"
"university","Trường THPT Ngô Quyền","Trường cấp ba"
"university","Trung tâm ngoại ngữ Quốc Tế Ocean Edu An Dương","Trường dạy tiếng Anh"
"university","Trung Tâm","Trường dạy tiếng Anh"
"university","Tiếng Trung Kỳ Lân","Trường ngoại ngữ"
"university","MS TRANG IELTS HẢI PHÒNG","Trường dạy tiếng Anh"
"university","Trung tâm Anh Ngữ Quốc Tế PEC CS 41-45 Lạch Tray","Trường dạy tiếng Anh"
"university","Trung Tâm Du Học Hàn Quốc TGT Hải Phòng","Trường ngoại ngữ"
"university","IELTS Fighter - Ms Hoa Junior Trần Nguyên hãn","Trường dạy tiếng Anh"
"university","Trường THPT Thái Phiên","Trường cấp ba"
"university","Du học và nhân lực quốc tê HURECO","Trung tâm giáo dục"
"university","ESL tutor","Trường dạy tiếng Anh"
"university","Trường THCS Tân Tiến","Trường THCS"
"university","Trung tâm Anh ngữ Quốc tế GIGI","Trường ngoại ngữ"
"university","Trung Tâm Anh Ngữ Popodoo Hải Phòng","Trường dạy tiếng Anh"
"university","Trung Tâm Ngoại Ngữ Wecan Hải Phòng Chất Lượng Cao","Trường ngoại ngữ"
"university","Anh ngữ Newton Thủy Nguyên","Trường dạy tiếng Anh"
"university","Trung tâm Anh ngữ Newlife Hải Phòng","Trung tâm giáo dục"
"university","Apollo English Imperia","Trường dạy tiếng Anh"
"university","Trường THCS Nguyễn Văn Cừ","Trường THCS"
"university","HT luyện thi và tiếng anh học thuật ESA","Trường dạy tiếng Anh"
"university","Trung Tâm Ngoại Ngữ Việt Mỹ Global - Tiếng Anh - Hồng Bàng Hải Phòng","Trường dạy tiếng Anh"
"university","Trung Tâm Luyện Thi Ielts Tại Hải Phòng - GIABAO EDU","Trường dạy tiếng Anh"
"university","Du học Đông Phong","Trường ngoại ngữ"
"university","TIA - Trung tâm Anh ngữ luyện thi SAT & IELTS Hải Phòng","Trung tâm giáo dục"
"university","IELTS Fighter - Ms Hoa Junior Lạch Tray, Hải Phòng","Trường ngoại ngữ"
"university","Trường THCS Hợp Thành","Trường THCS"
"university","Trung tâm Anh Ngữ HuyenIELTS","Trường dạy tiếng Anh"
"university","Trung Tâm Apollo English Hai Bà Trưng","Trường ngoại ngữ"
"university","Trường THCS Tràng Cát","Trường THCS"
"university","Trường Trung Học Cơ Sở Hiền Giang","Trường THCS"
"university","CAO ĐẲNG CÔNG THƯƠNG QUỐC TẾ","Tổ chức giáo dục"
"university","Trường Trung cấp Quang Trung","Trường cao đẳng cộng đồng"
"university","Trường THCS Đông Kết","Trường THCS"
"university","Trường THCS Nguyễn Thiện Thuật","Trường THCS"
"university","Trường trung học cơ sở Mễ Sở","Trường THCS"
"university","Trung tâm Giáo dục Kỹ thuật Tổng hợp số 2","Trường cao đẳng cộng đồng"
"university","THCS An Vĩ","Trường THCS"
"university","Trung Tâm Anh Ngữ Hành Tinh","Trường dạy tiếng Anh"
"university","Trường THCS Phú Minh","Trường THCS"
"university","Trường THCS Duyên Thái","Trường THCS"
"university","Trường Trung Học Cơ Sở Khai Thái","Trường cấp ba"
"university","Berkeley City College","Trường cao đẳng cộng đồng"
"university","Mesa Community College","Trường cao đẳng cộng đồng"
"university","Trường THCS Văn Đức","Trường THCS"
"university","San Diego City College","Trường đại học"
"university","Trường Tiểu Học Vĩnh Xá","Trường liên cấp tiểu học và trung học"
"university","Paradise Valley Community College","Trường cao đẳng cộng đồng"
"university","Phoenix College","Trường cao đẳng cộng đồng"
"university","Đại học Cần Thơ","Đại học công lập"
"university","Đại Học Y Dược Cần Thơ","Trường đại học"
"university","Trường cao đẳng Đại Việt thành phố Cần Thơ","Trường đại học"
"university","Trường Đại học Kỹ thuật - Công nghệ Cần Thơ","Trường đại học"
"university","Trường Đại học Cảnh sát nhân dân (Cơ sở 3)","Trường đại học"
"university","Trường Đại học Kiến Trúc Thành phố Hồ Chí Minh - Trung tâm Đào tạo TP.Cần Thơ","Trường đại học"
"university","Trường Cao đẳng Y tế Cần Thơ","Trường đại học"
"university","Trường Trung cấp Miền Tây","Trường đại học"
"university","Trường Kinh Tế - Trường Đại học Cần Thơ","Trường đại học"
"university","Cổng Chào Trường Đại Học Nam Cần Thơ","Trường đại học"
"university","Luyện thi đại học Đạt Lắm","Trung tâm giáo dục"
"university","Trường Đại học Nam Cần Thơ","Trường đại học"
"university","Khu E Đại học Nam Cần Thơ","Trường đại học"
"university","Cần Thơ","Trường cao đẳng nghề"
"university","Trường Đại Học Tây Đô","Trường đại học"
"university","Cổng Cửa Tiểu - Cửa Đại","Trường đại học"
"university","Trường Cao đẳng Kinh tế - Kỹ thuật Cần Thơ","Trường cao đẳng nghề"
"university","Trường Cao đẳng Nghề Cần Thơ","Trường cao đẳng nghề"
"university","Khoa Sư Phạm Trường Đại Học Cần Thơ","Tổ chức giáo dục"
"university","Trường Thủy sản - Trường Đại học Cần Thơ","Khoa học thuật"
"university","Cổng Hàm Luông","Trường đại học"
"university","Trường Cao đẳng Văn hóa Nghệ thuật Cần Thơ","Trường đại học"
"university","Ký túc xá Đại học FPT Cần Thơ","Trường đại học"
"university","Khoa Y","Khoa học thuật"
"university","Trường Nông nghiệp - Trường Đại Học Cần Thơ","Khoa học thuật"
"university","Khoa Kỹ thuật Thủy lợi, Trường Bách khoa, Đại học Cần Thơ","Trường bách khoa"
"university","Trường Cao đẳng kinh tế kĩ thuật bách khoa","Trường đại học"
"university","FPT University","Trường đại học"
"university","Khoa Y tế công cộng","Khoa học thuật"
"university","Cổng Định An","Trường đại học"
"university","Học Tiếng Anh Thật Dễ","Trường đại học"
"university","Trung tâm Ngoại ngữ Trường Đại học Cần Thơ","Trường ngoại ngữ"
"university","Cơ Sở Luyện Thi Đại Học Hà Phương","Trung tâm luyện thi"
"university","Trại thực nghiệm Nông Nghiệp Đại học Cần Thơ","Trường đại học"
"university","Trường Đại học Xây dựng miền Tây - Cơ sở Cần Thơ","Tổ chức giáo dục"
"university","Dạy đàn Cần Thơ","Nhạc viện"
"university","Trường Công Nghệ Thông Tin và Truyền Thông (CTU)","Khoa học thuật"
"university","Khoa Điều Dưỡng","Trường đại học"
"university","Trung tâm Ngoại ngữ - Trường Đại học Cần Thơ","Trung tâm giáo dục"
"university","Khu phức hợp Phòng thí nghiệm - ĐHCT","Khoa học thuật"
"university","Khoa Sau đại học","Khoa học thuật"
"university","Trường Cao Đẳng Kinh tế Đối ngoại (Cơ sở Cần Thơ)","Trường đại học"
"university","VPĐ Trường Nông Nghiệp, Đại học Cần Thơ","Trường đại học"
"university","Trường Quốc tế Hoà Bình","Trường quốc tế"
"university","Trường THPT Thực Hành Sư Phạm","Trường trung học phổ thông"
"university","Nhà Học B1","Tổ chức giáo dục"
"university","Pong ơi Music","Trường nghệ thuật"
"university","Trường THCS Long Hoà","Trường THCS"
"university","Phòng Đào tạo - Trường Đại học Cần Thơ","Trường đại học"
"university","Khoa Dự bị Dân tộc","Khoa học thuật"
"university","Trường THCS Trúc Lâu","Trường THCS"
"university","Trường THCS Bình Thủy","Trường THCS"
"university","Toà nhà công nghệ cao","Trường đại học"
"university","Cơ Sở Luyện Thi Đại Học Hồng Phúc","Tổ chức giáo dục"
"university","Khu A, B - Đại học Nam Cần Thơ","Trường đại học"
"university","Thầy Châu Toán Lý","Trung tâm giáo dục"
"university","Trung tâm Ngoại ngữ Trường Đại học Cần Thơ","Trung tâm giáo dục"
"university","TRƯỜNG TH, THCS VÀ THPT QUỐC VĂN CẦN THƠ","Trường liên cấp tiểu học và trung học"
"university","Trung tâm Học liệu","Trung tâm giáo dục"
"university","Nhà Học D1","Khoa học thuật"
"university","Trung Tâm Đào Tạo Nghiên Cứu Và Tư Vấn Kinh Tế","Trường đại học"
"university","Khoa Kỹ thuật Y học","Trường đại học"
"university","Trường Tiểu Học Long Hòa 2","Trường tiểu học"
"university","Trường THCS An Khánh","Trường THCS"
"university","Khoa Khoa học Tự nhiên","Khoa học thuật"
"university","Viện Nghiên cứu Biến đổi Khí hậu - Đại học Cần Thơ","Viện nghiên cứu"
"university","Nhà Hiệu bộ","Trường đại học"
"university","Trường tiểu học Long Hoà 1","Trường tiểu học"
"university","Trường THCS An Thới","Trường THCS"
"university","Khoa Khoa học Xã hội & Nhân văn","Khoa học thuật"
"university","Trường THPT Bình Thủy","Trường trung học phổ thông"
"university","Trường Trung Cấp Hồng Hà TP.Cần Thơ","Trường dạy nghề"
"university","Thường thạch","Trường đại học"
"university","Ký túc xá ĐHYDCT","Trường đại học"
"university","KTX B8 ĐH Cần Thơ","Trường đại học"
"university","Greenwich Việt Nam - Cơ sở Cần Thơ","Trường đại học"
"university","Khoa Môi trường và Tài nguyên thiên nhiên","Trường đại học"
"university","Không gian sáng chế (MIS-CTU)","Trường đại học"
"university","PTN Động lực học và điều khiển - ĐHCT","Trường đại học"
"university","Bộ môn Khoa học Môi trường - Khoa MT & TNTN","Trường đại học"
"university","Trường Tiểu học Võ Trường Toản","Trường tiểu học"
"university","Tiếng Anh Dễ Mà","Trường dạy tiếng Anh"
"university","Nhà học KH","Trường đại học"
"university","Department of Automation Technology, College of Engineering Technology","Trường đại học"
"university","Trường Cao Đẳng Sư Phạm Cần Thơ","Trường đại học"
"university","Dãy phòng thực hành Hoá học KH3 KHTN","Trường đại học"
"university","PTN Công trình thuỷ - Trường Bách Khoa","Trường đại học"
"university","KTX A, Toà B1","Trường đại học"
"university","Trường Trung Cấp Y Dược Mekong","Trường đại học"
"university","Nhà Cô Hoà Dạy Ngữ Văn","Trường THCS"
"university","Cao đẳng Việt Mỹ Cần Thơ","Trường cao đẳng/đại học tư thục"
"university","Trường Tiểu Học Long Tuyền 2","Trường tiểu học"
"university","Tòa Gamma ĐH FPT Cần Thơ","Trường đại học"
"university","Trường Cao đẳng Du lịch Cần Thơ","Trường dạy nghề"
"university","TRƯỜNG TRUNG CẤP QUỐC TẾ MEKONG","Trường dạy nghề"
"university","Trường Cao Đẳng Đại Việt Sài Gòn cơ sở Cần Thơ liên kết","Tổ chức giáo dục"
"university","Trung Tâm Liên Kết Đào Tạo - Tuyển Sinh, Trường Cao Đẳng Cần Thơ","Trường dạy nghề"
"university","Trung Tâm Tin Học Cần Thơ","Trung tâm giáo dục"
"university","Ctech","Trung tâm giáo dục"
"university","Trường Cao đẳng Kỹ thuật – Công nghệ Bách Khoa (CTECH)","Trường cao đẳng nghề"
"university","Trường Cao Đẳng Tây Đô","Trường cao đẳng nghề"
"university","Giảng đường 1, Trường Cao đẳng Cần Thơ","Trường đại học"
"university","Trường Cao đẳng Công nghệ Y - Dược Việt Nam","Trường cao đẳng nghề"
"university","Trường Cao Đẳng Phạm Ngọc Thạch Cần Thơ","Trường đại học"
"university","Trường Cao Đẳng Cơ Điện Và Nông Nghiệp Nam Bộ","Trường cao đẳng cộng đồng"
"university","Trường Cao Đẳng Công Nghệ - Ngoại Thương","Trường cao đẳng/đại học chính phủ"
"university","Giảng đường 2, trường Cao đẳng Cần Thơ","Tổ chức giáo dục"
"university","Phòng Quản lý đào tạo - Trường Cao Đẳng Cần Thơ","Trường kỹ thuật"
"university","Cao Đẳng Anh Quốc BTEC FPT","Trường cao đẳng nghề"
"university","Trung Tâm Ngoại Ngữ - Tin Học, Trường Cao Đẳng Cần Thơ","Trường ngoại ngữ"
"university","Nhà học A4, Trường Cao Đẳng Cần Thơ","Trường đại học"
"university","Trường THPT An Khánh","Trường cấp ba"
"university","Văn phòng đoàn thanh niên Trường Cao đẳng Cần Thơ","Trường đại học"
"university","Trường Cao Đẳng Cộng Đồng Hậu Giang","Trường cao đẳng cộng đồng"
"university","Trường Trung Học Cao Đẳng FPT","Trường học tư nhân"
"university","Trường Cao đẳng nghề Vĩnh Long","Trường cao đẳng nghề"
"university","Trường Đại Học Võ Trường Toản","Trường cao đẳng/đại học tư thục"
"university","Trường Cao Đẳng Kinh Tế - Kỹ Thuật Cơ Sở 2","Trường dạy nghề"
"university","Văn phòng Hải Phong","Trung tâm giáo dục"
"university","Trường Cao đẳng Long An - Cơ sở Cần Giuộc","Trường cao đẳng cộng đồng"
"university","Trường Cao đẳng Công nghệ Thủ Đức","Trường cao đẳng cộng đồng"
"university","Trường Cao Đẳng Quốc Tế Sài Gòn","Trường cao đẳng/đại học tư thục"
"university","Trường Cao Đẳng Nghề Long An Quốc Lộ 1, Phường 5","Trường đại học"
"university","Trường Cao Đẳng Công Nghệ Sài Gòn","Tổ chức giáo dục"
"university","Trường Cao đẳng Kỹ thuật Cao Thắng","Trường cao đẳng nghề"
"university","Trường Cao đẳng Quốc Tế TP.HCM","Trường đại học"
"university","Toà A2 FPT","Trường cao đẳng cộng đồng"
"university","Trường Cao đẳng Công nghệ TP.HCM","Trường cao đẳng cộng đồng"
"university","Trường Cao đẳng Long An","Trường cao đẳng cộng đồng"
"university","Trường Cao Đẳng Long An Cơ Sở Đức Hòa","Trường đại học"
"university","Trường Cao đẳng Kinh tế Kỹ thuật Thủ Đức","Trường cao đẳng cộng đồng"
"university","Trường Cao đẳng Long An - Cơ sở Bến Lức","Trường cao đẳng nghề"
"university","Học Viện Hani","Trung tâm giáo dục"
"university","Trung tâm Toán tư duy - Ngoại ngữ Vinabacus Cần Thơ","Trung tâm học hành"
"university","Nhật Ngữ FIC Asahi - Cần Thơ","Trường ngoại ngữ"
"university","Tiếng Hoa Cần Thơ","Trung tâm giáo dục"
"university","Trung Tâm Thành Công","Tổ chức giáo dục"
"university","Toán trí tuệ GeniusKid (Vietmy Education) & GO Global Education","Trung tâm giáo dục"
"university","TRUNG TÂM ANH NGỮ IELTS VIỆT","Trung tâm giáo dục"
"university","Học Viện Chính Trị Khu Vực IV","Tổ chức giáo dục"
"university","Tiếng Nhật Cần Thơ - Nhật Ngữ Minh Lan","Trường ngoại ngữ"
"university","IELTS MS CHAU ( Anh Ngữ IMC)","Trường dạy tiếng Anh"
"university","TRUNG TÂM HOA NGỮ ĐẠI THÀNH - CẦN THƠ","Trường ngoại ngữ"
"university","Trung Tâm Anh Ngữ Việt Mỹ VATC Cần Thơ","Tổ chức giáo dục"
"university","Trung tâm Ngoại Ngữ Uyên Bác","Trung tâm giáo dục"
"university","Trung tâm Anh Ngữ Gia Việt - Trụ sở chính","Tổ chức giáo dục"
"university","Học Viện Hành Chính - Chính Trị","Trường sau đại học"
"university","Trường học công nghệ MindX Cần Thơ - MindX Technology School","Tổ chức giáo dục"
"university","Nhật ngữ Minh Tú Cần Thơ","Trường ngoại ngữ"
"university","Trung tâm dạy nghề Màu Hoa Đỏ","Trung tâm đào tạo"
"university","Viện Nghiên Cứu Và Phát Triển Công Nghệ Sinh Học","Viện nghiên cứu"
"university","Gia sư tiếng Hàn Cần Thơ","Trường ngoại ngữ"
"university","Trung tâm Ngoại ngữ Quốc tế DEC","Trung tâm giáo dục"
"university","Trung Tâm Ngoại Ngữ New Windows","Trường ngoại ngữ"
"university","Viện Công nghệ sinh học và Thực phẩm","Viện nghiên cứu"
"university","Trung Văn Cần Thơ - Dạy tiếng Trung uy tín tại Cần Thơ","Tổ chức giáo dục"
"university","Viện NC&PT Công Nghệ Sinh Học","Khoa học thuật"
"university","Anh Ngữ Quốc Tế SSA Cần Thơ","Trường dạy tiếng Anh"
"university","Wiser English - Luyện Thi TOEIC, B1 VSTEP, Anh Văn Giao Tiếp Cần Thơ","Trường dạy tiếng Anh"
"university","Học viện Spa Thanh Huyền - Cần Thơ","Trung tâm giáo dục"
"university","Dạy Đàn Organ Cần Thơ - Trung tâm đào tạo đàn Organ Tuấn Kiệt","Trung tâm đào tạo"
"university","Trung Tâm Ngoại Ngữ FME - Fabulous Mekong","Trường ngoại ngữ"
"university","Trung tâm Ngoại ngữ ISEE Cần Thơ - Cơ sở Trần Hưng Đạo","Trung tâm giáo dục"
"university","Hướng Nghiệp Á Âu","Trung tâm đào tạo"
"university","Trung Tâm Anh Ngữ Âu Việt Mỹ Cần Thơ","Tổ chức giáo dục"
"university","Trung Tâm Dạy Nghề Nhã Thành","Trường kỹ thuật"
"university","Trung Tâm Chí Dũng","Tổ chức giáo dục"
"university","Trung tâm Anh ngữ Điểm 10","Trung tâm đào tạo"
"university","Anh Ngữ D2D - B1 Cần Thơ, TOEIC Cần Thơ, B2, IELTS, Giao tiếp Online & Offline","Trung tâm luyện thi"
"university","Trung tâm Giáo dục Nghề nghiệp Thẩm mỹ FOB","Trường dạy nghề"
"university","TRUNG TÂM GIÁO DỤC NGÔN NGỮ HÀN QUỐC CẦN THƠ","Trường ngoại ngữ"
"university","Trung Tâm ngoại ngữ Minh Anh","Trung tâm giáo dục"
"university","Trường Tiểu Học Kim Đồng","Trường tiểu học"
"university","Trung tâm Anh ngữ Res - Chi nhánh Cần Thơ","Trường ngoại ngữ"
"university","Bếp Bar Mrs.Tuyet","Trường dạy nghề"
"university","Học viện Hàn ngữ Hani","Tổ chức giáo dục"
"university","VIBE ACADEMY","Trường dạy nghề"
"university","VMS Academy","Trung tâm giáo dục"
"university","TRUNG TÂM NGOẠI NGỮ IDB ACADEMY","Trung tâm giáo dục"
"university","LIC Academy (Hoa Ngữ - Hàn Ngữ)","Trung tâm giáo dục"
"university","Cao Đẳng Sài Gòn","Trường cao đẳng/đại học tư thục"
"university","Trường cao đẳng nông nghiệp Nam Bộ","Trường cao đẳng cộng đồng"
"university","Trường Cao đẳng nghề TP.HCM","Trường đại học"
"university","Trường cao đẳng nghề Tp.HCM","Trường cao đẳng cộng đồng"
"university","Trường Cao đẳng Đà Lạt","Trường đại học"
"university","InterGreat Cantho","Trường dạy tiếng Anh"
"university","Swinburne Vietnam Alliance Program - Can Tho city location","Trường đại học"
"university","TRƯỜNG TRUNG CẤP NGOẠI THƯƠNG","Trường dạy nghề"
"university","Trường THCS An Hòa 2","Trường THCS"
"university","Trường Cao đẳng Viễn Đông","Trường cao đẳng cộng đồng"
"university","DU HỌC VISA","Tổ chức giáo dục"
"university","Trung tâm Dạy thêm Thành Nhân Education","Trung tâm giáo dục"
"university","Singapore International School (Can Tho)","Trường quốc tế"
"university","Anh Ngữ AMES Cần Thơ","Trường dạy tiếng Anh"
"university","Water Group Cần Thơ","Trung tâm giáo dục"
"university","TRUNG TÂM NGOẠI NGỮ EDUGO","Trường ngoại ngữ"
"university","Flex English Center","Trường dạy tiếng Anh"
"university","Trung Tâm Đào Tạo Kỹ Năng và Thực Hành SeaCorp Academies Cần Thơ","Trung tâm giáo dục"
"university","DSS Group - VP Cần Thơ","Tổ chức giáo dục"
"university","Sở Giáo dục và Đào tạo TP. Cần Thơ","Tổ chức giáo dục"
"university","Trường Quân Sự Tp.Cần Thơ","Tổ chức giáo dục"
"university","Trung tâm Anh ngữ ILA - Tầng 3 Vincom Xuân Khánh (Cần Thơ)","Trường dạy tiếng Anh"
"university","Cafe bđs DTD Group CT","Trường kinh doanh"
"university","Cty Tnhh Dv Tm Xnk An Group","Trường giáo dục phổ thông"
"university","Trung Tâm Đào Tạo Luyện Thi Chứng Chỉ Tiếng Anh VCI","Trường dạy tiếng Anh"
"university","Nam Thu Edu-Dạy Tiếng Anh","Trường dạy tiếng Anh"
"university","Trung Tâm Anh Ngữ London ( Cơ sở 2 )","Trường dạy tiếng Anh"
"university","Trung tâm Anh Ngữ Đăng Khoa - Chi nhánh Mậu Thân","Trường ngoại ngữ"
"university","Apollo English Cần Thơ","Trường dạy tiếng Anh"
"university","Anh Văn Hội Việt Mỹ VUS - Cần Thơ","Trường dạy tiếng Anh"
"university","Du Học Hàn Quốc HIAST Cần Thơ","Trung tâm trường học"
"university","Trung Tâm Ngoại Ngữ Next Era","Trường ngoại ngữ"
"university","Trung tâm ngoại ngữ và du học Hagi","Trường ngoại ngữ"
"university","Trung tâm Anh ngữ AMA Cần Thơ","Trường dạy tiếng Anh"
"university","Trung tâm Anh ngữ ILA","Trường dạy tiếng Anh"
"university","LA English Classes","Trường dạy tiếng Anh"
"university","Trung tâm Ngoại ngữ ISEE Cần Thơ - Cơ sở 3/2","Trường ngoại ngữ"
"university","Trung Tâm Đào Tạo Thiết Kế - Nhà Xinh Group","Trường đào tạo máy tính"
"university","English w Ms Rose","Trung tâm giáo dục"
"university","ALT IELTS Gia Sư","Trường ngoại ngữ"
"university","Trường THCS Đoàn Thị Điểm","Trường THCS"
"university","Trung tâm Ngoại ngữ NEW ERA","Trường ngoại ngữ"
"university","Trường Tiểu học Cái Khế 2","Trường tiểu học"
"university","Trường Tiểu học Lê Quý Đôn","Trường tiểu học"
"university","Tiếng Anh Trẻ Em Cần Thơ - Keedii Sun","Trường dạy tiếng Anh"
"university","Trường Tiểu Học Hưng Lợi 2","Trường tiểu học"
"university","Trung tâm Ngoại Ngữ Polylingual","Trường ngoại ngữ"
"university","Mekong International College","Trường quốc tế"
"university","Trường Phổ thông Thái Bình Dương","Trường quốc tế"
"university","Phòng họp 2","Trường đại học"
"university","KTX B3","Trường đại học"
"university","Nơi làm việc","Trường đại học"
"university","Bộ môn Tài nguyên Đất đai - khoa Môi trường & TNTN - ĐHCT","Trường đại học"
"university","Viện Đào Tạo Quốc Tế FPT","Trung tâm đào tạo"
"university","Viện Đào tạo Quản trị và Hợp tác Quốc tế (NOTE EDU)","Tổ chức giáo dục"
"university","Viện Đào tạo liên tục - ĐHBK Hà Nội","Trường giáo dục dành cho người lớn"
"university","Viện Đào Tạo Quốc Tế (IIFE)","Trường sau đại học"
"university","Viện Đào Tạo Và hợp tác giáo dục quốc tế","Trung tâm giáo dục"
"university","Huấn luyện an toàn vệ sinh lao động Viện đào tạo và hợp tác giáo dục","Trung tâm đào tạo"
"university","Academy Vietnam | Ecopark","Trường học tư nhân"
"university","Anh Thư Lê Make Up Academy","Trung tâm giáo dục"
"university","Trường THPT Bình Dương","Trường trung học phổ thông"
"university","Trường THPT số 2 Phù Mỹ","Trường cấp ba"
"university","Trường Cao đẳng Y Hà Nội","Trường y"
"university","Cao Đẳng Nấu Ăn Hà Nội","Trường cao đẳng cộng đồng"
"university","Trường Cao Đẳng Quốc Tế Hà Nội ( HIC )","Trường đại học"
"university","Trường Cao Đẳng Công Thương Việt Nam","Trường dạy nghề"
"university","Trường Cao đẳng Xây dựng Công trình Đô Thị","Trường đại học"
"university","Trường Cao Đẳng Cơ Điện Hà Nội","Trường dạy nghề"
"university","Trường Cao đẳng Kinh tế Công nghiệp Hà Nội (Cơ sở 2)","Trường đại học"
"university","Trường THCS Mỹ Đức","Trường THCS"
"university","Trường Cao đẳng Y Dược Tuệ Tĩnh Hà Nội - Cơ sở chính","Trường y"
"university","Trường Cao đẳng Bách Nghệ Hà Nội","Trường cao đẳng cộng đồng"
"university","Trường Cao đẳng Lý Thái Tổ","Trường cao đẳng cộng đồng"
"university","Trường Cao đẳng Du lịch và Công thương","Tổ chức giáo dục"
"university","Trường Cao Đẳng Kinh Tế, Kỹ Thuật và Thủy Sản","Trường đại học"
"university","Trường Cao đẳng Công nghệ Cao Hà Nội","Trường giáo dục phổ thông"
"university","Trường Cao đẳng Việt Mỹ Hà Nội (Cơ sở 2)","Trường đại học"
"university","Trường Cao Đẳng Hùng Vương Hà Nội","Trường kỹ thuật"
"university","Viện Đào Tạo Bồi Dưỡng Chuyển Giao Công Nghệ","Trường đại học"
"university","Trường Cao Đẳng KT PKKQ","Tổ chức giáo dục"
"university","Trường Cao đẳng Điện Lực Miền Bắc - Cơ sở Yên Viên","Trường cao đẳng nghề"
"university","Trường Cao đẳng Y Tế Đặng Văn Ngữ","Trường y"
"university","Trường Cao Đẳng Kỹ Thuật Y Dược Hà Nội","Trường y"
"university","Trường Cao đẳng FPT Polytechnic","Trường đại học"
"university","Trường Cao Đẳng Kỹ Thuật Y Dược Hà Nội","Trường đại học"
"university","Trường Cao Đẳng Nghề Văn Lang Hà Nội","Trường đại học"
"university","Trường Cao đẳng nghề Nguyễn Trãi","Trường dạy nghề"
"university","Trường Cao đẳng Ngoại ngữ - Công nghệ và Truyền thông","Trường cao đẳng cộng đồng"
"university","Vietnam-Korea Professional College of Hanoi city","Tổ chức giáo dục"
"university","Trường Cao đẳng Phú Châu","Tổ chức giáo dục"
"university","Trường Cao Đẳng Việt Mỹ Hà Nội","Trường dạy nghề"
"university","Trường cao đẳng ngoại ngữ Hà Nội","Trường đại học"
"university","CAO ĐẲNG Y - DƯỢC CỘNG ĐỒNG","Trường y"
"university","Khoa Kinh Tế - Thương Mại, Trường Cao đẳng Ngoại ngữ và Công nghệ Hà Nội (FTC)","Trường cao đẳng nghề"
"university","BTEC FPT","Trường cao đẳng nghề"
"university","Khoa Cầu Đường, Trường ĐHXD Hà Nội - Faculty of Bridges and Roads, HUCE","Trường đại học"
"university","Trường Cao đẳng Y tế Bắc Ninh","Trường cao đẳng cộng đồng"
"university","Trường Cao đẳng Thủy Lợi Bắc Bộ","Trường cao đẳng cộng đồng"
"university","Trường Cao đẳng FPT Polytechnic","Trường cao đẳng nghề"
"university","Trường Cao Đẳng Bách Khoa","Trường cao đẳng nghề"
"university","PMx Group - Đồng hành cùng nhà quản lý","Trung tâm đào tạo"
"university","Trường Quản Trị Kinh Doanh - Vinacomin","Trường cao đẳng cộng đồng"
"university","Trường Trung Học Cơ Sở Tân Minh","Trường cấp ba"
"university","Trường Cao Đẳng Công Thương Việt Nam","Trường giáo dục phổ thông"
"university","Trường Trung Cấp Công Nghệ Và Kinh Tế Đối Ngoại","Tổ chức giáo dục"
"university","Bee English Community","Trung tâm đào tạo"
"university","Trung cấp Ô tô Hà Nội","Trường cao đẳng cộng đồng"
"university","Công ty TNHH PT, GD, CN và Xúc tiến Thương mại Việt Nam","Trường cao đẳng nghề"
"university","Trường Cao đẳng Phát thanh - Truyền hình 1","Trường cao đẳng cộng đồng"
"university","Trường Cao đẳng Công nghệ và Thương mại Hà Nội","Trường cao đẳng nghề"
"university","Trường Đại Học Anh Quốc Việt Nam","Trường đại học"
"university","ILEC - International Languages and Education Community","Trường dạy tiếng Anh"
"university","Cao Đẳng Ngoại Ngữ Và Công Nghệ Việt Nam","Trường cao đẳng nghề"
"university","Tập đoàn Giáo dục Quốc tế Đại Tây Dương (Atlantic Group)","Trung tâm giáo dục"
"university","Trường Cao đẳng Bách Nghệ Hà Nội Cơ sở Hoài Đức","Trường cao đẳng nghề"
"university","Trường Cao đẳng Y Dược Cộng Đồng","Trường cao đẳng cộng đồng"
"university","Trường Trung Học Cơ Sở Châu Can","Trường THCS"
"university","Đào tạo Quốc tế (SIE) - Trường Đại học Bách Khoa Hà Nội","Trường đại học"
"university","Trường Đại Học Xây Dựng Hà Nội - HUCE","Trường đại học"
"university","Trường Trung Học Cơ Sở Cao Viên","Trường THCS"
"university","Trường cao đẳng thông tin và truyền thông","Trường cao đẳng nghề"
"university","Westlink International School Hanoi","Trường quốc tế"
"university","Thịnh Phát","Trường cao đẳng cộng đồng"
"university","Greenfield School","Trường học tư nhân"
"university","Cao Đẳng Ô Tô Hà Nội","Trường cao đẳng cộng đồng"
"university","Công ty CP Tư vấn Quốc tế AN GROUP","Trung tâm giáo dục"
"university","The Global Citizen Education Group - Vietnam","Trung tâm giáo dục"
"university","CEC Times City","Trung tâm giáo dục"
"university","Trường Trung Học Cơ Sở Phúc Tiến","Trường giáo dục phổ thông"
"university","Tuyển Sinh Cao Đẳng","Trường cao đẳng cộng đồng"
"university","Trường Quốc tế Liên Hợp Quốc Hà Nội","Tổ chức giáo dục"
"university","Nguyen Truc Junior High School","Trường THCS"
"university","Công ty TNHH GC Education Group","Trung tâm giáo dục"
"university","Trường Cao Đẳng Nghề Quản Lý Và Công Nghệ","Trường cao đẳng cộng đồng"
"university","Trường Cao đẳng nghề Kinh tế Kỹ thuật Vinatex","Trường cao đẳng cộng đồng"
"university","Trường THCS Bích Hoà","Trường THCS"
"university","Trường THCS Phương Liệt","Trường THCS"
"university","Trường Trung Học Cơ Sở Tảo Dương Văn","Trường THCS"
"university","Trường THCS Xuân Canh","Trường THCS"
"university","Trường Trung Học Cơ Sở Hồng Dương","Trường THCS"
"university","Cơ sở 2 Trường Cao đẳng Thái Nguyên","Trung tâm trường học"
"university","Trường Trung Học Cơ Sở Minh Đức","Trường THCS"
"university","Trường Trung Học Cơ Sở Thanh Văn","Trường THCS"
"university","Công ty Tư Vấn Du học Blue Ocean","Tổ chức giáo dục"
"university","Trường THCS Đông Ngạc","Trường THCS"
"university","Trung tâm đào tạo ô tô EAC","Trung tâm giáo dục"
"university","AITA - HỌC VIỆN ĐÀO TẠO LIÊN NGÀNH CHÂU Á","Trường đại học"
"university","Trường Cao đẳng Xây dựng Nam Định","Trường cao đẳng cộng đồng"
"university","Công tác Học sinh - Sinh viên HNC","Trường cao đẳng nghề"
"university","Trường Trung Học Cơ Sở Đông Lỗ","Trường THCS"
"university","Cao Đẳng FPT Polytechnic Kiều Mai - TUNZO","Trường bách khoa"
"university","Trường Trung học Vinschool Times City","Trường THCS"
"university","JUN TÂY WEDDING STUDIO","Trường cao đẳng nghề"
"university","Trường Trung Học Cơ Sở Hòa Lâm","Trường THCS"
"university","Trường Trung Học Cơ Sở Phương Tú","Trường THCS"
"university","Trường Trung Học Cơ Sở Thanh Thùy","Trường THCS"
"university","Trung tâm ngoại ngữ Quốc Tế Ocean Edu Times City","Trường dạy tiếng Anh"
"university","Trường Cao đẳng Bách Khoa","Trường cao đẳng cộng đồng"
"university","IELTS Fighter - Ms Hoa Junior Xa La Hà Đông","Trường dạy tiếng Anh"
"university","Trường Trung Học Cơ Sở Đa Tốn","Trường THCS"
"university","Đại Học Quốc Gia Hà Nội","Đại học công lập"
"university","Trường Cao đẳng Công nghiệp","Tổ chức giáo dục"
"university","Trường Cao Đẳng Y Dược Hà Nội (Mỹ Đình)","Trường y"
"university","Trường Cao Đẳng Công Nghiệp","Trường dạy nghề"
"university","Cao Đẳng Y Tế Hà Nội Cơ Sở 2","Tổ chức giáo dục"
"university","Trường cao đẳng công thương cơ sở 2","Trường kỹ thuật"
"university","Trường Cao Đẳng Phúc Châu - Đại Học Kinh Tế Quốc Dân","Trường đại học"
"university","Phương Nhung 12-11","Đại học công lập"
"university","Trại chồn hương quốc hoàng","Trường kinh doanh"
"university","Trường Tiểu Học Bình Dương","Trường tiểu học"
"university","Trường THCS Mỹ Lợi","Trường THCS"
"university","Trường Đại học Quang Trung","Trường đại học"
"university","Trường Tiểu Học Mỹ Phong","Trường tiểu học"
"university","Trường Đại học Việt Đức (VGU)","Trường đại học"
"university","Trường Trung Học Cơ Sở Mỹ Thắng","Trường THCS"
"university","Trường THCS Thị Trấn Bình Dương","Trường THCS"
"university","Trường Đại học Thăng Long","Trường đại học"
"university","Trường Tiểu học Mỹ An","Trường tiểu học"
"university","Trường Đại học Thủy lợi","Đại học công lập"
"university","Trường Đại học Kiến trúc Hà Nội","Đại học công lập"
"university","Trường Đại học Dược Hà Nội","Trường đại học"
"university","Trường Đại học Mở Hà Nội","Đại học công lập"
"university","Đại học Đà Nẵng","Trường đại học"
"university","Trường Đại Học Luật Hà Nội","Trường luật"
"university","Học viện Y Dược học Cổ truyền Việt Nam","Trường y"
"university","Học viện Hàng không Việt Nam","Trường đại học"
"university","Học Viện Quân Y","Trường y"
"university","Học Viện Công Giáo Việt Nam","Tổ chức giáo dục"
"university","Học Viện HCI Việt Nam","Tổ chức giáo dục"
"university","Học viện Lái Đò","Trung tâm giáo dục"
"university","Học viện Hải quân","Đại học công lập"
"university","Học Viện Khoa Học Quân Sự","Trường quân sự"
"university","Học Viện Ngựa PKC Equine Center","Trường thể thao"
"university","Học viện Quản lý Giáo dục","Trường đại học"
"university","Giảng Đường E - Học Viện Nông Nghiệp Việt Nam","Tổ chức giáo dục"
"university","Cổng học viện Nông Nghiệp","Trường đại học"
"university","Học viện Hạnh Phúc (chi nhánh Miền Bắc)","Trung tâm giáo dục"
"university","Học viện Hospotality Oha","Trung tâm giáo dục"
"university","Trường học viện ngoại giao","Trường đại học"
"university","HỌC VIỆN NESA iCAD - Trụ sở chính ĐH Kiến Trúc Hà Nội","Trung tâm đào tạo"
"university","Học Viện Hậu Cần","Trường đại học"
"university","HOCVIENiT.vn","Trường đào tạo máy tính"
"university","Học Viện Green Academy - Cơ Sở Trường Chinh ( Hà Nội )","Trung tâm giáo dục"
"university","Học viện Chiến lược, bồi dưỡng cán bộ xây dựng","Viện nghiên cứu"
"university","Học viện Tòa án","Trường luật"
"university","Học Viện Khoa Học Xã Hội","Viện nghiên cứu"
"university","Chương trình Học viện Công nghệ BKACAD","Tổ chức giáo dục"
"university","Học viện Ngoại giao","Trường đại học"
"university","Trung tâm Đào tạo Bóng đá trẻ PVF","Trung tâm giáo dục"
"university","Học Viện Đào Tạo Thực Chiến Quảng Cáo FaceBook - Đinh Đức Tùng","Trung tâm đào tạo"
"university","GSJ - Học viện sáng tạo khoa học","Trung tâm giáo dục"
"university","Học viện Số TDS","Trung tâm giáo dục"
"university","Học viện lý số Nguyên Cát","Trung tâm đào tạo"
"university","Học viện Công nghệ Bưu chính viễn thông","Trường đại học"
"university","Học Viện Quân Y - Trung Tâm Công Nghệ Thông Tin","Cơ sở tôn giáo"
"university","Viện Toán ứng dụng và Tin học","Khoa học thuật"
"university","Học viện Ngôi Sao - Star Academy","Trung tâm đào tạo"
"university","Học viện HYP Toàn Cầu","Trung tâm đào tạo"
"university","Học Viện Gizento - Trụ Sở Hà Nội","Trung tâm giáo dục"
"university","Tòa nhà Trung Tâm học viện Nông Nghiệp Việt Nam","Trường đại học"
"university","Ktx c3 học viện nông nghiệp việt nam","Trường đại học"
"university","Học viện cầu lông CKH","Trường thể thao"
"university","Học viện Toán Sơ Đồ - MathMapAcademy","Trường toán học"
"university","Học Viện Xây Dựng Việt Nam","Trường kỹ thuật"
"university","Học viện pha chế Jarvis","Trung tâm đào tạo"
"university","Khoa Công Nghệ Thực Phẩm, Học viện Nông Nghiệp Việt Nam","Trường đại học"
"university","HỌC VIỆN CÔNG NGHỆ CAO HITECH ACADEMY","Trung tâm giáo dục"
"university","Học Viện Kim Cương","Tổ chức giáo dục"
"university","Học viện Quốc phòng","Trường quân sự"
"university","Học viện đào tạo Fitness toàn diện - HFI","Trung tâm đào tạo"
"university","Trường Đào tạo, bồi dưỡng cán bộ Công Thương Trung Ương","Trung tâm đào tạo"
"university","Học Viện Đào Tạo Pha Chế Namas - Hà Nội","Trung tâm đào tạo"
"university","Trường Đào tạo BIDV","Viện nghiên cứu"
"university","Viện Đào tạo Phát triển Giáo dục","Trung tâm giáo dục"
"university","Trường đào tạo An toàn bức xạ - Công ty CP tư vấn kỹ thuật Khoa học Công nghệ STEC","Trường kỹ thuật"
"university","Học viện đào tạo spa Đông Y - Khương Y Đạo","Trung tâm đào tạo"
"university","Viện Đào tạo và Nghiên cứu Y Dược Bạch Mai","Trung tâm đào tạo"
"university","Học viện đào tạo kĩ năng dữ liệu GNV","Trung tâm giáo dục"
"university","Học Viện Đào Tạo PT Quốc Gia ( NPTA)","Trung tâm giáo dục"
"university","Viện Đào tạo Quốc tế về Khoa học Vật liệu","Khoa học thuật"
"university","Học viện đào tạo quản trị mạng PNH","Trung tâm giáo dục"
"university","Viện Đào tạo và Tư vấn doanh nghiệp - Đào tạo Mini MBA - Trường Đại học Ngoại thương","Trung tâm đào tạo"
"university","VIỆN ĐÀO TẠO KHỞI NGHIỆP VÀ ỨNG DỤNG KHOA HỌC CÔNG NGHỆ CAO (SATSI)","Viện nghiên cứu"
"university","HỌC VIỆN ĐÀO TẠO ICE","Trường đại học"
"university","Trường Đào Tạo Lập Trình Viên Quốc Tế Aptech-Hanoi","Trung tâm giáo dục"
"university","Viện Đào Tạo Quốc Tế - NEU","Trường đại học"
"university","Viện Đào Tạo Dưỡng Sinh Đông Y Tuấn Bẻm","Trung tâm dạy nghề"
"university","SAPP Academy - Học viện đào tạo ACCA, CFA, CMA, CGMA - Láng Hạ","Trung tâm giáo dục"
"university","Học viện đào tạo làm đẹp quốc tế Winnie Beauty Academy","Trường dạy nghề"
"university","Ligi Doctor Clinic - Số 8 Giáp Nhị (Học Viện Đào Tạo Spa Chuẩn Y Khoa)","Trung tâm giáo dục"
"university","Viện Đào tạo Báo chí và Truyền thông","Tổ chức giáo dục"
"university","Viện Đào Tạo Và Phát Triển Kinh Tế","Trung tâm đào tạo"
"university","Học Viện đào tào Spa Luverio","Trung tâm đào tạo"
"university","Viện Đào Tạo Ứng Dụng Công Nghệ Cao & Tư Vấn Khởi Nghiệp","Trung tâm đào tạo"
"university","Viện khoa học đào tạo và đầu tư quốc tế","Tổ chức giáo dục"
"university","Học viện Đào tạo nghề Diory Nailslab","Trường dạy nghề"
"university","Viện Đào tạo Quốc tế - Học viện Ngân hàng","Khoa học thuật"
"university","Học viện Đào tạo WorldLink","Trường ngoại ngữ"
"university","Trường Đào tạo Doanh nhân PTI","Trung tâm đào tạo"
"university","Học viện Công nghệ MCI","Trung tâm đào tạo"
"university","Viện Đào Tạo Giáo Viên American Montessori","Trung tâm giáo dục"
"university","Viện Đào Tạo Bách Khoa - BKE Hà Nội","Trung tâm đào tạo"
"university","Trung Tâm Du Học & Đào Tạo Tiếng Trung VIED Education","Trường dạy tiếng Trung Quốc"
"university","Học viện Đào tạo Công nghệ và Tư vấn Du học BKSTAR","Trung tâm giáo dục"
"university","Học viện Đào tạo Nghiệp vụ thực chiến Ngân hàng TWings","Trường học tư nhân"
"university","VTC Academy Hồ Chí Minh","Trung tâm giáo dục"
"university","SAPP Academy - Học viện đào tạo ACCA, CFA, CMA, CGMA - Lê Thanh Nghị","Trung tâm giáo dục"
"university","Viện Đào tạo nhân lực và Ứng dụng tâm lý giáo dục","Viện nghiên cứu"
"university","Học viện đào tạo pha chế golden hand","Trường dạy nghề"
"university","Học Viện Đào Tạo 5T","Trung tâm đào tạo"
"university","Trường Đào tạo bồi dưỡng cán bộ Tài nguyên và Môi trường","Trường dạy nghề"
"university","Viện Đào tạo Quốc tế, Trường Đại học Kinh tế, ĐHQGHN (UEB-SITE)","Trường đại học"
"university","Viện Đào tạo và Phát triển Kinh tế","Tổ chức giáo dục"
"university","SAPP Academy - Học viện đào tạo ACCA, CFA, CMA, CGMA - Phạm Văn Đồng","Tổ chức giáo dục"
"university","VIỆN ĐÀO TẠO VÀ PHÁT TRIỂN GIÁO DỤC","Tổ chức giáo dục"
"university","Viện Đào tạo Viện Xây Dựng","Tổ chức giáo dục"
"university","VIỆN ĐÀO TẠO CÁN BỘ XÂY DỰNG","Trung tâm đào tạo"
"university","Học viện Đào tạo Nhiếp ảnh Lavender Hà Nội","Trung tâm đào tạo"
"university","Viện Khoa học Giáo dục Việt Nam","Viện nghiên cứu"
"university","Viện Nghiên cứu Phát triển thành phố Hồ Chí Minh","Viện nghiên cứu"
"university","Viện nghiên cứu phát triển kinh tế xã hội phân viện phía Nam","Viện nghiên cứu"
"university","Viện nghiên cứu hạt nhân","Viện nghiên cứu"
"university","Viện Nghiên Cứu Cao Su VN","Viện nghiên cứu"
"university","Viện Nghiên cứu Cơ khí","Viện nghiên cứu"
"university","Viện Nghiên cứu Năng lượng và Y học tái tạo - ERMRI","Viện nghiên cứu"
"university","Viện Nghiên cứu Khoa học Tây Nguyên","Viện nghiên cứu"
"university","Viện Nghiên Cứu Ngô","Viện nghiên cứu"
"university","VIỆN NGHIÊN CỨU ỨNG DỤNG KHOA HỌC VÀ CÔNG NGHỆ","Viện nghiên cứu"
"university","Viện nghiên cứu y dược học Quân sự","Viện nghiên cứu"
"university","Viện nghiên cứu Hệ gen","Viện nghiên cứu"
"university","Viện Nghiên cứu Hán Nôm","Viện nghiên cứu"
"university","Viện Nghiên Cứu Rau Quả (FAVRI)","Viện nghiên cứu"
"university","Viện Nghiên cứu và Phát triển Cây trồng","Viện nghiên cứu"
"university","Trung Tâm Nghiên Cứu Trồng Và Chế Biến Cây Thuốc Hà Nội","Viện nghiên cứu"
"university","Viện Nghiên cứu Quản lý Kinh tế Trung ương","Viện nghiên cứu"
"university","Viện nghiên cứu và phát triển sản phẩm thiên nhiên (IRDOP) (DV kiểm nghiệm & nghiên cứu)","Viện nghiên cứu"
"university","Viện Khoa học Nông nghiệp Việt Nam (VAAS)","Viện nghiên cứu"
"university","Viện Pháp Y Quốc gia","Viện nghiên cứu"
"university","Trường Đại học Bách khoa - ĐHQG TP.HCM","Trường đại học"
"university","Trường Đại học Nông Lâm TP. Hồ Chí Minh","Trường đại học"
"university","Trường Đại học Khoa học Sức khoẻ - ĐHQG-HCM","Trường đại học"
"university","Trường Đại học Quốc Tế - Đại học Quốc gia TP.HCM","Trường đại học"
"university","Trường Đại học Kinh tế - Luật, ĐHQG-HCM (UEL)","Trường đại học"
"university","Trường Đại học Công nghệ Thông tin - ĐHQG TP.HCM","Trường đại học"
"university","Nhà hành chính YA1, Khoa Y - Đại học Quốc gia Thành phố Hồ Chí Minh","Trường đại học"
"university","Trường Đại học Khoa học Tự nhiên, ĐHQG-HCM, Cơ sở Linh Trung.","Trường đại học"
"university","Đại Học An Ninh Nhân Dân","Trường đại học"
"university","Trường Đại học Khoa học Xã hội và Nhân văn - ĐHQG TP.HCM","Trường đại học"
"university","Trường Cao đẳng Công nghệ cao Đồng An","Trường đại học"
"university","Trường Đại học Thể dục Thể thao Thành phố Hồ Chí Minh","Trường đại học"
"university","Trường Đại học Công nghệ Kỹ thuật Thành phố Hồ Chí Minh","Trường đại học"
"university","Toà BK.B3 - Đại học Bách Khoa TP. Hồ Chí Minh cơ sở 2","Trường đại học"
"university","VÕ ĐƯỜNG ĐẠI HỌC QUỐC GIA TP HCM","Trường đại học"
"university","Trường Đại học FPT TP. HCM","Trường đại học"
"university","HUTECH - Đại học Công nghệ TP.HCM (Thu Duc Campus)","Trường đại học"
"university","Dong An Polytechnic","Trường đại học"
"university","Nhà Giải Phẫu Khoa Y - ĐHQG-HCM","Trường đại học"
"university","Tòa nhà Y.A1 - ĐH Khoa học Sức khỏe ĐHQG-HCM","Trường đại học"
"university","Công Ty Cung Cấp DV Viễn Thông Đức Huy","Trường đại học"
"university","Trung tâm Giáo dục Quốc phòng và An ninh - Đại học Quốc gia Thành phố Hồ Chí Minh","Trung tâm đào tạo"
"university","Đại Học KHTN - ĐHQG","Trường đại học"
"university","Kami Làng Đại Học Thủ Đức","Trường đại học"
"university","Sun Media - Chi nhánh Dĩ An","Trường đại học"
"university","Trường Đại Học Mở TP. Hồ Chí Minh CS2","Đại học công lập"
"university","Trường CĐ Công nghệ Nông Lâm Nam Bộ","Trường cao đẳng cộng đồng"
"university","Cổng 2 Đại học An ninh nhân dân","Trường đại học"
"university","Nhà H6 Trường đại học Bách Khoa TpHCM","Đại học kỹ thuật"
"university","Trường Đại học Lạc Hồng (Cơ sở Dược)","Trường đại học"
"university","Cổng chính Đại học Kinh tế Luật","Đại học công lập"
"university","Trường ĐH KHXH&NV","Trường đại học"
"university","UIT - Cổng A","Đại học công lập"
"university","Trường đại học Lạc Hồng","Đại học tư thục"
"university","Trường cao đẳng","Trường đại học"
"university","Giảng đường Rạng Đông","Trường đại học"
"university","Trại Thực Nghiệm Nông Học Đại Học Nông Lâm","Trường đại học"
"university","Cổng 2 trường đại học Kinh tế - Luật","Trường đại học"
"university","Trường Đại Học Cảnh Sát Nhân Dân (Cơ sở 2)","Trường đại học"
"university","Trường Đại học Nguyễn Tất Thành - Cơ sở Quận 9","Trường đại học"
"university","Trường Đại học Lạc Hồng (Cơ sở 2)","Trường đại học"
"university","Hội trường Trần Chí Đáo","Trường đại học"
"university","Cổng sau Đại Học TDTT TP HCM","Trường đại học"
"university","Trường Đại học Sài Gòn","Đại học công lập"
"university","BKEnglish","Trường đại học"
"university","Khoa Môi trường & Tài nguyên - Đại học Nông lâm TP.HCM","Khoa học thuật"
"university","Khoa Cơ khí - Công nghệ, Trường Đại học Nông Lâm TP. Hồ Chí Minh","Trường đại học"
"university","Trường Đại học Sư phạm Kỹ thuật Tp.HCM - Cơ sở 2","Trường đại học"
"university","Nhà Điều Hành ĐHQG-TP. HCM","Trung tâm giáo dục"
"university","Sushi VinRoll","Trường đại học"
"university","Bệnh viện ĐHQG tpHCM","Trường đại học"
"university","Tòa E - Trường Đại học Công nghệ Thông tin - ĐHQG TP.HCM","Trường đại học"
"university","Cư xá B, KTX Trường Đại học Nông Lâm TPHCM","Trường đại học"
"university","Phân hiệu Trường Đại học GTVT tại Tp. Hồ Chí Minh","Trường đại học"
"university","Trại ARF ĐẠI HỌC NÔNG LÂM","Trường đại học"
"university","Đại Học Mở Tp. Hồ Chí Minh, cơ sở 2.","Trường đại học"
"university","Trường Đại học Tài nguyên và Môi trường TP.HCM","Đại học công lập"
"university","ĐH TDTT HCM","Trường đại học"
"university","Toà C, Đại học Công Nghệ Thông Tin Thành Phố Hồ Chí Minh.","Đại học kỹ thuật"
"university","Cư xá C, KTX Trường Đại học Nông Lâm","Trường đại học"
"university","Đại Học Quốc Tế Hồng Bàng","Đại học tư thục"
"university","Khu A Trường Đại học sư phạm kỹ thuật TP. HCM","Đại học kỹ thuật"
"university","Trường Đại học Đồng Nai cơ sở 3","Trường đại học"
"university","KTX Đại học Ngân Hàng TPHCM","Trường đại học"
"university","Cổng C - Trường Đại học Khoa học Xã hội và Nhân văn, Đại học Quốc gia Thành phố Hồ Chí Minh","Trường đại học"
"university","Viện Môi trường & Tài nguyên, ĐHQG-HCM","Viện nghiên cứu"
"university","Đại Học Hutech Khu E","Trường đại học"
"university","Nhà Công vụ Trường Đại học An ninh nhân dân","Trường đại học"
"university","Trường Đại học Hoa Sen (HSU)","Trường đại học"
"university","Trường Cao đẳng Đường Sắt","Trường cao đẳng cộng đồng"
"university","HUTECH - Đại học Công nghệ TP.HCM (Hitech Park Campus)","Trường đại học"
"university","Phòng Đào tạo Sau Đại học - HCMIU","Đại học công lập"
"university","Trại thực nghiệm trường đại học khoa học tự nhiên","Viện nghiên cứu"
"university","Viện Công Nghệ Nano","Viện nghiên cứu"
"university","Trường Đại học Lạc Hồng Cơ sở 5","Trường cao đẳng/đại học tư thục"
"university","Giảng đường Hướng Dương Trường Đại học Nông Lâm","Khoa học thuật"
"university","Phòng thí nghiệm hoá đại cương, trường Đại học Nông Lâm TP.HCM","Trường đại học"
"university","Giảng đường B Trường Đại học Ngân hàng TP. HCM","Tổ chức giáo dục"
"university","Trung tâm luyện thi IELTS Dĩ An Bình Dương_IELTS Ngọc Bích","Trường dạy tiếng Anh"
"university","Trường Cao Đẳng Xây dựng TP.HCM","Trường cao đẳng cộng đồng"
"university","Cao Đẳng Công Thương TP.HCM","Trường cao đẳng cộng đồng"
"university","Trường Cao đẳng Nghề Số 22","Trường cao đẳng cộng đồng"
"university","Cao đẳng Công Nghệ Thủ Đức - cổng Chương Dương","Trường cao đẳng cộng đồng"
"university","Trường Cao đẳng An ninh mạng iSPACE","Trường cao đẳng cộng đồng"
"university","ACE THE FUTURE ENGLISH","Trường dạy tiếng Anh"
"university","TRƯỜNG LIÊN CẤP 1 &2 B.SCHOOL","Trường tiểu học"
"university","Trường Cao đẳng Lý Tự Trọng TP. Hồ Chí Minh","Trường cao đẳng cộng đồng"
"university","GCE Dĩ An","Trường dạy tiếng Anh"
"university","Vietnam National University Ho Chi Minh city","Trung tâm giáo dục"
"university","WISISM English","Trường dạy tiếng Anh"
"university","Luyện Thi Ielts Toeic - Ielts Companion","Trường dạy tiếng Anh"
"university","Trường Cao đẳng Kinh tế Thành phố Hồ Chí Minh","Trường cao đẳng cộng đồng"
"university","Trường Cao Đẳng Kỹ Thuật Đồng Nai","Trường cao đẳng cộng đồng"
"university","Trung Tâm GDNN","Trung tâm giáo dục"
"university","Trường Cao Đẳng Kỹ Nghệ II","Trường cao đẳng cộng đồng"
"university","Trường Cao đẳng Việt Mỹ cơ sở Trung Sơn TP. Hồ Chí Minh","Trường cao đẳng cộng đồng"
"university","Trung Tâm Tiếng Anh XPERT - Bình An","Trường ngoại ngữ"
"university","P. Công tác Sinh viên ĐHQT - IU OSS","Tổ chức giáo dục"
"university","Trung Tâm Giáo Dục Nghề Nghiệp - Giáo Dục Thường Xuyên TP Dĩ An","Trung tâm giáo dục"
"university","Cao Đẳng Kinh Tế Đối Ngoại","Trường cao đẳng cộng đồng"
"university","Trường Cao đẳng Điện lực Tp. Hồ Chí Minh","Trường cao đẳng cộng đồng"
"university","Lớp Tiếng anh","Trường dạy tiếng Anh"
"university","Trường mầm non Thỏ Ngọc","Tổ chức giáo dục"
"university","Trung Tâm Âm Nhạc Vũ Hy","Trung tâm giáo dục"
"university","Trường Cao Đẳng Sư Phạm Trung Ương TP.HCM","Trường cao đẳng cộng đồng"
"university","Trường Cao Đẳng Y Tế Bình Dương","Trường cao đẳng cộng đồng"
"university","Trường Cao đẳng Hàng hải II","Trường cao đẳng cộng đồng"
"university","Toán Trí Tuệ Superbrain","Tổ chức giáo dục"
"university","Cao Đẳng Du Lịch Sài Gòn","Trường cao đẳng cộng đồng"
"university","Trung tâm đào tạo UNION GROUP","Trung tâm giáo dục"
"university","Trường THCS Đông Chiêu - TP.Dĩ An","Trường THCS"
"university","10X ENGLISH - CƠ SỞ DĨ AN","Trường ngoại ngữ"
"university","Trung Tâm Ngoại Ngữ Agena 3","Trường dạy tiếng Anh"
"university","Trường THCS Xuân Trường","Trường THCS"
"university","Cao Đẳng Công Nghệ Thông Tin TP.HCM","Trường cao đẳng cộng đồng"
"university","NGOẠI NGỮ VŨ GIA","Trường dạy tiếng Anh"
"university","Trường THPT Đào Sơn Tây","Trường cấp ba"
"university","Cao Đẳng Nghề TPHCM - GDTX QTCN Bình Dương - KV2","Trường cao đẳng nghề"
"university","CS2: Trường Cao đẳng Du lịch Sài Gòn","Trường cao đẳng cộng đồng"
"university","Cao đẳng Văn hóa Nghệ thuật Thành phố Hồ Chí Minh","Trường đại học"
"university","Trường Cao đẳng Đại Việt Sài Gòn","Trường cao đẳng cộng đồng"
"university","MTEnglish","Trường dạy tiếng Anh"
"university","VIỆN PHÁT TRIỂN NĂNG LỰC LÃNH ĐẠO ĐẠI HỌC QUỐC GIA TP.HCM","Tổ chức giáo dục"
"university","Trung Tâm Ngoại Ngữ Siêu Việt","Trường ngoại ngữ"
"university","Trung Tâm Ngoại Ngữ Tin Học - Trường Cao Đẳng Công Thương TP.HCM","Trường cao đẳng nghề"
"university","Trường THCS Nguyễn Văn Bá","Trường THCS"
"university","Anh Ngữ Ms Hoa TOEIC - Giao tiếp - Ms Hoa Junior 66A Hoàng Diệu, Thủ Đức","Trung tâm giáo dục"
"university","Stellar Education Academy - Anh ngữ SEA - Chuyên đào tạo, luyện thi TOEIC, VSTEP, IELTS","Trường dạy tiếng Anh"
"university","Anh Ngữ Quốc Tế IEA","Trường dạy tiếng Anh"
"university","English with Jennie","Trường dạy tiếng Anh"
"university","Trung Tâm Nghiên Cứu & Triển Khai Công Nghệ Bức Xạ","Viện nghiên cứu"
"university","Trung tâm Anh ngữ TK Language Academy - Chi nhánh 2","Trường ngoại ngữ"
"university","Trường Cao đẳng Nghề Hoa Sen","Trường cao đẳng cộng đồng"
"university","CÔNG TY TNHH MTV NGOẠI NGỮ THE SUN","Trường dạy tiếng Anh"
"university","Tiếng Anh cô Nhung","Trường dạy tiếng Anh"
"university","Trường Cao đẳng Giao thông Vận tải TP.HCM","Trường đại học"
"university","Trường Cao Đẳng Kinh Tế Đối Ngoại","Trường đại học"
"university","Trung Tâm Tiếng Anh IELTS Master - học IELTS tại Dĩ An","Trường dạy tiếng Anh"
"university","Trung tâm Anh ngữ ILA Trung tâm hành chính Dĩ An","Trường dạy tiếng Anh"
"university","Apollo English Dĩ An","Trường dạy tiếng Anh"
"university","Trường Cao Đẳng Kỹ Thuật Nguyễn Trường Tộ","Trường cao đẳng cộng đồng"
"university","Dòng Tên Việt Nam","Cơ sở tôn giáo"
"university","Tiếng Mỹ Phản Xạ Không Gian Cơ sở 18","Trường dạy tiếng Anh"
"university","Trung Tâm Đánh Giá Kĩ Năng Nghề Trường Cao Đẳng Kĩ Nghệ II","Trường cao đẳng nghề"
"university","Trung tâm tiếng Anh IELTS Fighter - Ms Hoa Junior Võ Văn Ngân","Trường dạy tiếng Anh"
"university","Trung tâm Ngoại ngữ ARIS IELTS","Trường dạy tiếng Anh"
"university","Nhà B - Trường Đại học Công nghệ Thông tin - ĐHQG-HCM","Trường đại học"
"university","Trường THPT Bình An","Trường cấp ba"
"university","Học viện Anh Hùng","Trung tâm giáo dục"
"university","DN English Academy - CS Dĩ An","Trường ngoại ngữ"
"university","TIẾNG HOA FT 365 (365华语中心) CƠ SỞ 2","Trung tâm giáo dục"
"university","Học Viện Đào Tạo Nghề Anna Phương","Trường dạy nghề"
"university","Anh Ngữ Quốc Tế VietYouth","Trường dạy tiếng Anh"
"university","GCE","Trường ngoại ngữ"
"university","UPE - Ngoại ngữ Tin học Nâng Tầm","Trung tâm giáo dục"
"university","Du học LABS - Cơ Sở Bình Dương","Trung tâm giáo dục"
"university","ANNA PHƯƠNG .( Beauty Nails. Nối mi. Spa .phun xăm. Gội đầu.trang điểm. Triệt lông) ĐÔNG HOÀ DĨ AN .","Trường dạy nghề"
"university","Học viện Chính trị Khu vực II","Trường giáo dục dành cho người lớn"
"university","IELTS Nguyễn Nhật","Trung tâm giáo dục"
"university","Gia su Gia Nghi","Trường dạy tiếng Anh"
"university","Ngoại Ngữ Quốc Tế Việt Úc","Trường ngoại ngữ"
"university","Trung Tâm Tiếng Anh XPERT - Dĩ An","Trường dạy tiếng Anh"
"university","Trung Tâm Tin Học Ngoại Ngữ Toàn Thắng","Trung tâm giáo dục"
"university","GenZ Academy","Trung tâm giáo dục"
"university","Học viện Thương mại Vương Quốc Sức Khỏe","Trung tâm giáo dục"
"university","Tiếng Trung DEYSI","Trung tâm giáo dục"
"university","Ehouse Education - TOEIC, IELTS, VSTEP B1 - B2","Trường dạy tiếng Anh"
"university","Phân hiệu Học viện Tài chính - TP Hồ Chí Minh","Đại học công lập"
"university","Học tiếng anh dĩ an","Trường dạy tiếng Anh"
"university","Tin Học Sao Việt","Trung tâm đào tạo"
"university","Học viện Tư Pháp (Cơ sở TP. HCM)","Trường sau đại học"
"university","Lớp vẽ Lionstars","Trường nghệ thuật"
"university","Anh Ngữ PEA - Dĩ An","Trung tâm giáo dục"
"university","Trung Tâm Gia sư - Dạy Kèm EDUFA","Trung tâm giáo dục"
"university","Học Viện Đào Tạo ATHC","Trung tâm giáo dục"
"university","Học viện Công nghệ Bưu Chính Viễn Thông cơ sở tại TP.HCM","Trường đại học"
"university","Công ty TNHH Đào Tạo Truyền Thông Và Giải Trí TTT Entertainment","Trung tâm giáo dục"
"university","Hoa Ngữ Thành Nhân Cơ Sở 1 - Dĩ An","Trường dạy tiếng Trung Quốc"
"university","Học Viện Phát Triển Tư Duy BrainTalent","Trường toán học"
"university","Học viện hàng không Vietjet","Trung tâm giáo dục"
"university","Trung Tâm Ngoại Ngữ Mỹ Âu","Tổ chức giáo dục"
"university","Lớp Tiếng Nhật Cô Thắm","Trung tâm giáo dục"
"university","Học viện Hoa Kỳ Toàn Cầu - GAA","Trung tâm giáo dục"
"university","Học viện sắc đẹp Queen","Cơ sở tôn giáo"
"university","Học Viện Nội Trú SME Academy","Trung tâm giáo dục"
"university","TIẾNG TRUNG KIM OANH - DĨ AN","Trường dạy tiếng Trung Quốc"
"university","Học viện công nghệ VNNEXT (CS Chính)","Trung tâm giáo dục"
"university","Học viện chiến binh","Trường đại học"
"university","VVOICE ACADEMY - Học viện Kỹ năng Giao tiếp Thuyết trình","Tổ chức giáo dục"
"university","Học viện EI Thành phố Thủ Đức","Trung tâm giáo dục"
"university","Khoa Công nghệ Hóa học và Thực phẩm","Khoa học thuật"
"university","Học viện Hàng không và Kỹ năng AAS Academy","Trung tâm giáo dục"
"university","Học Viện Tài Năng The ANT","Trung tâm giáo dục"
"university","Học viện công nghệ VNNEXT","Trung tâm giáo dục"
"university","HỌC VIỆN KINH DOANH ONLINE CN THỦ ĐỨC","Trung tâm giáo dục"
"university","Học Viện Hàng Không Việt Nam CS2","Trường đại học"
"university","Học Viện Rồng Xanh","Trung tâm giáo dục"
"university","Tin Học Đại Dương","Trung tâm giáo dục"
"university","Khoa Kinh Tế","Khoa học thuật"
"university","IRVINE ACADEMY","Trung tâm giáo dục"
"university","DN English Academy - CS Thủ Đức","Trường ngoại ngữ"
"university","Bee's Home Academy - Bán trú & Luyện thi Cấp 2 Dĩ An","Trung tâm học hành"
"university","MỸ HÀ MAKEUP ACADEMY","Trung tâm dạy nghề"
"university","DN Academy - Cơ sở Lê Văn Chí","Trung tâm giáo dục"
"university","Saigon Academy","Tổ chức giáo dục"
"university","Angel Wings Academy - AWA","Tổ chức giáo dục"
"university","Trường Nhật ngữ Shinyou Academy","Trường ngoại ngữ"
"university","VIA English Academy Phú Đông","Trường dạy tiếng Anh"
"university","DN Academy - Cơ sở Mai Vàng","Trung tâm giáo dục"
"university","Stars Academy","Trung tâm giáo dục"
"university","Diễm Nguyễn Academy","Trung tâm giáo dục"
"university","Semina Academy - Trung tâm Tiếng Anh","Trung tâm giáo dục"
"university","TLA - The Language Academy","Trường dạy tiếng Anh"
"university","Dinos English Academy","Trường dạy tiếng Anh"
"university","Trung Tâm Nhật Ngữ Yume Academy","Trường ngoại ngữ"
"university","JC Cambridge English Academy- Trung tâm tiếng Anh gần đây","Trung tâm giáo dục"
"university","Lan Lê Nails Art Academy","Trung tâm dạy nghề"
"university","Gloria Music & Art Academy","Trung tâm giáo dục"
"university","MYA Music & Art Academy","Trung tâm giáo dục"
"university","Alpha Music Academy (A.M.A)","Nhạc viện"
"university","T-Academy English","Trường dạy tiếng Anh"
"university","Trung tâm Anh Ngữ TK - TK Language Academy","Trường dạy tiếng Anh"
"university","Lingo Academy","Trung tâm giáo dục"
"university","J&E English Academy","Trường dạy tiếng Anh"
"university","R2S Academy","Trung tâm đào tạo"
"university","Dượng Voice Academy","Trung tâm đào tạo"
"university","Học Viện Đào Tạo Tiếng Anh Cool English Academy","Trung tâm giáo dục"
"university","Trường Cao Đẳng Hậu Cần 2","Trung tâm trường học"
"university","Trường Cao Đẳng Giao Thông Vận Tải TW3","Trường dạy nghề"
"university","Trường Cao đẳng Kinh tế - Công nghệ Tp.Hồ Chí Minh","Trường đại học"
"university","Trường Cao Đẳng Công Nghệ Và Du Lịch","Tổ chức giáo dục"
"university","Trường Cao đẳng Dược Sài Gòn - Thành phố Hồ Chí Minh","Trường đại học"
"university","Trường Cao Đẳng Đại Việt Sài Gòn Cơ Sở Thủ Đức","Trường cao đẳng/đại học tư thục"
"university","Trường cao đẳng nghề Việt Nam - singapore cơ sở 3","Trường dạy nghề"
"university","Cao Đẳng Thú Y Thành Phố Hồ Chí Minh","Trường dạy nghề"
"university","Trường Trung cấp nghề thị xã Dĩ An","Trường dạy nghề"
"university","Trường Cao Đẳng Văn Lang Sài Gòn","Trường cao đẳng/đại học tư thục"
"university","Trường Cao Đẳng Lê Quý Đôn","Trường đại học"
"university","Trường Cao đẳng Công nghệ và Quản trị Sonadezi","Trường đại học"
"university","Trường Cao Đẳng Thống Kê 2 ( Trụ sở chính)","Trường cao đẳng/đại học chính phủ"
"university","Trường Cao Đẳng Đại Việt Sài Gòn Xưởng Thực Hành Cơ Khí","Trung tâm giáo dục"
"university","TNAT WAS IN Trường Cao đẳng Mỹ thuật trang trí Đồng Nai","Trường đại học"
"university","Trường Cao đẳng nghề Việt Nam Singapore","Trường dạy nghề"
"university","Trường Cao đẳng FPT Polytechnic cơ sở Đồng Nai","Tổ chức giáo dục"
"university","Trường Cao Đẳng Sài Gòn Gia Định","Tổ chức giáo dục"
"university","Trường cao đẳng công nghệ thủ Đức - công số 2","Trường đại học"
"university","KTX Cao đẳng Mỹ thuật Trang trí","Trường đại học"
"university","Trường Cao đẳng Kiến trúc - Xây Dựng TP.HCM","Trường đại học"
"university","Trường Cao Đẳng Y Tế Đồng Nai","Trường y"
"university","TRƯỜNG CAO ĐẲNG NGHỀ SỐ 21","Trường cao đẳng nghề"
"university","Trường Cao Đẳng Thủ Thiêm","Trường đại học"
"university","Trường Cao đẳng Y Dược Pasteur TPHCM","Trường y"
"university","Trường Cao Đẳng Kỹ Thuật Nguyễn Trường Tộ CS2","Trường đại học"
"university","Trường Đại học Vinh","Trường đại học"
"university","Trường Đại học Hà Tĩnh","Trường đại học"
"university","Phòng Giáo Dục Và Đào Tạo Vũ Quang","Trung tâm giáo dục"
"university","Trung tâm đào tạo Tập đoàn Giáo dục Quốc Tế Việt Tín","Trung tâm giáo dục"
"university","Viện Nghiên Cứu Đào Tạo Và Bồi Dưỡng Cán Bộ","Viện nghiên cứu"
"university","Viện Nghiên cứu và Đào tạo Tiêu hóa, Gan mật","Viện nghiên cứu"
"university","Học Viện Đào Tạo Doanh Nhân & Giám Đốc JOY","Trung tâm đào tạo"
"university","Phòng Giáo Dục & Đào Tạo","Tổ chức giáo dục"
"university","Học viện đào tạo pháp chế ICA","Trung tâm giáo dục"
"university","Viện đào tạo và cung ứng nhân lực - VMC Works","Trung tâm giáo dục"
"university","Trường Đại Học Vinh Trường Thực Hành Sư Phạm-Cơ Sở 2","Tổ chức giáo dục"
"university","Trường Đại học Công Nghiệp Vinh","Trường đại học"
"university","Trường Kinh tế - Trường Đại học Vinh","Trường đại học"
"university","Tư vấn, Hỗ trợ Học Sinh - Sinh Viên Trường Đại Học Sư Phạm Kỹ Thuật Vinh","Trường đại học"
"university","Trường THCS Lê Hồng Phong","Trường THCS"
"university","Trường Đại học Hà Tĩnh - Cơ sở Đại Nài","Trường đại học"
"university","Trường Đại học Kinh tế Nghệ An","Trường đại học"
"university","KTX Đại Học Vinh","Trường đại học"
"university","Trường Đại học Y khoa Vinh","Trường y"
"university","Nhà B - Trường Đại học Vinh","Trung tâm giáo dục"
"university","Trường THCS Nam Cường","Trường THCS"
"university","TRƯỜNG TIỂU HỌC NGUYỄN TRÃI","Trường tiểu học"
"university","Nhà Điều hành - Trường Đại học Vinh","Trường đại học"
"university","Trường THCS Yên Trấn","Trường THCS"
"university","Trường THCS Tùng Ảnh","Trường THCS"
"university","Ngành Ngôn ngữ Trung Quốc - Đại học Vinh","Trường đại học"
"university","Trường tiểu học Tùng Ảnh","Trường tiểu học"
"university","Trường THCS Nam Kim","Trường THCS"
"university","Hands Đại học Vinh","Trung tâm giáo dục"
"university","Trường Đại học Kinh tế Nghệ An cơ sở 2","Trường đại học"
"university","Trường Đại học Phương Đông Cơ Sở 2","Trường đại học"
"university","Trường THCS Nguyễn Biểu","Trường THCS"
"university","Trường THCS Khánh Sơn 2","Trường THCS"
"university","Trường Tiểu Học Đức Lâm","Trường tiểu học"
"university","Trung Tâm Luyện Thi Đại Học","Tổ chức giáo dục"
"university","Trường trung học cơ sở Trung phúc cường 1","Trường THCS"
"university","TRƯỜNG TIỂU HỌC SƠN LONG","Trường tiểu học"
"university","Trường Đại học Khoa học và Công nghệ Hà Nội","Trường đại học"
"university","Trường THCS Nguyễn Biểu","Trường THCS"
"university","TRƯỜNG THCS LÊ BÌNH","Trường THCS"
"university","Trường Đại Học Đà Lạt","Trường đại học"
"university","Trường tiểu học Trung Phúc Cường 1","Trường tiểu học"
"university","Trường Đại học Kinh doanh và Công nghệ Hà Nội","Trường đại học"
"university","Trường Đại Học Kinh Tế Kỹ Thuật Công Nghiệp","Trường đại học"
"university","Trường Đại Học Kinh Tế Quốc Dân (NEU)","Đại học công lập"
"university","Trường Đại học Sư Phạm Kỹ Thuật Hưng Yên, Cơ sở 2","Trường đại học"
"university","TRƯỜNG TIỂU HỌC TRUNG LỄ","Trường tiểu học"
"university","Trường tiểu học Đức Long","Trường tiểu học"
"university","Trường Tiểu Học Phạm Hồng Thái","Trường tiểu học"
"university","Khoa Công Nghệ Thông Tin, Trường Đại học Mở Hà Nội","Khoa học thuật"
"university","Trường Đại học Công nghệ và Quản lý Hữu Nghị - UTM","Đại học kỹ thuật"
"university","Trường Đại Học Kinh Tế Quốc Dân (NEU) - Cổng Trần Đại Nghĩa","Trường đại học"
"university","Khoa Kinh Tế - Trường Đại Học Mở Hà Nội","Trường đại học"
"university","Trường Đại học Kinh tế - Đại học Đà Nẵng","Trường đại học"
"university","Trường Đại Học Công Đoàn - CN Hưng Yên","Trường đại học"
"university","Trường Đại học Intracom","Trường đại học"
"university","Trường Đại học Y khoa Tokyo Việt Nam","Trường y"
"university","Khoa Luật Trường Đại học Mở Hà Nội","Trường đại học"
"university","Trường Đại học Khoa học","Trường đại học"
"university","Trường Đại học Sư phạm Kỹ thuật Vinh","Trung tâm giáo dục"
"university","Nhà Xe Đại Học Vinh Cs1","Tổ chức giáo dục"
"university","Giảng đường D2 - Đại học Kinh Tế Quốc Dân","Đại học công lập"
"university","Trường Đại học Lao động - Xã hội","Trường đại học"
"university","Trường Cao đẳng Việt - Đức Nghệ An","Trường đại học"
"university","Viện Kỹ thuật và Công nghệ","Trường đại học"
"university","Trường Đại Học Công Nghiệp Dệt May Hà Nội","Trường đại học"
"university","Trường Đại Học Đại Nam","Trường đại học"
"university","Trường Đại học Công nghiệp Việt Hung","Trường đại học"
"university","Trường Đại học Ngoại thương","Trường đại học"
"university","Trường Đại Học RMIT, cơ sở Hà Nội","Đại học tư thục"
"university","Trường Đại Học Trưng Vương","Trường đại học"
"university","Trường Đại học Khoa học Tự nhiên, Đại học Quốc gia Hà Nội","Trường đại học"
"university","Trường Đại Học CMC - Cơ sở 1","Trường đại học"
"university","Trường Đại Học Phenikaa","Trường đại học"
"university","Trường Đại học Mỹ thuật Việt Nam","Trường nghệ thuật"
"university","Trường Đại học Đông Đô","Trường đại học"
"university","Trường Đại Học Y Hà Nội","Trường y"
"university","Trường Đại Học Công Đoàn","Đại học công lập"
"university","Khoa Hóa học, Trường Đại học Khoa học Tự nhiên Hà Nội","Trường đại học"
"university","Trường Đại học Mỹ thuật Công nghiệp","Trường nghệ thuật"
"university","Trường Đại học Chu Văn An","Trường đại học"
"university","Trường Đại Học Sư Phạm Nghệ Thuật Trung Ương","Trường nghệ thuật"
"university","Trường Đại Học Thủy Lợi Hưng Yên","Trường đại học"
"university","Cổng sau Trường Đại học Thuỷ Lợi","Trường đại học"
"university","Trường Đại học Phương Đông","Trường đại học"
"university","Khoa Du Lịch - Trường đại học Mở Hà Nội","Khoa học thuật"
"university","Đại học Nguyễn Trãi","Trường đại học"
"university","Cổng Trần Đại Nghĩa - Trường Đại học Xây dựng","Trung tâm trường học"
"university","Học Viện Tiktok Ngân Thơm Academy","Trung tâm giáo dục"
"university","Học viện LEGO Education RHH","Trung tâm giáo dục"
"university","Học Viện Tóc Việt","Cơ sở tôn giáo"
"university","HỌC VIỆN AGI","Trường giáo dục dành cho người lớn"
"university","Học Viện Tinh Hoa Giọng Nói Việt","Trung tâm giáo dục"
"university","Học Viện Đào Tạo Pha Chế Namas - Vinh","Trung tâm đào tạo"
"university","Học Viện Thẩm Mỹ Quốc Tế Phương Mya - Uy Tín Dạy Phun Xăm Thẩm Mỹ Tại Nghệ An","Trường dạy nghề"
"university","học viện đào tạo mẫu nhí grass","Trung tâm giáo dục"
"university","Trung Tâm Anh Ngữ Học Viện Trải Nghiệm","Trường dạy tiếng Anh"
"university","Học viện sức khoẻ và sắc đẹp Delavu","Trường giáo dục dành cho người lớn"
"university","Học Viện Thăng Long - Vp Tuyển Sinh","Trung tâm học hành"
"university","Học viện Toán-Tin Hồng Lam","Trung tâm giáo dục"
"university","Học viện Anh ngữ Lexis - cô Lê Na","Trung tâm giáo dục"
"university","Trường Cao Đẳng Việt - Anh","Trường cao đẳng/đại học tư thục"
"university","Mesa Academy x8","Trung tâm giáo dục"
"university","MPL Academy","Trung tâm giáo dục"
"university","Trường Học Blue Sky Academy","Trường học tư nhân"
"university","Thương Academy","Trường giáo dục phổ thông"
"university","ALPHA ACADEMY","Tổ chức giáo dục"
"university","ALPHA ACADEMY","Trung tâm giáo dục"
"university","Hoa Academy","Tổ chức giáo dục"
"university","We Study Academy","Trung tâm giáo dục"
"university","Huyền Nail Academy Tp Vinh","Trung tâm dạy nghề"
"university","IPA English Academy","Trường dạy tiếng Anh"
"university","Du Học Hàn Quốc - GE Academy","Trung tâm đào tạo"
"university","Nhà cô Thuỳ Tiếng Anh","Trung tâm giáo dục"
"university","VIA ENGLISH ACADEMY - HỒNG HÀ","Trung tâm giáo dục"
"university","Suny Studio Kim Phượng Academy","Tổ chức giáo dục"
"university","VTC Academy Tam Trinh - Hà Nội","Trường dạy nghề"
"university","VIA English Academy - Gamuda","Trường dạy tiếng Anh"
"university","Dr. HS Academy","Trung tâm giáo dục"
"university","WorldLink Academy Mỹ Hào","Trung tâm giáo dục"
"university","TASK ACADEMY - HỌC VIỆN TASK","Trung tâm giáo dục"
"university","Hlc Academy","Tổ chức giáo dục"
"university","Pro.G Academy Premium","Trung tâm giáo dục"
"university","Trường Cao đẳng nghề số 4 - BQP","Trường cao đẳng nghề"
"university","Trường Cao đẳng Sư phạm Nghệ An","Trường đại học"
"university","Trường Cao đẳng Văn hóa Nghệ thuật Nghệ An","Trường đại học"
"university","Cao Đẳng Nghề Kinh Tế Kỹ Thuật Số 1","Trường cao đẳng cộng đồng"
"university","Win Win Chess Academy","Tổ chức giáo dục"
"university","Trường Cao đẳng Kỹ Thuật Công Nghiệp Việt Nam - Hàn Quốc","Trường dạy nghề"
"university","Trường Cao đẳng GTVT Trung ương IV","Trường đại học"
"university","Trường Cao Đẳng Y Tế Hà Tĩnh","Trường y"
"university","Trường Cao Đẳng Kỹ Thuật Việt - Đức Hà Tĩnh","Trường đại học"
"university","Trường Cao Đẳng Công Nghệ & Kinh Tế Công Nghiệp","Trường đại học"
"university","Cao đẳng sư phạm nghệ an cơ sở 2","Trường cao đẳng/đại học sư phạm"
"university","Trường Cao đẳng Y tế Nghệ An","Trường đại học"
"university","Trường Cao Đẳng Nghề Kĩ Thuật Số 1 Nghệ An","Trường kỹ thuật"
"university","Trường Cao đẳng Công thương Hà nội (CS2) & Trường liên cấp SPUTNIK","Tổ chức giáo dục"
"university","Trường Cao Đẳng Quốc Tế Hà Nội","Trường đại học"
"university","Trường Cao đẳng FPT Polytechnic cơ sở Hà Nam","Tổ chức giáo dục"
"university","Nghe An Pedagogical College","Trường đại học"
"university","Cao Đẳng Nghề Kỹ Thuật Việt Đức Nghệ An (Cơ sở 2)","Trung tâm giáo dục"
"university","Trường Cao đẳng Lào Cai","Trường cao đẳng nghề"
"university","Trường Cao đẳng Lào Cai (CS1)","Trường kỹ thuật"
"university","Trường Cao Đẳng Kinh tế Kỹ thuật Trung Ương","Trường đại học"
"university","Quốc học Vinh - THPT Huỳnh Thúc Kháng","Trường cấp ba"
"university","ETEP PMB - Vinh university","Trường cao đẳng/đại học sư phạm"
"university","Du học Hàn Quốc cùng Hi-T Hà Tĩnh","Trường trung học phổ thông"
"university","Trường Cao đẳng Ngoại ngữ Hà Nội - HFC","Trường cao đẳng/đại học tư thục"
"university","Trường Đại Học Điện Lực - Cơ sở 2","Trường đại học"
"university","Trường Cao đẳng nghề Than Khoáng Sản Việt Nam - Vinacomin","Trường đại học"
"university","Trường Trung cấp quốc tế Việt - Đức","Tổ chức giáo dục"
"university","Trường Cao đẳng Công nghiệp Việt Đức","Trường đại học"
"university","Trung cấp Công nghệ và Kinh tế Đối ngoại","Trường đại học"
"university","Trường Đại học Tài chính - Ngân hàng Hà Nội","Trường đại học"
"university","Đại Học Quốc Gia Hà Nội (VNU) Hòa Lạc","Trường đại học"
"university","Trường THCS Tiên Lương","Trường THCS"
"university","Đại học vinh","Trường đại học"
"university","Trường Trung Học Cơ Sở Yên Luật","Trường THCS"
"university","Trường Tiểu Học Mỹ Lương","Trường tiểu học"
"university","THCS Bằng Giã, Hạ Hòa, Phú Thọ","Trường THCS"
"university","Trường THCS Lương Sơn","Trường THCS"
"university","Trường THCS Văn Lang","Trường THCS"
"university","Cổng Trần Đại Nghĩa - Đại Học Bách Khoa Hà Nội","Trường đại học"
"university","Đại học Từ xa - Đại Học Kinh Tế Quốc Dân","Trung tâm giáo dục"
"university","Trường Đại học Tài chính - Quản trị kinh doanh","Trường kinh doanh"
"university","Cổng Parabol - Đại Học Bách Khoa Hà Nội","Đại học kỹ thuật"
"university","Nhà A7, Đại học Y Hà Nội","Trường đại học"
"university","Trường Đại Học Đại Học Bách Khoa - Giảng Đường Nhà B4","Đại học công lập"
"university","Bộ Môn Giải Phẫu - Đại Học Y Hà Nội","Tổ chức giáo dục"
"university","Viện Đào tạo Tiên tiến, Chất lượng cao và POHE","Trường giáo dục phổ thông"
"university","Viện đào tạo Montessori Canada","Trung tâm đào tạo"
"university","Học viện đào tạo pha chế Bardeli Academy","Trung tâm đào tạo"
"university","Viện Khoa học giáo dục và Phát triển kinh tế, văn hóa","Tổ chức giáo dục"
"university","Viện Đào Tạo Nghiệp Vụ Xây Dựng","Viện nghiên cứu"
"university","Trường THPT Sơn Lương","Trường trung học phổ thông"
"university","Trường Đại học Hùng Vương","Trường đại học"
"university","Trường Đại học Nguyễn Trãi","Trường đại học"
"university","Trường Đại Học Giao Thông Vận Tải","Trường đại học"
"university","Trường Đại Học Thủ Đô Hà Nội cơ sở 3","Trường đại học"
"university","Trường đại học Hà Hoa Tiên","Trường đại học"
"university","Trường Đại Học Kiểm Sát Hà Nội","Trường đại học"
"university","Trường Đại học Sư phạm Thể dục Thể thao Hà Nội","Trường thể thao"
"university","Trường Đại học Khoa học Xã hội và Nhân văn - Đại học Quốc gia Hà Nội","Trường đại học"
"university","Trung Tâm Tin Học Trường Đại Học Thủy Lợi","Trường đại học"
"university","Trường Đại Học Kỹ Thuật - Hậu Cần CAND","Đại học kỹ thuật"
"university","Trường Đại Học Dân Lập Đông Đô","Trường đại học"
"university","Trường Đại Học Công Nghệ Đông Á 3","Trường đại học"
"university","Khoa Tiếng Anh Trường Đại Học Mở Hà Nội","Khoa học thuật"
"university","Khoa Tiếng Trung - Trường đại học Mở Hà Nội","Trường đại học"
"university","Giảng đường B trường Đại học Kinh tế Quốc dân","Tổ chức giáo dục"
"university","Trường Đại Học Kinh Tế Quốc Dân - Hệ VLVH","Trường giáo dục dành cho người lớn"
"university","Khoa Xây dựng - Trường Đại học Kiến trúc Hà Nội","Khoa học thuật"
"university","Ngành Kỹ thuật tài nguyên nước - Trường Đại học Thủy lợi","Khoa học thuật"
"university","Trường Đại học dệt may thời trang","Trường dạy nghề"
"university","Viện Khoa học và Công nghệ Môi trường- Trường ĐH Bách Khoa","Trường đại học"
"university","Khoa Viết văn - Báo chí, Trường Đại học Văn hóa Hà Nội","Khoa học thuật"
"university","Trường Hiện","Tổ chức giáo dục"
"university","Trường Việt","Tổ chức giáo dục"
"university","Trường THCS Việt Ấn","Trường giáo dục phổ thông"
"university","Học viện sáng tạo công nghệ TEKY - Hoàn Kiếm","Trung tâm giáo dục"
"university","Học viện ngoại ngữ Đại Nam","Tổ chức giáo dục"
"university","Ban Quản lý Đào Tạo - Học Viện Nông Nghiệp Việt Nam","Trường đại học"
"university","Học viện Thiết kế Thời trang Vu Tran Duc Hai Master","Trung tâm giáo dục"
"university","TIF Institute","Trung tâm giáo dục"
"university","Academy of Finance","Trường đại học"
"university","Học Viện Tài Chính Quân Sự","Trường đại học"
"university","Học Viện Aka LEGO","Trung tâm giáo dục"
"university","Học viện tóc quốc tế OneStar","Trung tâm giáo dục"
"university","Badminton court, Banking Academy","Trường đại học"
"university","Song Ha Academy","Trung tâm giáo dục"
"university","Phuong Ớt Academy","Tổ chức giáo dục"
"university","APA Academy CS1 - Học viện đào tạo thiết kế Kiến trúc, Nội thất","Tổ chức giáo dục"
"university","LE GIA Academy","Trung tâm đào tạo"
"university","AES ACADEMY","Trung tâm giáo dục"
"university","Học viện Kỹ thuật mật mã","Trường đại học"
"university","Aston Academy","Trường dạy tiếng Anh"
"university","Iris Academy","Trung tâm giáo dục"
"university","Skydream Academy","Trung tâm giáo dục"
"university","HEDU Academy - Trần Thủ Độ","Trường dạy tiếng Anh"
"university","Trung Tâm Anh Ngữ Bristol Language Academy Ecopark","Trường dạy tiếng Anh"
"university","Đào Tạo Itplus Academy","Trung tâm giáo dục"
"university","VIA ENGLISH ACADEMY - OCEAN PARK","Trung tâm giáo dục"
"university","Quỳnh Nga Academy","Trường giáo dục phổ thông"
"university","Go English Academy","Trung tâm đào tạo"
"university","Trường THCS Archimedes Academy","Trường THCS"
"university","SKYRED HAIR ACADEMY","Trung tâm đào tạo"
"university","Monster Lab","Trường nghệ thuật"
"university","TWG Academy","Trung tâm giáo dục"
"university","Trường Cao đẳng Cơ điện Phú Thọ","Trường kỹ thuật"
"university","Trường Cao Đẳng Y Tế Yên Bái","Trường cao đẳng cộng đồng"
"university","Trường Cao đẳng nghề Yên Bái","Trường cao đẳng cộng đồng"
"university","Tập Đoàn EI GROUP - VPĐD Minh Tân Cẩm Khê Phú Thọ","Trung tâm giáo dục"
"university","Trường CĐ Công nghiệp và Công nghệThực phẩm","Trường cao đẳng cộng đồng"
"university","Trường Cao Đẳng Văn Hóa - Nghệ Thuật & Du Lịch","Trường cao đẳng cộng đồng"
"university","Trường Cao đẳng Công nghiệp Quốc phòng","Tổ chức giáo dục"
"university","Trường Cao Đẳng Y Tế Phú Thọ","Trường y"
"university","Trường Cao Đẳng Công Nghệ Nông Lâm Phú Thọ","Trường cao đẳng/đại học nông nghiệp"
"university","Trường Cao đẳng Yên Bái","Trường cao đẳng/đại học sư phạm"
"university","Trường cao đẳng","Trường kỹ thuật"
"university","TRƯỜNG CAO ĐẲNG NGHỀ SỐ 2 - BỘ QUỐC PHÒNG","Tổ chức giáo dục"
"university","Trường cao đẳng Nghề Phú Thọ","Tổ chức giáo dục"
"university","Trường Cao đẳng Y Dược Pasteur","Trường y"
"university","Xưởng điện công nghiệp trường Cao đẳng nghề yên bái","Trường cao đẳng nghề"
"university","Trường Đại Học Sư Phạm - Đại học Đà Nẵng","Đại học công lập"
"university","Trường Đại Học Mở Hà Nội-Trung Tâm Đà Nẵng","Trường đại học"
"university","Trường Đại học Bách Khoa - Đại học Đà Nẵng","Trường đại học"
"university","Trường Đại Học Duy Tân","Đại học tư thục"
"university","Đại Học Duy Tân Hòa Khánh Nam","Đại học tư thục"
"university","Học Viện Toán Sơ Đo","Cơ sở tôn giáo"
"university","Viện Nghiên cứu và Đào tạo Việt - Anh, Đại học Đà Nẵng","Trung tâm giáo dục"
"university","Học viện Công nghệ Kid Leader Hub Đà Nẵng","Trung tâm giáo dục"
"university","Học Viện Tầm Nhìn Mới","Trung tâm giáo dục"
"university","Học viện Đào tạo Kỹ năng Đà Nẵng DaNa Skills cơ sở 2","Trung tâm giáo dục"
"university","Học viện Pickleball Đà Nẵng","Trường thể thao"
"university","WELLVOICE - HỌC VIỆN GIỌNG NÓI TOÀN NĂNG","Trung tâm giáo dục"
"university","Học viện Chính trị Khu vực III","Trường đại học"
"university","Home English Túy Loan","Trung tâm giáo dục"
"university","Viện Khoa học xã hội vùng Trung Bộ","Viện nghiên cứu"
"university","Học Viện Đào Tạo FIRER","Trung tâm giáo dục"
"university","Học viện CNTT Microsoft, Đại học Đà Nẵng","Trường đào tạo máy tính"
"university","Ký túc xá B2 học viện chính trị khu vực III","Trường đại học"
"university","Học Viện Ngân Nguyẻn","Cơ sở tôn giáo"
"university","Học Viện Quản Trị FIRER","Trung tâm đào tạo"
"university","NSA - Học Viện Phục Hồi Thể Chất","Trung tâm đào tạo"
"university","Học viện Đào tạo ITECHSKILLS","Trung tâm giáo dục"
"university","Khu hành chính Học viện CTKVIII","Tổ chức giáo dục"
"university","HỌC VIỆN TÓC NAM ĐÀ NẴNG - Ky Lee Barber Academy","Trung tâm đào tạo"
"university","Học viện Đào Tạo lập trình Python For AI Đà Nẵng","Trung tâm giáo dục"
"university","HỌC VIỆN ĐÀO TẠO ATI","Trung tâm đào tạo"
"university","MBA Institute","Tổ chức giáo dục"
"university","HOSPI Academy","Tổ chức giáo dục"
"university","T.A ACADEMY - HỌC VIỆN ĐÀO TẠO PHONG THÁI, CATWALK","Trung tâm đào tạo"
"university","Tanavi - Học Viện Đào Tạo Phun Xăm Hàn Quốc","Trung tâm dạy nghề"
"university","Thanh Thao Pham Beauty Academy - Học Viện Chăm Sóc Sắc Đẹp Quốc Tế","Trung tâm dạy nghề"
"university","Học viện gia viên","Tổ chức giáo dục"
"university","Hệ Thống Trường Quốc Tế Học Viện Anh Quốc Tại Đà Nẵng","Trường quốc tế"
"university","Học viện IPI Việt Nam","Trung tâm đào tạo"
"university","Học Viện Đào Tạo Làm Bánh - Khai Macaron","Trung tâm đào tạo"
"university","Học viện UNESCO Con Rồng Cháu Tiên","Trung tâm giáo dục"
"university","ACADEMY English Center","Trường ngoại ngữ"
"university","KAIWA ACADEMY","Trường giáo dục dành cho người lớn"
"university","VTC Academy Đà Nẵng","Trung tâm giáo dục"
"university","Timona Academy Cơ Sở Đà Nẵng","Trung tâm giáo dục"
"university","Grace Academy","Trung tâm giáo dục"
"university","Xuanlan’s Academy Đà Nẵng","Trung tâm giáo dục"
"university","Viện đầu tư chứng khoán Da Vinci Academy Đà Nẵng","Trung tâm giáo dục"
"university","MP ACADEMY","Trung tâm đào tạo"
"university","VIỆT TRẦN ACADEMY - Đào tạo quay dựng phim Đà Nẵng","Trung tâm đào tạo"
"university","VIA ENGLISH ACADEMY - HÀ HUY TẬP - ĐÀ NẴNG","Trung tâm giáo dục"
"university","Rikkei Academy Đà Nẵng","Trung tâm giáo dục"
"university","TS Korea Academy","Trung tâm giáo dục"
"university","Era Academy","Trung tâm trường học"
"university","Young Academy","Trung tâm đào tạo"
"university","Mun Art Academy - Trung Tâm Đào Tạo Nghệ Thuật Mun Art","Nhạc viện"
"university","Trung tâm ngoại ngữ Phuc Nguyen Academy","Trung tâm giáo dục"
"university","Anh ngữ Quốc tế Fisher's Superkids Academy","Trường dạy tiếng Anh"
"university","Vinaenter Academy","Trung tâm đào tạo"
"university","Thiên Thư Academy","Trung tâm đào tạo"
"university","VTI Academy","Trung tâm đào tạo"
"university","Huy Academy - Đào tạo & Dạy thiết kế đồ họa tại Đà Nẵng","Trung tâm giáo dục"
"university","TIM PTE ACADEMY","Tổ chức giáo dục"
"university","Danatech Academy","Trung tâm đào tạo"
"university","Horus Academy - Đào tạo thiết kế đồ họa","Trung tâm đào tạo"
"university","Bamboo Animation Academy","Trung tâm đào tạo"
"university","Hang Đôi academy - Học Nghề Nhiếp ảnh","Trung tâm đào tạo"
"university","DHE ACADEMY - ĐÀO TẠO ĐẦU TƯ CHỨNG KHOÁN","Tổ chức giáo dục"
"university","FPT Software Academy - Trung tâm đào tạo lập trình viên","Trung tâm đào tạo"
"university","NORON Academy & Store - Cs 1","Trung tâm giáo dục"
"university","Gspa networks Academy","Trung tâm đào tạo"
"university","K2 Academy","Trung tâm giáo dục"
"university","Trung Tâm Dạy Nghề Thẩm Mỹ Cẩm Anh","Trung tâm đào tạo"
"university","Trường Cao Đẳng Công Nghệ Y Dược Việt Nam - Đà Nẵng","Trường y"
"university","Trường Cao đẳng Đại Việt Đà Nẵng","Trường cao đẳng cộng đồng"
"university","Trường Cao đẳng Phương Đông Đà Nẵng","Trường cao đẳng/đại học tư thục"
"university","Trường Cao Đẳng Đà Nẵng (Trụ sở chính)","Trường cao đẳng/đại học chính phủ"
"university","Trường Cao đẳng Kinh tế - Kế hoạch Đà Nẵng","Trường cao đẳng nghề"
"university","Trường Cao đẳng Thương mại","Trường cao đẳng/đại học chính phủ"
"university","Trường Cao Đẳng Du Lịch Đà Nẵng","Trường đại học"
"university","Trường Cao Đẳng Bách Khoa Đà Nẵng","Trường cao đẳng cộng đồng"
"university","Trường Cao đẳng Văn hóa Nghệ thuật Đà Nẵng","Trường nghệ thuật"
"university","Trường Cao đẳng Nghề Nguyễn Văn Trỗi","Trường cao đẳng cộng đồng"
"university","Trường Cao Đẳng Đà Nẵng (cơ sở 3)","Trường cao đẳng/đại học chính phủ"
"university","Trường Cao đẳng Quốc tế Sài Gòn CS. Đà Nẵng","Trường ngoại ngữ"
"university","Trường Cao đẳng Lương thực - Thực phẩm","Trường cao đẳng cộng đồng"
"university","Cao đẳng FPT Polytechnic Đà Nẵng","Trường cao đẳng/đại học tư thục"
"university","Trường Cao đẳng Lạc Việt","Trường cao đẳng cộng đồng"
"university","Trường Cao đẳng Giao thông vận tải Trung ương V","Trường cao đẳng cộng đồng"
"university","Trường Cao Đẳng Công Nghệ Ngoại Thương","Trường cao đẳng nghề"
"university","Trường Cao đẳng nghề Việt Úc","Tổ chức giáo dục"
"university","Phân hiệu Cao đẳng Đường sắt Đà Nẵng","Trường cao đẳng nghề"
"university","trường cao đẳng FPT","Trường đại học"
"university","KTX Trường Cao đẳng Du lịch Đà Nẵng","Trường đại học"
"university","Trường Cao đẳng Quốc tế Pegasus","Trường cao đẳng/đại học tư thục"
"university","Trường Cao Đẳng Y Đà Nẵng","Trường y"
"university","Trường Đại học Công nghệ Thông tin và Truyền thông Việt Hàn - Đại học Đà Nẵng","Trường đại học"
"university","Trường Cao đẳng Hoa Sen","Trường đại học"
"university","Trường Cao đẳng Công nghệ Ngoại Thương","Trường cao đẳng/đại học chính phủ"
"university","Trường Cao đẳng CNTT Chuyên Nghiệp","Trường dạy nghề"
"university","Trường Cao đẳng Điện lực miền Trung","Trường cao đẳng cộng đồng"
"university","Trường Cao đẳng Thương mại","Trường cao đẳng cộng đồng"
"university","Trường Cao Đẳng Quảng Nam","Trường kỹ thuật"
"university","Cổng sau Trường Cao Đẳng Lương Thực - Thực Phẩm","Trung tâm giáo dục"
"university","Trường Cao Đẳng Nghề Bách Nghệ Hải Phòng - Văn Phòng Đại Diện","Trường đại học"
"university","Trường Cao Đẳng Nghề Ispace","Trường đại học"
"university","Cao đẳng FPT Cơ Sở 2","Trường đại học"
"university","Cao đẳng nghề","Trường đại học"
"university","Cao đẳng fpt","Trường đại học"
"university","Ký túc xá Cao đẳng Kinh tế - Kế hoạch ĐN","Trường đại học"
"university","Trường Cao đẳng Công nghệ, Kinh tế và Thủy lợi miền Trung","Trường cao đẳng cộng đồng"
"university","Trường Cao đẳng Hoa Sen","Trường cao đẳng cộng đồng"
"university","Daths","Trường đại học"
"university","Trường Đại học Mỹ tại Việt Nam (AUV)","Trường đại học"
"university","Trường Đại học Công nghệ Thông tin và Truyền thông Việt - Hàn, Đại học Đà Nẵng","Trường đại học"
"university","TRƯỜNG THỰC HÀNH ASPACE","Trường đại học"
"university","Tòa nhà D trường Đại Học Duy Tân","Trường đại học"
"university","Tòa nhà E trường Đại học Duy Tân","Trường đại học"
"university","Tòa nhà C trường đại học Duy Tân","Trường đại học"
"university","Tòa nhà G trường đại học Duy Tân","Trường đại học"
"university","Tòa nhà F trường đại học Duy Tân","Trường đại học"
"university","Thầy Quang Do chuyên dạy toán lý hóa","Trường cao đẳng/đại học sư phạm"
"university","Trung Tâm Đào Tạo Từ Xa Đại Học Thái Nguyên","Trường đại học"
"university","Viện Đào tạo Nghiệp vụ","Tổ chức giáo dục"
"university","Lớp vẽ Hau cơ sở Phố Nối","Trường đại học"
"university","Centennial College Vietnam - Representative Office in Hanoi","Tổ chức giáo dục"
"university","Giảng đường A","Trường cao đẳng/đại học sư phạm"
"university","Tòa A1 - Khu hiệu bộ","Trường đại học"
"university","Hanoi Bible College","Tổ chức giáo dục"
"university","Trường Cao đẳng Thái Nguyên cơ sở 2","Trường đại học"
"university","Trường Cao Đẳng Điện Tử - Điện Lạnh Hà Nội","Trường kỹ thuật"
"university","Viện Nghiên cứu Phát triển Kinh tế - Xã hội Đà Nẵng","Viện nghiên cứu"
"university","Viện Khoa học Thuỷ lợi miền Trung và Tây Nguyên cơ sở 2 (Phòng Thí nghiệm tổng hợp Las-XD 1204)","Viện nghiên cứu"
"university","VIỆN NGHIÊN CỨU KHOA HỌC MIỀN TRUNG","Viện nghiên cứu"
"university","Viện nghiên cứu tâm lý- Giáo dục đặc biệt- Chi nhánh Đà Nẵng","Trung tâm giáo dục"
"university","Viện Khoa học và Công nghệ Tiên tiến - AIST","Viện nghiên cứu"
"university","Văn Phòng Đại Diện Viện Nghiên Cứu Đá Quý Và Vàng Vinagems","Cơ sở tôn giáo"
"university","Cơ Sở Luyện Thi Đại Học 64 Nguyễn Chánh","Trung tâm luyện thi"
"university","ĐÀO TẠO MC - KỸ NĂNG GIAO TIẾP CHUYÊN NGHIỆP RỒNG TIÊN SA","Trung tâm trường học"
"university","Trung Tâm Đào Tạo Lập Trình CyberSoft - Cơ Sở Đà Nẵng","Trung tâm đào tạo"
"university","Trường đào tạo Kỹ năng UPO","Tổ chức giáo dục"
"university","Trung tâm đào tạo pha chế AKATA - Đà Nẵng","Trường dạy nghề"
"university","Trường Đại học Sư Phạm Kỹ thuật - Đại học Đà Nẵng","Đại học kỹ thuật"
"university","Trường Bách Khoa Toàn Cầu","Tổ chức giáo dục"
"university","Cơ Sở Đào Tạo A.V.N & D.N.D","Trung tâm đào tạo"
"university","Trường Đại học Thể dục Thể thao Đà Nẵng","Trường thể thao"
"university","NaNi Kids Futsal- Trung tâm đào tạo bóng đá Cơ sở 17","Trường thể thao"
"university","Học Viện Ngân Hàng Hà Nội - Cơ Sở Đào Tạo Miền Trung","Tổ chức giáo dục"
"university","Trường Đại học Nội vụ Hà Nội - Cơ sở miền Trung | Văn phòng đại diện tại Đà Nẵng","Khoa học thuật"
"university","Musashino Hải Đăng - Trung Tâm Đào Tạo Thực Tập Sinh Musashino Nhật Bản","Trung tâm giáo dục"
"university","Trường THCS Ông Ích Đường","Trường THCS"
"university","Cơ Sở Bồi Dưỡng Kiến Thức Văn Hóa Luyện Thi Đại Học Trọng Nhân","Trung tâm đào tạo"
"university","Khoa Giáo dục Thể chất - Đại học Đà Nẵng","Trung tâm giáo dục"
"university","Đại Học Thể Dục Thể Thao Đà Nẵng CS2","Trường đại học"
"university","Trường THCS Đỗ Thúc Tịnh","Trường THCS"
"university","Trung tâm giáo dục quốc phòng và an ninh","Tổ chức giáo dục"
"university","Đại học Duy Tân - cơ sở 3","Trường đại học"
"university","Trường Đại học Kỹ thuật Y-Dược Đà Nẵng (Cơ sở 2)","Trường đại học"
"university","Trường Trung học Cơ sở Nguyễn Du","Trường THCS"
"university","Trung Tâm Giáo Dục Quốc Phòng An Ninh Quân Khu 5","Tổ chức giáo dục"
"university","Trường Đại học Đông Á","Đại học tư thục"
"university","Trường Đại Học Phan Châu Trinh","Đại học tư thục"
"university","Trường THCS Trần Quốc Tuấn","Trường THCS"
"university","Trường Đại học Ngoại ngữ - Đại học Đà Nẵng","Trường đại học"
"university","Trung Tâm Đào Tạo Nghề Thành Công Việt","Trung tâm đào tạo"
"university","Trung tâm đào tạo ẩm thực nấm","Trung tâm đào tạo"
"university","Trung Tâm Đào Tạo VTE Đà Nẵng","Trung tâm đào tạo"
"university","Trung tâm đào tạo Marketing Online, Lập Trình, Thiết kế Toidayhoc vừa học vừa làm vừa nhận lương","Trung tâm giáo dục"
"university","Trường Đại học Kiến trúc Đà Nẵng","Trường đại học"
"university","Trung tâm Đào tạo Ngoại ngữ & Du học Hàn Quốc K-Dream","Trung tâm học hành"
"university","Trung tâm đào tạo lập trình Toidayhoc: Vừa học - vừa làm - vừa nhận lương","Trung tâm giáo dục"
"university","Trung Tâm Đào Tạo Lái Xe Mô Tô Tâm Thành Phát","Trung tâm giáo dục"
"university","Trung tâm dạy thêm Toán - Lý cô Hoài","Trung tâm giáo dục"
"university","Trung tâm Đào tạo Thường xuyên - Đại học Đà Nẵng","Trung tâm giáo dục"
"university","Trung Tâm Đào Tạo Nghệ Thuật Chopin ( Chopin Music Center)","Trung tâm giáo dục"
"university","Trung tâm đào tạo tester Đà Nẵng","Trung tâm đào tạo"
"university","Trung tâm Đào tạo bóng rổ GBA CS2","Trung tâm đào tạo"
"university","Trung tâm đào tạo nguồn nhân lực XKLĐ","Trung tâm giáo dục"
"university","Trung Tâm Đào Tạo Ảo Thuật K-Magic | Đà Nẵng","Trung tâm giáo dục"
"university","Dạy lái xe ô tô ( hạng B và C1)","Tổ chức giáo dục"
"university","Trung Tâm Đào Tạo Lập Trình Viên Quốc Tế - Softech Aptech - Đào Tạo Mỹ Thuật Đa Phương Tiện Quốc Tế - Softech Arena","Trung tâm đào tạo"
"university","Trung Tâm Đào Tạo & Phát Triển Bóng Rổ Jumpshot Thanh Khê","Trung tâm giáo dục"
"university","Trung Tâm dạy Nail","Trung tâm đào tạo"
"university","Trung Tâm Đào Tạo Tin học VITI","Trung tâm giáo dục"
"university","Trung tâm đào tạo IELTS TP HUB","Trung tâm giáo dục"
"university","S-Talent Academy - Trung tâm Đào tạo Nghệ thuật","Trung tâm đào tạo"
"university","Trung tâm dạy nghề Đà Nẵng","Trường dạy nghề"
"university","Trung tâm Đào tạo nghề & Thẩm mỹ Kiều Phương","Trung tâm đào tạo"
"university","TRUNG TÂM ĐÀO TẠO PHA CHẾ AN THỊNH KENBAR MIỀN TRUNG","Trung tâm giáo dục"
"university","Trung tâm đào tạo _ Ngôn ngữ_ Kỹ Năng_ Âm nhạc_ Đức Hóa","Trung tâm giáo dục"
"university","Trung tâm Đào tạo và Sản xuất Âm nhạc MQ Music.","Trung tâm đào tạo"
"university","iDesign - Trung tâm đào tạo Thiết kế chuyên nghiệp","Trung tâm đào tạo"
"university","VinaEnter - Đào Tạo Digital Marketing Cao Cấp","Trung tâm học hành"
"university","Trung tâm đào tạo tiếng Nhật SUKI","Trung tâm giáo dục"
"university","TRUNG TÂM ĐÀO TẠO AVN","Tổ chức giáo dục"
"university","Trung tâm đào tạo nguồn nhân lực cán bộ Đà Nẵng","Trung tâm giáo dục"
"university","Trung tâm đào tạo VDC III","Tổ chức giáo dục"
"university","Trung Tâm Anh Ngữ Ms. HUYEN AND FRIENDS","Trung tâm đào tạo"
"university","Sơn Chống thấm","Trung tâm đào tạo"
"university","Trung tâm Đào tạo bóng rổ GBA","Trung tâm giáo dục"
"university","Giải Pháp Marketing Online Cho Doanh Nghiệp - Uy Tín, Hiệu Quả","Trung tâm giáo dục"
"university","Trung tâm đào tạo Điện Ảnh Truyền Hình Miền Trung","Trung tâm đào tạo"
"university","Trung Tâm Đào Tạo Năng Khiếu Đà Nẵng - HY Dance Studio","Trường nghệ thuật"
"university","Trung Tâm Đào Tạo Hợp Tác Quốc Tế","Trung tâm đào tạo"
"university","Trung tâm Tin học Việt Tin","Trung tâm giáo dục"
"university","Trung Tâm Đào Tạo - Tư Vấn & Giới Thiệu Việc Làm","Trung tâm đào tạo"
"university","Trung Tâm Đào Tạo Và Cung Ứng Việc Làm Trí Việt","Trung tâm đào tạo"
"university","Trung Tâm Tư Vấn Đào Tạo D. S. C","Trung tâm đào tạo"
"university","Trung tâm đào tạo bóng đá - NaNi Kids Futsal CS16","Trường thể thao"
"university","Trung Tâm Giáo Dục","Trường giáo dục dành cho người lớn"
"university","Trung Tâm Giáo Dục Kỹ Năng Sống Khai Minh Đức","Trung tâm giáo dục"
"university","Duc Tri EduPark - Công viên giáo dục Đức Trí","Trung tâm giáo dục"
"university","Ozland by the Lake","Trung tâm giáo dục"
"university","Lớp Văn Hoá Truyền Thống","Trung tâm giáo dục"
"university","Harmony Waldorf-inspired Đà Nẵng","Trung tâm giáo dục"
"university","Trung Tâm GDTX Số 3 TP Đà Nẵng","Tổ chức giáo dục"
"university","Trung tâm huấn luyện dự bị động viên Đồng Xanh - Đồng Nghệ","Tổ chức giáo dục"
"university","Trung Tâm Gd Thường Xuyên Hướng Nghiệp Liên Chiểu","Trường giáo dục dành cho người lớn"
"university","Trung tâm Giáo dục thường xuyên Số 2 thành phố Đà Nẵng","Trường trung học phổ thông"
"university","Trung Tâm Giáo dục nghề nghiệp Đà Nẵng","Trường kỹ thuật"
"university","Trung tâm GDTX Số 1 Tp Đà Nẵng (cs 2)","Trường giáo dục dành cho người lớn"
"university","Trung tâm Giáo dục Thường xuyên","Trung tâm giáo dục"
"university","Lớp học Toán thầy Lộc","Trung tâm giáo dục"
"university","Trung tâm GDTX Số 1 Tp Đà Nẵng","Trung tâm học hành"
"university","Trung tâm bảo trợ Nạn nhân chất độc da cam và trẻ em bất hạnh Tp. Đà Nẵng - Cơ sở 2","Trung tâm giáo dục"
"university","Trung tâm giáo dục Huỳnh Phước Quảng","Trung tâm giáo dục"
"university","Trung Tâm Giáo Dục Thường Xuyên Huyện Điện Bàn","Trường giáo dục dành cho người lớn"
"university","Trung tâm giáo dục BÚT VIỆT - PHƯỚC LÝ: * LUYỆN CHỮ ĐẸP* - * TIỀN TIỂU HỌC*","Trung tâm giáo dục"
"university","Trung Tâm Giáo Dục Và Phát Triển Kỹ Năng Trí Tuệ Hướng Dương","Trung tâm giáo dục"
"university","Trung Tâm Giáo Dục Phú Minh","Trung tâm giáo dục"
"university","TRUNG TÂM GIÁO DỤC THƯỜNG XUYÊN TỈNH HƯNG YÊN","Tổ chức giáo dục"
"university","Giáo Dục Trí Phan","Trung tâm giáo dục"
"university","Cô Duyên","Trung tâm giáo dục"
"university","Trung tâm giáo dục - can thiệp hỗ trợ tâm lý Kids Home","Trung tâm giáo dục"
"university","Trung tâm Giáo dục Olympic","Trung tâm giáo dục"
"university","Trung tâm giáo dục nghề nghiệp, giáo dục thường xuyên huyện Thanh Trì cơ sở 2","Trung tâm giáo dục"
"university","HỆ THỐNG TRUNG TÂM GIÁO DỤC NEW SKY","Trung tâm giáo dục"
"university","Trung tâm tâm lý giáo dục - An Nguyên","Trung tâm giáo dục"
"university","Chipmunk Garden","Trung tâm giáo dục"
"university","TRUNG TÂM DẠY HỌC - BỒI DƯỠNG KIẾN THỨC & LUYỆN THI EDUCATE - TRÍ TÂM","Trung tâm giáo dục"
"university","ヒノキ日本語クラス","Trung tâm giáo dục"
"university","TRUNG TÂM GIÁO DỤC ĐỊNH HƯỚNG DELIGHT WORKS","Trung tâm giáo dục"
"university","Dịch Vụ Kế Toán Đà Nẵng - Huệ Trần","Trung tâm giáo dục"
"university","Trung Tâm Nhân Đức","Trung tâm giáo dục"
"university","Công ty TNHH Trung tâm Giáo dục Phong Nam","Trung tâm luyện thi"
"university","Trung Tâm Bồi Dưỡng Kiến Thức ZERO","Trung tâm giáo dục"
"university","Trung tâm hỗ trợ phát triển Giáo dục hòa nhập Edunow","Trung tâm giáo dục"
"university","Trung Tâm Giáo Dục Dạy Nghề 05 - 06","Trường dạy nghề"
"university","TRUNG TÂM GIÁO DỤC MYMY","Trường tiểu học"
"university","Trung tâm luyện chữ đẹp","Trung tâm giáo dục"
"university","Trung tâm Hoa Thảo Tiên","Trung tâm giáo dục"
"university","TRUNG TÂM LUYỆN CHỮ ĐẸP NÉT VIỆT","Trung tâm giáo dục"
"university","Trung tâm giáo dục vanda","Trung tâm giáo dục"
"university","Trung tâm giáo dục và trị liệu trẻ em Sunshine","Trung tâm giáo dục"
"university","Trung Tâm English Lily Nguyễn","Trung tâm giáo dục"
"university","Trung Tâm Anh Ngữ Ms Trinh","Trung tâm giáo dục"
"university","Trung tâm Giáo dục văn hóa và rèn luyện kỹ năng EPO","Trung tâm giáo dục"
"university","TRUNG TÂM TIẾNG NHẬT SAORI","Trung tâm giáo dục"
"university","Trung tâm Khoa Trí Quang Châu","Trung tâm giáo dục"
"university","Trung tâm Giáo dục KMK","Trung tâm giáo dục"
"university","Trung Tâm Giáo Dục Chất Lượng Cao Dana School","Tổ chức giáo dục"
"university","Trung Tâm Giáo Dục Thường Xuyên Thường Tín Hà Nội","Trung tâm đào tạo"
"university","Trung Tâm Giáo Dục Nghề Nghiệp - Giáo Dục Thường Xuyên Thành Phố Huế","Trung tâm giáo dục"
"university","Trung Tâm Giáo Dục Phúc Trí","Trường giáo dục phổ thông"
"university","Trung Tâm Dạy Nghề Lái Xe Ôtô – MôTô Miền Trung","Trường dạy nghề"
"university","Trung tâm anh ngữ SUNFLOWER.HT","Trung tâm giáo dục"
"university","Trung Tâm Anh Ngữ Dnv","Trung tâm giáo dục"
"university","Trường Trung Tâm GDNN-GDTX Huyện Phú Xuyên, Thành phố Hà Nội","Trung tâm giáo dục"
"university","Trung Tâm Tiếng Anh Ivy English Hoà Khánh","Trung tâm giáo dục"
"university","Trung tâm Tiếng Anh New Sky","Trung tâm giáo dục"
"university","Minh Vuong Edu - Trung tâm Anh ngữ","Trung tâm giáo dục"
"university","Công ty Cổ phần Giáo dục Nobel Việt Nam","Trung tâm giáo dục"
"university","Trung tâm giáo dục Phúc An","Trung tâm giáo dục"
"university","Trung tâm Toán Trí Tuệ Superbrain Hòa Khánh","Trung tâm giáo dục"
"university","Trung tâm Giáo dục hoà nhập Hoa xương rồng - Hỗ trợ trẻ tự kỷ","Trung tâm giáo dục"
"university","Trung Tâm Nghệ Thuật Chill Art","Trung tâm giáo dục"
"university","Trung tâm Giáo dục Quốc phòng - An ninh và Thể thao, Đại học Đà Nẵng","Khoa học thuật"
"university","Trung Tâm Giáo Dục Thường Xuyên Ba Đình","Trung tâm học hành"
"university","Trung tâm Tuệ Lâm","Tổ chức giáo dục"
"university","Trung tâm Ngoại ngữ Success - Công ty CP Giáo dục Nobel Vietnam","Trung tâm giáo dục"
"university","Trung Tâm GDNN - GDTX Quận 1","Trung tâm giáo dục"
"university","Trung Tâm Giáo Dục Nghề Nghiệp- Giáo Dục Thường Xuyên Quận Thanh Xuân","Trường dạy nghề"
"university","Trung Tâm giáo dục thường xuyên Đống Đa","Trường giáo dục dành cho người lớn"
"university","DNV English Center","Tổ chức giáo dục"
"university","Trung tâm Ngoại Ngữ BritTop Education","Trung tâm giáo dục"
"university","Trung tâm Giáo dục thường xuyên - Hướng nghiệp Nghệ An","Trung tâm học hành"
"university","Trung tâm giáo dục Melcap","Trung tâm giáo dục"
"university","Trung Tâm GDNN - GDTX Quận Bình Tân","Trường dạy nghề"
"university","Trung tâm tiếng Anh WISE ENGLISH 380 Tôn Đức Thắng","Trường dạy tiếng Anh"
"university","Trung Tâm GDNN - GDTX Quận 8","Trung tâm giáo dục"
"university","TRUNG TÂM ANH NGỮ BEC","Trung tâm giáo dục"
"university","TRUNG TÂM TOÁN HỌC PYTAGO HƯNG YÊN","Trung tâm giáo dục"
"university","Cơ sở 2, Phân hiệu Đại học Đà Nẵng tại Kon Tum","Trường đại học"
"university","Học viện Phụ nữ Việt Nam","Đại học công lập"
"university","HLU News","Trường đại học"
"university","Trung Tâm Đào Tạo Pha Chế Vietblend - Chi nhánh Hà Nội","Trường dạy nghề"
"university","Lớp Toán Thầy Đức Cô My","Trung tâm giáo dục"
"university","Hòa Ma Toán - CS Nguyễn Chí Thanh - Luyện Thích Học Toán","Trường cao đẳng/đại học sư phạm"
"university","Trường Đại học Giáo dục - Đại học Quốc gia Hà Nội","Trường đại học"
"university","Trường Đại học Văn hóa Nghệ thuật Quân đội","Trường đại học"
"university","Trường Đại học thanh thiếu niên","Trường đại học"
"university","University Access Centre (UAC) - Trung Tâm Tiếp Cận Đại Học","Trung tâm giáo dục"
"university","Đại học Nam Columbia tại Việt Nam","Trường đại học"
"university","Trường đại học sân khấu điện ảnh","Trường đại học"
"university","Học viện Hành chính và Quản trị công","Trường đại học"
"university","trường đại học (nơi tình iu bắt đầu)","Trường đại học"
"university","Học viện Chính sách và Phát triển","Trường đại học"
"university","Học viện Tài chính - Dự án đào tạo Thạc sĩ Tài chính Quốc tế","Trường đại học"
"university","Khoa Trang Trí Nội Ngoại Thất, Đại học Mỹ thuật Công Nghiệp","Đại học công lập"
"university","Giảng đường nhà D, Trường Đại học Văn hóa Hà Nội","Khoa học thuật"
"university","Đại học đông đô","Trường đại học"
"university","Trường Đại Học Mở Hà Nội - Cơ Sở Đào Tạo Hệ VLVH","Trường đại học"
"university","Columbia Southern University Hà Nội","Trường đại học"
"university","Giáo Dục Thụy Điển","Trường đại học"
"university","Trường Trung Cấp Đa Ngành Hà Nội","Trường dạy nghề"
"university","Học Viện Âm Nhạc Quốc Gia Việt Nam","Nhạc viện"
"university","Khóa học MBA online","Trường đại học"
"university","Viện Nghiên cứu Lý thuyết và Ứng dụng - Đại học Duy Tân","Trường đại học"
"university","Viện Đại học Sydney Việt Nam","Viện nghiên cứu"
"university","Giảng đường nhà B, Trường Đại học Văn hóa Hà Nội","Khoa học thuật"
"university","Viện Nghiên cứu Giáo dục Đại học Việt Nam","Trung tâm giáo dục"
"university","Trung tâm luyện thi đại học thầy Tùng toán - Cơ sở 1","Trung tâm luyện thi"
"university","Văn phòng ASEAN - Đại học Ritsumeikan","Trường đại học"
"university","Ký túc xá B3 - Đại học Bách khoa Hà Nội","Trường đại học"
"university","Viện Hàn lâm Khoa học xã hội Việt Nam","Viện nghiên cứu"
"university","lớp vẽ ARC Hà Nội","Trung tâm giáo dục"
"university","Tuyển sinh Trường Đại học Bách Khoa Hà Nội","Trường đại học"
"university","TRUNG TÂM ĐÀO TẠO VÀ PHÁT TRIỂN GIÁO DỤC EG VIETNAM","Trường đại học"
"university","Nhà 12 Trường ĐH KTQD","Trường đại học"
"university","Trường THCS Trưng Vương","Trường THCS"
"university","Viện Khoa Học Kinh Tế Xây Dựng","Trường đại học"
"university","đống đa Hà Nội","Trường THCS"
"university","Khoa Sau Đại Học - Trường Đại học Công đoàn","Trường sau đại học"
"university","Trường THCS Nguyễn Du","Trường THCS"
"university","Trạm y tế Đại học Bách khoa Hà Nội","Trường đại học"
"university","Trung tâm Luyện Thi Đại Học Thiên Sâm","Trung tâm giáo dục"
"university","Tòa D3 Đại học Bách Khoa Hà Nội","Trường đại học"
"university","Du học Nga","Tổ chức giáo dục"
"university","Trường THCS Nguyễn Trường Tộ","Trường THCS"
"university","Viện đào tạo & phát triển nhân lực DNT","Trung tâm giáo dục"
"university","Học viện đào tạo Huấn luyện viên thực chiến","Trung tâm đào tạo"
"university","Hệ Thống Đào Tạo Lập Trình Viên Chất Lượng Cao Techacademy","Trung tâm đào tạo"
"university","Trường Nghệ Thuật ICA","Nhạc viện"
"university","Trường Trung Cấp Nghề Du Lịch Hà Nội - HHTC","Trường dạy nghề"
"university","Trung Tâm Đào Tạo Vận Động Viên Cấp Cao Hà Nội","Trường thể thao"
"university","Trung Tâm Đào tạo Quản trị sản xuất PMCVietnam","Trường học tư nhân"
"university","Học Viện Quản Lý PACE (VP Hà Nội) | Đào tạo Quản lý Lãnh Đạo & Tư vấn Quản Trị Doanh Nghiệp","Tổ chức giáo dục"
"university","Học viện đào tạo G-Talent","Trường học tư nhân"
"university","Học viện đào tạo âm nhạc Kul Academy","Trung tâm đào tạo"
"university","Techmaster","Trường đào tạo máy tính"
"university","Học viện NetPro","Trường đào tạo máy tính"
"university","VTC Academy Trung Kính - Hà Nội","Trung tâm giáo dục"
"university","Trường Đại học Điện Lực","Đại học công lập"
"university","Trường đh","Trường đại học"
"university","Trường Đại học Kinh tế - ĐHQGHN","Trường đại học"
"university","Cử nhân Việt Hàn,Thạc sĩ Tài chính Việt Pháp Khoa Đào tạo quốc tế FTU","Trường đại học"
"university","Trường Đại Học Ngoại Ngữ - ĐHQGHN","Trường đại học"
"university","Đại Học Greenwich Việt Nam","Trường đại học"
"university","Trường học IIFE hvtc","Trường đại học"
"university","Trường Cao Đẳng Dầu Khí Việt Nam - Cn Văn Phòng","Trường đại học"
"university","Khoa Công trình, Trường Đại học Giao thông vận tải","Khoa học thuật"
"university","Tòa C - Trường Đại học Sư phạm Hà Nội","Trường đại học"
"university","Nhà A1 - Trường Đại học Ngoại ngữ","Trường đại học"
"university","Trường THPT Chu Văn An","Trường trung học phổ thông"
"university","Trường đại học Lao động-Xã hội","Trường đại học"
"university","Trường Đại học Luật - Đại học quốc gia Hà Nội","Trường đại học"
"university","NOVA International Education Company (NOVA EDU., JSC)","Trường đại học"
"university","Trường THPT Văn Lang","Trường cấp ba"
"university","Trường Cao Đẳng Asean","Trường đại học"
"university","Học viện yêu Vlady","Trung tâm giáo dục"
"university","Học Viện Thanh Thiếu Niên Việt Nam - TW Đoàn Thanh Niên Cộng Sản Hồ Chí Minh","Trường đại học"
"university","Học Kỳ Quân Đội - Học viện Thanh thiếu niên Việt Nam","Tổ chức giáo dục"
"university","Học viện Công nghệ X-Class","Trung tâm giáo dục"
"university","HỌC VIỆN AIUNI","Trung tâm giáo dục"
"university","THALIC VOICE - Học viện Giọng nói và Kỹ năng","Trung tâm giáo dục"
"university","Học viện Chuyên viên Quản lý nhà nước","Trung tâm giáo dục"
"university","Học Viện Ngôn Ngữ Anh Quốc ABIT","Trung tâm giáo dục"
"university","Học Viện Quản Lý Chuyên Nghiệp","Trung tâm đào tạo"
"university","Top Edu - Học Viện Ngôi Sao","Trung tâm giáo dục"
"university","Học Viện GITA","Trung tâm giáo dục"
"university","Học Viện Doanh Nhân Vân Nguyên Edubiz","Trường giáo dục dành cho người lớn"
"university","Dạy Ảo thuật tại Hà Nội - Học viện Ảo thuật Việt Nam","Trường nghệ thuật"
"university","Học viện Wonder Hu","Trung tâm giáo dục"
"university","Học Viện Expertrans EI","Trường ngoại ngữ"
"university","Học viện NIJI","Trung tâm giáo dục"
"university","Học viện amiCoach","Trường dạy nghề"
"university","Viện Kinh tế - Tài chính, Học viện Tài chính","Viện nghiên cứu"
"university","Toà D - Học viện Ngoại giao","Trường đại học"
"university","Cổng C - Học viện Phụ nữ Việt Nam","Trường đại học"
"university","Học Viện Sao Nam Việt","Tổ chức giáo dục"
"university","Khoa Chính trị học - Học Viện Thanh Thiếu Niên Việt Nam","Trường đại học"
"university","Trung Tâm Thanh Nhạc EDUMESA","Trung tâm đào tạo"
"university","SPLUS Academy - Học theo nhu cầu","Trung tâm giáo dục"
"university","Canada Academy of Music (Học viện Âm nhạc Canada)","Trung tâm giáo dục"
"university","Học viện Hiền Tài","Trung tâm giáo dục"
"university","Kí Túc Xá Học viện Thanh thiếu niên Việt Nam","Tổ chức giáo dục"
"university","Trung tâm tiếng Đức German Link - Tòa nhà hội sở","Trung tâm giáo dục"
"university","Học Phun Xăm, Spa, Nail - Học viện thẩm mỹ Quốc Tế SCI","Tổ chức giáo dục"
"university","Học viện WECAP","Trung tâm đào tạo"
"university","ASA - Học viện Giáo dục - Thể thao Hoa Kỳ","Trung tâm giáo dục"
"university","OMSOHA - Học Viện Năng Lượng Tỉnh Thức","Trung tâm đào tạo"
"university","Master Media Academy","Tổ chức giáo dục"
"university","Havina Language Academy","Trường dạy tiếng Anh"
"university","Học viện Thẩm mỹ Zen Academy 미용 아카데미","Trung tâm đào tạo"
"university","Học viện Beauty Plus - Dr Jin Medical Beauty","Trung tâm giáo dục"
"university","Học Viện Toán Sơ Đồ - MathMap Academy","Trung tâm đào tạo"
"university","IM Group - Hệ Thống Học Viện Kinh Doanh Số (Văn phòng Hà Nội)","Trung tâm giáo dục"
"university","CÔNG TY CỔ PHẦN HỌC VIỆN GIÁO DỤC KARMA","Tổ chức giáo dục"
"university","Shichida Kim Ma","Tổ chức giáo dục"
"university","Mỹ Thuật Yết Kiêu","Trung tâm trường học"
"university","Vinalink Academy - Trung tâm học Digital Marketing Online","Trung tâm đào tạo"
"university","Plato Branding Academy","Tổ chức giáo dục"
"university","American Edu-Sports Academy","Trường thể thao"
"university","BT Academy - Đào tạo giọng nói và thần thái doanh nghiệp","Trung tâm giáo dục"
"university","Global Academy","Tổ chức giáo dục"
"university","Bờm Academy","Tổ chức giáo dục"
"university","ASEAN ACADEMY","Trung tâm đào tạo"
"university","Kolin Academy","Trung tâm giáo dục"
"university","Tomorrow Marketers Academy","Trung tâm giáo dục"
"university","Linh Linh makeup store & Academy","Trung tâm giáo dục"
"university","Impactus Academy","Trường dạy tiếng Anh"
"university","Nana Model Academy","Trung tâm đào tạo"
"university","rèn academy","Trung tâm đào tạo"
"university","D'amélie Piano Academy","Trung tâm giáo dục"
"university","Trung tâm Luyện thi Hồng Long Academy","Trung tâm luyện thi"
"university","Phương Vũ Academy","Tổ chức giáo dục"
"university","VTI Academy","Trung tâm giáo dục"
"university","MVV Academy","Tổ chức giáo dục"
"university","Viện Vũ trụ và Địa không gian Vega","Trung tâm giáo dục"
"university","TràThuLe makeup academy HN","Trung tâm giáo dục"
"university","GITA Academy","Trung tâm trường học"
"university","UB Academy - Trung tâm Đào tạo Nghiệp vụ Ngân hàng Tài chính","Tổ chức giáo dục"
"university","EME DJ Academy","Trường học tư nhân"
"university","Thanh nhạc Voice Academy","Nhạc viện"
"university","Havina Business Academy","Tổ chức giáo dục"
"university","Eternal Studio - DJ & Dance Academy","Trung tâm giáo dục"
"university","FLOART ACADEMY","Trường nghệ thuật"
"university","Golden Key Language Academy - Trung tâm Đào tạo Ngoại ngữ","Trường dạy tiếng Anh"
"university","Viet Nam NLP Academy","Trung tâm đào tạo"
"university","BrainSTEM English Academy - 2A Nguyên Hồng","Trường dạy tiếng Anh"
"university","Institute of International Finance Education - Academy of Finance","Trường kinh doanh"
"university","Trường Cao đẳng Công nghệ và Thương mại Hà Nội","Trường đại học"
"university","Trường Cao đẳng nghề Điện","Trường kỹ thuật"
"university","Trường Cao Đẳng Y tế Phú Thọ - Hà Nội","Trường y"
"university","Trường Cao đẳng Y Dược Pasteur cơ sở Thái Thịnh","Trường cao đẳng/đại học tư thục"
"university","Trường Cao đẳng Y Dược Pasteur Hà Nội","Trường y"
"university","Khoa Công Nghệ Ô Tô - Cao Đẳng Bách Khoa","Tổ chức giáo dục"
"university","Trường Cao đẳng Quản lý và Kinh doanh Hà Nội","Trường cao đẳng/đại học tư thục"
"university","Trường cao đẳng du lịch","Trường đại học"
"university","Trường Trung cấp Nghề May và Thời trang Hà Nội.","Trường dạy nghề"
"university","Xưởng thực hành B4A khoa Cơ khí - Trường Cao đẳng nghề Bách Khoa Hà Nội","Trường đại học"
"university","Văn phòng tư vấn trường Cao đẳng Công nghệ Viettronics","Tổ chức giáo dục"
"university","Trường Cao Đẳng Nghề Icare","Trường dạy nghề"
"university","Trường Cao Đẳng Công Nghệ Ngoại Thương","Trường đại học"
"university","Trường Trung Cấp Kinh Tế Kỹ Thuật Hà Nội 1","Trường kỹ thuật"
"university","Trường Trung cấp xây dựng Hà Nội","Tổ chức giáo dục"
"university","Công ty Cổ Phần Trường Cao Đẳng Quốc Tế Hà Nội","Tổ chức giáo dục"
"university","Trường Cao đẳng Ngoại ngữ và Công nghệ Hà Nội","Tổ chức giáo dục"
"university","CS2 - Trường Cao đẳng Công nghệ và Thương mại Hà Nội","Tổ chức giáo dục"
"university","Trường Cao Đẳng Công nghệ và Du lịch","Trường dạy nghề"
"university","Trường Cao Đẳng Ngoại Ngữ","Tổ chức giáo dục"
"university","Trường Cao Đẳng Y Dược Cộng Đồng","Trung tâm giáo dục"
"university","Trường Cao Đẳng Công Nghệ Và Du Lịch - Cơ sở đào tạo tại Hà Nội","Trường dạy nghề"
"university","Trường Cao Đẳng đào tạo tiếng hàn Hà Nội chất lượng","Trường ngoại ngữ"
"university","Văn Phòng Tuyển Sinh - Trường Cao Đẳng Bách Nghệ","Tổ chức giáo dục"
"university","Trường Trung Cấp Nghề Đồng Hồ - Điện Tử - Tin Học","Trường kỹ thuật"
"university","Trung tâm Tiếng Hàn HANEDU","Trung tâm giáo dục"
"university","Trường Cao đẳng Bách khoa Việt Nam","Tổ chức giáo dục"
"university","Trung Tâm Liên Thông Cao Đẳng Mầm Non","Trung tâm giáo dục"
"university","Cao đẳng nghề bách khoa","Trường đại học"
"university","Nhà học A17 Cao đẳng nghề Bách Khoa","Tổ chức giáo dục"
"university","Trường Cao đẳng GTVT Trung ương I - Cơ sở Đông Ngạc","Trường đại học"
"university","Học viện King Sejong Huế","Trung tâm giáo dục"
"university","Học Viện Hành Chính Quốc Gia","Đại học công lập"
"university","Viện Khoa Học Nông Nghiệp Việt Nam","Cơ sở tôn giáo"
"university","Học viện Âm nhạc Huế","Trường đại học"
"university","Viện Đào tạo mở và Công nghệ thông tin - Đại học Huế","Trường cao đẳng/đại học mở"
"university","Viện Tài Nguyên và Môi Trường, Đại học Huế","Viện nghiên cứu"
"university","Haland English Academy","Trung tâm giáo dục"
"university","Trường Đại học Nông Lâm Huế","Trường đại học"
"university","Đại Học Huế - Viện Tài Nguyên, Môi Trường Và Công Nghệ Sinh Học","Trường đại học"
"university","Trường Cao đẳng Huế","Trường cao đẳng cộng đồng"
"university","Thầy Trung Dạy Lái Xe Ôtô Trường Cao Đẳng Huế","Trường dạy nghề"
"university","Trường THPT Bùi Thị Xuân","Trường cấp ba"
"university","Trung tâm Ngoại ngữ E-space","Trung tâm giáo dục"
"university","Học viện Đào tạo Quốc tế ANI","Trung tâm đào tạo"
"university","Trường Đại học PXU ( PXU )","Trường đại học"
"university","Trường Đại học Khoa học Huế","Trường đại học"
"university","Trường Đại học Nghệ thuật Huế","Trường đại học"
"university","Trung Tâm Kỹ Thuật Tổng Hợp Hướng Nghiệp Thành Nội","Trường dạy nghề"
"university","Ban Công Tác Sinh Viên Đại Học Huế","Tổ chức giáo dục"
"university","Trường Đại học Y Dược Huế","Trường đại học"
"university","Trường Đại học Sư phạm Huế","Trường đại học"
"university","Trường Đại Học Ngoại Ngữ Huế","Tổ chức giáo dục"
"university","Trường Đại học Phú Xuân","Trường đại học"
"university","Học Viện Cán Bộ Quản Lý Xây Dựng Và Đô Thị","Cơ sở tôn giáo"
"university","Ms. Chi Educates","Trung tâm giáo dục"
"university","Trung tâm Ngoại ngữ - Tin học ALPHA","Trung tâm giáo dục"
"university","Viện Nghiên Cứu Sức Khỏe Cộng Đồng, Trường Đại Học Y Dược Huế","Viện nghiên cứu"
"university","Học Viện Đào Tạo Quốc Tế ANI","Trung tâm giáo dục"
"university","Hue Institute for Development Studies","Viện nghiên cứu"
"university","Học Viện SkillUP - Cơ sở 2","Trung tâm giáo dục"
"university","Viện Công nghệ sinh học, Đại học Huế","Viện nghiên cứu"
"university","Trung Tâm Ngoại Ngữ Success Huế","Trường ngoại ngữ"
"university","HỌC VIỆN NGHỆ THUẬT KAMI","Trung tâm giáo dục"
"university","IELTS Mentor Huế 2","Trung tâm giáo dục"
"university","Tiếng Hàn Huế - Ran Chô","Trường ngoại ngữ"
"university","Kindle English Academy","Trường dạy tiếng Anh"
"university","Học Viện Anh Ngữ Weup Huế","Trường dạy tiếng Anh"
"university","Viện Khoa Học Chăm Sóc Sức Khỏe Việt Nam Trung Tâm Sức Khỏe Cộng Đồng Dương Thủy","Cơ sở tôn giáo"
"university","GEM - Du Học Nghề Đức & Đào Tạo Tiếng Đức Tại Huế","Trung tâm giáo dục"
"university","Trung tâm Ngoại ngữ IPA","Tổ chức giáo dục"
"university","Anh Ngữ AMES Huế","Trường dạy tiếng Anh"
"university","Anh Ngữ Ms. Trân","Trung tâm giáo dục"
"university","Dạy tiếng Nhật","Trung tâm đào tạo"
"university","Trung Tâm Tiếng Trung 3H","Trường dạy tiếng Trung Quốc"
"university","Trung tâm Anh ngữ DHP","Trường dạy tiếng Anh"
"university","Trung tâm Anh ngữ EduPath - Huế","Trường dạy tiếng Anh"
"university","Trung tâm REACH Huế (REACH Hue center)","Trung tâm đào tạo"
"university","Trung tâm Ngoại ngữ We Share - Đào tạo tiếng Hàn số 1 tại Huế","Trung tâm giáo dục"
"university","NHẬT NGỮ YUUKI","Trung tâm giáo dục"
"university","Văn phòng Học viện PGVN tại Huế","Trường đại học"
"university","Công ty tư vấn du học Intrase","Trung tâm giáo dục"
"university","Trung Tâm Rồng Việt Huế","Trung tâm giáo dục"
"university","Anh Ngữ Sunshine","Trường dạy tiếng Anh"
"university","The English Mentor","Trường dạy tiếng Anh"
"university","Trung tâm ngoại ngữ ANI","Trường dạy tiếng Anh"
"university","IELTS Mentor Phong Châu","Trường ngoại ngữ"
"university","Tấn Đạt IELTS","Trung tâm giáo dục"
"university","Khoa Công Nghệ Thông Tin - truyền thông","Khoa học thuật"
"university","KENT Academy of English","Trường dạy tiếng Anh"
"university","Trường Cao đẳng Âu Lạc - Huế","Trường đại học"
"university","Trung tâm Anh ngữ Quốc tế iLead AMA","Trường dạy tiếng Anh"
"university","Hue University","Trường đại học"
"university","Trường Du Lịch Đại học Huế","Trường đại học"
"university","Quốc Tử Giám","Trường đại học"
"university","Trường đại học Phú Xuân - cơ sở 3","Trường đại học"
"university","Trường Đại học dân lập Phú Xuân","Trường đại học"
"university","Khoa Quốc tế - Đại học Huế (HUIS)","Tổ chức giáo dục"
"university","Đại học kinh tế huế","Trường đại học"
"university","Hoa Tráp Thuý Phạm","Trường kinh doanh"
"university","Hue University Journal of Science","Trường đại học"
"university","Trường THPT chuyên Quốc Học Huế","Trường trung học phổ thông"
"university","Trường đại học kinh tế huế","Trường đại học"
"university","Đại học phú xuân","Trường đại học"
"university","Trung tâm Tin học, Trường Đại học Nông Lâm Huế","Trường đại học"
"university","Trường Cao đẳng Y tế Huế (Sáp nhập vào trường ĐH Y - Dược, Đại học Huế từ tháng 10.2025)","Trường y"
"university","Trường Đại học Tài chính - Kế toán, Phân hiệu Thừa Thiên Huế","Trường đại học"
"university","Trường Đại học Luật, Đại học Huế","Trường đại học"
"university","Trường Đại học Kinh tế, Đại học Huế","Khoa học thuật"
"university","Đại Học Sư Phạm Huế Cơ Sở 2","Trường đại học"
"university","Khoa Kỹ thuật và Công nghệ - Đại học Huế","Khoa học thuật"
"university","Trường Cao đẳng Công nghiệp Huế","Trường đại học"
"university","Trường Cao Đẳng Du Lịch Huế","Trường cao đẳng cộng đồng"
"university","Công Ty TNHH MTV Hoàng Nhân Long","Trường kinh doanh"
"university","Thư viện trường Đại học Ngoại Ngữ, Huế","Trường đại học"
"university","Ký túc Xá Trường Đại học Tài chính - Kế toán","Tổ chức giáo dục"
"university","Trường THCS Nguyễn Hoàng","Trường THCS"
"university","Tòa nhà Hiệu bộ, trường Đại học Ngoại ngữ, Huế","Trường đại học"
"university","Khoa Cơ Khí - Công Nghệ, Đại Học Nông Lâm Huế","Tổ chức giáo dục"
"university","Bộ môn Nội","Khoa học thuật"
"university","Trường Tiểu học Phường Đúc","Trường tiểu học"
"university","Trường THCS Trần Cao Vân","Trường THCS"
"university","Tổ Chức Đại Học Pháp Ngữ","Trường đại học"
"university","Trung tâm luyện thi Đại học Học và Bồi dưỡng kiến thức","Trung tâm giáo dục"
"university","Khoa Địa lý - Địa chất","Khoa học thuật"
"university","Trường Tiểu học Thủy Biều","Trường tiểu học"
"university","Trường THCS Tôn Thất Tùng","Trường THCS"
"university","Tùng Anh Văn","Trường học tư nhân"
"university","Khoa Môi trường","Trường đại học"
"university","Trường Tiểu Học Thuận Hòa","Trường tiểu học"
"university","Trường tiểu học Kim Long","Trường tiểu học"
"university","Ngành Marketing- Đại Học Kinh Tế Huế","Trường đại học"
"university","Trường Tiểu Học Trần Quốc Toản","Trường tiểu học"
"university","Trường THPT Đặng Trần Côn","Trường trung học phổ thông"
"university","Department of Mathematics","Khoa học thuật"
"university","Bộ môn Lao","Khoa học thuật"
"university","Trường THCS Hàm Nghi","Trường THCS"
"university","Trường Cao đẳng Văn hóa Nghệ thuật Huế","Trường đại học"
"university","Bộ môn Gây mê hồi sức","Khoa học thuật"
"university","Khoa Kiến trúc","Khoa học thuật"
"university","Trung tâm Nội tiết sinh sản và Vô sinh (HUECREI)","Trường đại học"
"university","Khoa Lịch sử","Khoa học thuật"
"university","Trường THCS Thống Nhất","Trường THCS"
"university","Câu Lạc Bộ Văn Hoá Văn Nghệ, Đại Học Luật - Đại Học Huế","Trường nghệ thuật"
"university","Điểm thi IELTS (BC) - ĐẠI HỌC HUẾ","Trung tâm giáo dục"
"university","Khoa Địa lý","Khoa học thuật"
"university","Khoa Giáo dục Chính trị","Khoa học thuật"
"university","Khoa Giao hưởng - Nhạc nhẹ - Công nghệ âm nhạc","Khoa học thuật"
"university","Khoa Công nghệ Thông tin","Khoa học thuật"
"university","Trung tâm Anh ngữ TOP English Academy Hue","Trung tâm giáo dục"
"university","Nơ Phan Academy","Trường giáo dục phổ thông"
"university","DUHA Academy","Trung tâm giáo dục"
"university","Đông Phan Academy","Tổ chức giáo dục"
"university","C Music Academy","Trường nghệ thuật"
"university","BRITISH ENGLISH ACADEMY","Trường đại học"
"university","Lee Nguyễn Academy","Tổ chức giáo dục"
"university","Công ty TNHH MTV DHP ACADEMY","Trung tâm giáo dục"
"university","Trung Tâm Đào Tạo Digital Marketing - Nguyen Academy","Trung tâm đào tạo"
"university","Trung Tâm Đào Tạo Marketing 3T Academy","Trung tâm giáo dục"
"university","Nguyen Academy - Học Quảng Cáo Facebook Tại Huế","Trung tâm đào tạo"
"university","Cúc Phạm Academy","Tổ chức giáo dục"
"university","Lê Rốt Academy","Trường giáo dục phổ thông"
"university","B&H Talent Academy","Trung tâm giáo dục"
"university","Trung tâm ngoại ngữ AMY ENGLISH ACADEMY","Trường dạy tiếng Anh"
"university","Trường sư phạm Huế","Trường đại học"
"university","Keiser University, Huế","Trường đại học"
"university","MT001","Trường đại học"
"university","Trường Tiểu học số 2 Kim Long","Trường tiểu học"
"university","Ký thúc xá Y tế","Trường đại học"
"university","CRD Vietnam","Trường đại học"
"university","TRUNG TÂM THỰC HÀNH VÀ ĐÀO TẠO NGHỀ CNTY, KHOA CHĂN NUÔI THÚ Y, TRƯỜNG ĐẠI HỌC NÔNG LÂM HUẾ","Trường đại học"
"university","INSA Centre Val de Loire - Campus Hue","Trường đại học"
"university","Kí túc xá trường Cao đẳng Y tế Huế","Trường đại học"
"university","Trường THCS Phan Sào Nam","Trường THCS"
"university","Trường Cao Đẳng Công Nghiệp Huế, Cơ sở 2","Trường đại học"
"university","Y khoa","Trường y"
"university","TT ĐÀO TẠO KỸ NĂNG SỐ VÀ ỨNG DỤNG AI","Trường đại học"
"university","Trường Tiểu học Trường An","Trường tiểu học"
"university","Khoa Ngữ Văn","Trường đại học"
"university","Trường Tiểu học Phước Vĩnh","Trường tiểu học"
"university","Trường Thcs Vĩnh Lợi","Trường THCS"
"university","Khoa Công nghệ Hóa - Môi trường, Trường Cao đẳng Công nghiệp Huế","Trung tâm giáo dục"
"university","Trường Tiểu học Phú Cát","Trường tiểu học"
"university","Trường Tiểu Học Thủy Xuân","Trường tiểu học"
"university","Trường THCS Tố Hữu","Trường THCS"
"university","Trường Trung cấp Văn hóa Nghệ thuật tỉnh Thừa Thiên Huế","Trường nghệ thuật"
"university","Phòng Đào tạo và Công tác sinh viên, Trường Cao đẳng Công nghiệp Huế","Khoa học thuật"
"university","Khoa Quản trị Ngoại ngữ Du Lịch trường Cao đẳng Công nghiệp Huế","Khoa học thuật"
"university","Khoa Giáo Dục Thể Chất, Đại học Huế","Khoa học thuật"
"university","Trường Cao đẳng nghề số 4 - Cơ sở TP Huế","Trường cao đẳng cộng đồng"
"university","Trường Trung Cấp Nghề Số 10","Tổ chức giáo dục"
"university","Chi nhánh Huế - Trường Cao Đẳng Nghề Số 4 - BQP","Trường cao đẳng cộng đồng"
"university","Trường Cao đẳng nghề Thừa Thiên Huế","Trường dạy nghề"
"university","Phổ thông Cao đẳng FPT Polytechnic Huế","Tổ chức giáo dục"
"university","Trung tâm tuyển sinh Cao đẳng Công nghiệp Huế","Trung tâm đào tạo"
"university","Cơ sở 3 - Trường Cao đẳng Công nghiệp Huế","Trường cao đẳng cộng đồng"
"university","Luyện chữ đẹp Hà Anh","Trung tâm giáo dục"
"university","Trung tâm Hỗ trợ sinh viên và Liên kết đào tạo trường CĐSP TT Huế","Trường giáo dục dành cho người lớn"
"university","Phân Hiệu Trường Cao Đẳng Xây Dựng Công Trình Đô Thị","Trường đại học"
"university","Trung Tâm Nghiên Cứu & Phát Triển Nông Nghiệp Huế","Viện nghiên cứu"
"university","Viện Thuận Huy","Viện nghiên cứu"
"university","Trường Cao Đẳng Nghề Nguyễn Tri Phương","Tổ chức giáo dục"
"university","Trường THCS Nguyễn Thị Minh Khai","Trường giáo dục phổ thông"
"university","Trung Tâm Ngoại Ngữ HueMaster","Trường ngoại ngữ"
"university","Trường THPT Thuận Hóa","Trường trung học phổ thông"
"university","Liên hiệp các Hội Khoa học kỹ thuật Thành phố Huế","Tổ chức giáo dục"
"university","Trường THPT Hai Bà Trưng","Trường trung học phổ thông"
"university","Trường THPT Nguyễn Trường Tộ","Trường cấp ba"
"university","NORON Huế","Trung tâm trường học"
"university","Trung tâm Ngoại ngữ MUNDO","Trường ngoại ngữ"
"university","Anh ngữ Bee U","Trường dạy tiếng Anh"
"university","Trung tâm luyện thi IELTS Fighter Huế","Trường dạy tiếng Anh"
"university","Trường Tiểu Học Lê Lợi","Trường tiểu học"
"university","Pikes Peak State College","Trường cao đẳng cộng đồng"
"university","ANH NGỮ LATTA","Trường dạy tiếng Anh"
"university","Citrus College","Trường cao đẳng cộng đồng"
"university","Việc làm Nhật Bản Esuhai Huế","Trung tâm giáo dục"
"university","Chabot College","Trường cao đẳng cộng đồng"
"university","LỚP TOÁN THẦY NGUYÊN - Tp HUẾ","Trung tâm học hành"
"university","Trường Tiểu học Phú Hòa","Trường tiểu học"
"university","Cao đẳng Cộng đồng Central New Mexico","Trường cao đẳng cộng đồng"
"university","Central Alabama Community College","Trường đại học"
"university","American River College","Trường cao đẳng cộng đồng"
"university","San Diego Mesa College","Trường đại học"
"university","GateWay Community College-Washington Campus","Trường cao đẳng cộng đồng"
"university","Cuyamaca College","Trường cao đẳng cộng đồng"
"university","Community College Of Denver","Trường cao đẳng cộng đồng"
"university","Contra Costa College","Trường cao đẳng cộng đồng"
"university","MiraCosta College","Trường đại học"
"university","South Mountain Community College","Trường cao đẳng cộng đồng"
"university","Imperial Valley College","Trường cao đẳng cộng đồng"
"university","GateWay Community College-Deer Valley","Trường cao đẳng cộng đồng"
"university","Metropolitan Community College","Trường cao đẳng cộng đồng"
"university","Tillamook Bay Community College","Trường cao đẳng cộng đồng"
"university","Bakersfield College","Trường cao đẳng cộng đồng"
"university","Chemeketa Community College","Trường đại học"
"university","Butte College","Trường cao đẳng cộng đồng"
"university","San Diego Community College District","Trường cao đẳng cộng đồng"
"university","Palo Verde College","Trường đại học"
"university","Allan Hancock College","Trường cao đẳng cộng đồng"
"university","CNM Westside Campus","Trường cao đẳng cộng đồng"
"university","Oregon Coast Community College","Trường cao đẳng cộng đồng"
"university","Bevill State Community College","Trường đại học"
"university","Ivy Tech Community College","Trường cao đẳng cộng đồng"
"university","Alabama Community College System","Trường cao đẳng cộng đồng"
"university","GateWay Community College-18th Street","Trường cao đẳng cộng đồng"
"university","Rio Salado College Northern","Trường cao đẳng cộng đồng"
"university","Calbright College","Tổ chức giáo dục"
"university","Trường THCS Đông Tảo","Trường THCS"
"university","Cerro Coso Community College","Trường cao đẳng cộng đồng"
"university","Trung Tâm Giáo Dục Thường Xuyên Tỉnh Tt- Huế Cơ sở 1","Trung tâm giáo dục"
"university","Phân hiệu Đại Học Thái Nguyên Tại Tỉnh Lào Cai","Trường cao đẳng/đại học sư phạm"
"university","Phân Hiệu Trường Đại Học Y Hà Nội","Trường y"
"university","Phân hiệu Đại học Huế tại Quảng Trị","Trường đại học"
"university","Luyện Chữ Đẹp Cô Ly - Trung Tâm Luyện Viết Chữ Đẹp Tiền Tiểu Học Tại Huế","Trung tâm đào tạo"
"university","Trường Đại học Sư phạm Hà Nội - Cơ sở Hà Nam","Trường đại học"
"university","Trung Tâm Luyện Thi Ielts - Res Huế","Trường dạy tiếng Anh"
"university","Trung tâm Anh ngữ Quốc tế EUC","Trường dạy tiếng Anh"
"university","Trung tâm Anh ngữ quốc tế ITC - Huế","Trường dạy tiếng Anh"
"university","Trung Tâm Âm Nhạc Melody Huế","Nhạc viện"
"university","TAH Music - Huế","Trung tâm giáo dục"
"university","Huế Toeic - Luyện thi Toeic và học tiếng Anh giao tiếp","Trung tâm đào tạo"
"university","Trường Đại học Nông - Lâm Bắc Giang","Trường đại học"
"university","Trường Tiểu học Đại Lai","Trường tiểu học"
"university","Trường Đại học Kinh Bắc","Đại học tư thục"
"university","Trường Tiểu Học - Trung Học Cơ Sở Song Giang","Trường liên cấp tiểu học và trung học"
"university","Trường THCS xã Song Giang","Trường THCS"
"university","Trường Trung Học Cơ Sở Đại Lai","Trường THCS"
"university","Trường THCS Cách Bi","Trường THCS"
"university","Đại Học Công nghệ Đông Á","Trường đại học"
"university","Trường Đại học Thành Đông","Trường đại học"
"university","Đại học Quốc tế Bắc Hà","Trường đại học"
"university","Trường Đại học Luật Hà Nội","Trường đại học"
"university","Trường Đại học Hải Dương, Cơ sở 2","Trường đại học"
"university","Trường Trung học cơ sở Giang Sơn","Trường THCS"
"university","Trường Trung học Cơ sở Bồng Lai","Trường THCS"
"university","Đại Học Kinh Doanh và Công Nghệ 2 (HUBT) Bắc Ninh","Trường đại học"
"university","Trường Cao Đẳng Ngoại Ngữ & Công Nghệ Việt Nhật","Trường đại học"
"university","Trường Trung Học Cơ Sở Xuân Lai","Trường THCS"
"university","Trường Đại Học","Trường đại học"
"university","Thôn Đức tái xã chi lăng quế võ Tỉnh Bắc ninh","Trường THCS"
"university","Đại Học Kookmin","Trường đại học"
"university","Khu B - Trường Sĩ quan Chính trị - Bộ quốc phòng","Trường đại học"
"university","TRƯỜNG THCS MỘ ĐẠO","Trường THCS"
"university","Trường Đại học Sao Đỏ - Cơ Sở 2","Trường đại học"
"university","Cổng trường Đại Học Nông-Lâm Bắc Giang","Trường đại học"
"university","Trường ĐẠI HỌC SAO ĐỎ CHÍ LINH","Trường đại học"
"university","Trường Đại học Hải Dương cơ sở 3( Trường Cao đẳng Hải Dương cũ sáp nhập)","Trường đại học"
"university","Đại học Công đoàn cơ sở 2","Trường đại học"
"university","Trường Tiểu học Xã Chi Lăng","Trường tiểu học"
"university","Trường Đại học Kỹ thuật Y tế Hải Dương Khu A","Trường đại học"
"university","Nhà Chuẩn","Trường đại học"
"university","Trường THCS xã Chi Lăng","Trường THCS"
"university","Trường Tiểu Học Yên Giả","Trường tiểu học"
"university","Trường Tiểu Học Đào Viên","Trường giáo dục phổ thông"
"university","Trường Đại học Sao Đỏ","Đại học công lập"
"university","Học viện Ngân hàng phân viện Bắc Ninh","Trường đại học"
"university","Học Viện Đào Tạo HMT","Trường dạy tiếng Anh"
"university","Học Viện Anh Ngữ EDP","Đại học tư thục"
"university","Học Viện Anh Ngữ Clover","Trường dạy tiếng Anh"
"university","Học Viện Cờ Vua Thông Thái","Trung tâm giáo dục"
"university","Trung tâm ngoại ngữ Full House Quế Võ","Tổ chức giáo dục"
"university","HỌC VIỆN TÂM TRÍ","Trung tâm đào tạo"
"university","Học viện Anh ngữ Forest","Trung tâm đào tạo"
"university","Khoa Công nghệ sinh học, Học viện Nông nghiệp Việt Nam","Trường đại học"
"university","Học viện Yoga Kids Việt Nam GYS","Trung tâm giáo dục"
"university","Đại Học Quốc Tế Bắc Hà","Tổ chức giáo dục"
"university","Trường THCS Đại Bái","Trường THCS"
"university","Thư viện Trường Đại học Mở Hà Nội cơ sở Văn Giang","Trường đại học"
"university","Nhà E, Đại học VinUni","Trường đại học"
"university","Tòa A5 - Trường Đại Học Sư Phạm Kỹ Thuật Hưng Yên","Trường đại học"
"university","Khoa Ô tô, Đại học Sao Đỏ","Trường đại học"
"university","KTX - Sau đại học nông nghiệp việt nam","Trường đại học"
"university","Khoa Điện Tử Thông Tin - Trường Đại Học Mở Hà Nội.","Tổ chức giáo dục"
"university","Department of Distance Learning - Hanoi OPen University","Trường đại học"
"university","Khoa Điện - Điện tử, Trường Đại học Mở Hà Nội","Trường đại học"
"university","Trường tiểu học Lãng Ngâm","Trường tiểu học"
"university","Trường THCS thị trấn Gia Bình","Trường THCS"
"university","Trường THCS Đại Xuân","Trường THCS"
"university","Đại học Kỹ thuật Y tế Hải Dương","Trường y"
"university","Trung tâm Đào tạo liên tục, Trường Đại học Kinh tế quốc dân","Trường đại học"
"university","Lớp Toán Thầy Hiếu - Chuyên luyện thi Đại Học 10,11,12","Trung tâm giáo dục"
"university","Trường THCS Phù Lương","Trường THCS"
"university","Trường THCS Phù Lãng","Trường THCS"
"university","Trường THCS Nhân Thắng","Trường THCS"
"university","Trường THCS Đại Phúc","Trường THCS"
"university","Trường Cấp 2 Định Mỗ","Trường THCS"
"university","Trường Tiểu học Mão Điền số 1","Trường tiểu học"
"university","Trường THCS Việt Hùng","Trường THCS"
"university","Khoa Tạo Dáng Công Nghiệp - Đại học Mở Hà Nội","Trường đại học"
"university","VIETPONIT ACADEMY Bắc Ninh","Trung tâm giáo dục"
"university","KIN MUSIC ACADEMY","Trung tâm giáo dục"
"university","TIẾNG ANH AFuture Academy","Trung tâm giáo dục"
"university","Ngọc Huyền Make Up Academy & Beauty","Trung tâm đào tạo"
"university","Hệ Thống Anh Ngữ Wisdom Academy","Trung tâm giáo dục"
"university","Trung tâm Anh ngữ Emily Academy","Trung tâm giáo dục"
"university","Trung tâm ngoại ngữ SISU Academy","Trung tâm giáo dục"
"university","Cao Đẳng Công Thương Quốc Tế - Cơ sở Bắc Ninh","Tổ chức giáo dục"
"university","Trường cao đẳng sư phạm Bắc Ninh","Tổ chức giáo dục"
"university","TRƯỜNG CAO ĐẲNG Y DƯỢC HÀ NỘI CS BẮC NINH","Trường đại học"
"university","Trường Cao Đẳng Y Dược Cộng Đồng","Trường đại học"
"university","Cao Đẳng Dược Trung Ương Hải Dương","Trường đại học"
"university","Trường Cao Đẳng Cơ Điện và Xây Dựng Cơ Sở 2","Trường đại học"
"university","Trường Cao đẳng Y tế Hải Dương","Trường dạy nghề"
"university","Trường Cao đẳng Nghề số 20 Bộ Quốc Phòng - Cơ sở Hải Dương","Trường dạy nghề"
"university","Trường Cao Đẳng Cơ Giới Xây Dựng","Trường đại học"
"university","Trường Cao đẳng Công nghệ Việt - Hàn (Cơ sở 2, Khu A)","Trường cao đẳng nghề"
"university","Trường Cao đẳng Bắc Giang","Trường đại học"
"university","Trường Cao đẳng GTVT đường bộ","Trường bách khoa"
"university","Cao đẳng Công nghệ và Nông lâm Đông Bắc","Trường đại học"
"university","Trường Cao Đẳng Kỹ Thuật Công Nghiệp","Trường kỹ thuật"
"university","Trung tâm Công nghệ cao - BCI","Trường bách khoa"
"university","Trường Cao đẳng Công nghiệp Hưng Yên - Cơ sở 2","Trường bách khoa"
