domain,title,category
university,Trường Cao đẳng Kinh tế Hải Phòng,Trường đại học
university,Trường Đại học Hải Phòng,Đại học công lập
university,Đại học Quản lý và Công nghệ Hải Phòng,Trường đại học
university,Trường Đại Học Y Dược Hải Phòng,Trường y
university,Trường Đại học Hàng hải Việt Nam - Khu B,Trường đại học
university,Trường Cao đẳng VMU,Trường đại học
university,Trường Cao Đẳng Hàng Hải I,Trường cao đẳng cộng đồng
university,Duy Phương,Trường đại học
university,Trường Cao Đẳng Công Nghiệp Hải Phòng,Trường cao đẳng cộng đồng
university,Học Viện Quân Y,Trường đại học
university,VIỆN MÔI TRƯỜNG - ĐH HÀNG HẢI VN,Trường đại học
university,Nhà A Trường Đại Học Y Dược Hải Phòng,Trường đại học
university,Trường Cao đẳng Y tế Hải Phòng,Trường y
university,Hán ngữ Khai Tâm,Trung tâm giáo dục
university,Trường Đại học Hàng hải Việt Nam,Trường đại học
university,Trường cao đẳng Du lịch Hải Phòng,Tổ chức giáo dục
university,Trường Cao Đẳng Hàng Hải cơ sở 2,Trường cao đẳng cộng đồng
university,Trường cao đẳng Bách Nghệ Hải Phòng,Trường đại học
university,Trường Đại Học Y Hà Nội,Trường y
university,Khoa CNTT Trường Đại học Hàng hải Việt Nam,Khoa học thuật
university,Nhà A8,Trường đại học
university,"Trung tâm Thông tin -Thư viện, Trường Đại học Hải Phòng",Trường đại học
university,Cổng trước Trường Đại Học Y Dược Hải Phòng,Trường đại học
university,Sân chạy Trường đại học Y Dược Hải Phòng,Trường đại học
university,Trường THCS Dương Quan,Trường THCS
university,Trường Đại học Công nghiệp Hà Nội,Trường đại học
university,Trường THCS Tân Dương,Trường THCS
university,Trường Cao Đẳng Công nghệ và Du lịch Bắc Nam,Trường cao đẳng cộng đồng
university,Nhà C1 Trường Đại Học Hàng Hải Việt Nam,Khoa học thuật
university,Trường Công Nhân Kỹ Thuật - Nhà Máy Đóng Tàu Bạch Đằng,Trường kỹ thuật
university,CAO ĐẲNG DUYÊN HẢI (CAO ĐẲNG KINH TẾ KỸ THUẬT CÔNG NGHIỆP),Trường cao đẳng cộng đồng
university,Trung Tâm Anh Ngữ Quốc Tế,Trường đại học
university,Nhà B Trường Đại Học Y Dược Hải Phòng,Trường đại học
university,Biên IELTS,Trường đại học
university,Trường Cao Đẳng Nghề Lao Động - Xã Hội Hải Phòng,Trường đại học
university,Trung tâm Đào tạo Bồi dưỡng cán bộ - Trường Đại học Hải Phòng,Khoa học thuật
university,Trường Tiểu học Tân Dương,Trường tiểu học
university,Trung tâm Ứng dụng và Phát triển Công nghệ thông tin - CITAD,Trường đại học
university,Trường THPT Lương Thế Vinh,Trường trung học phổ thông
university,Khoa Kinh Tế - Trường đại học Hàng Hải Việt Nam,Khoa học thuật
university,"Trường Cao đẳng Công nghệ, Kinh tế và Thủy sản",Trường cao đẳng cộng đồng
university,Trường THCS Lâm Động,Trường THCS
university,"Nhà C , Đại học y dược Hải Phòng",Trường đại học
university,Trường Cao Đẳng Cộng Đồng Hải Phòng,Trường cao đẳng cộng đồng
university,Trường THCS Hùng Vương,Trường THCS
university,Câu Lạc Bộ Võ Thuật - Đại Học Y Dược Hải Phòng,Trường đại học
university,Trường THPT Hồng Bàng,Trường trung học phổ thông
university,Trường THCS Ngô Gia Tự,Trường THCS
university,Toán 7,Trường THCS
university,Trường Đại Học Sư Phạm Hà Nội,Trường đại học
university,Nhà C Trường Đại Học Y Dược Hải Phòng,Trường đại học
university,Trường THCS Trần Văn Ơn,Trường THCS
university,Trường Cao đẳng Công nghệ Viettronics,Trường cao đẳng cộng đồng
university,Trường THCS Hồng Bàng,Trường THCS
university,Trường THCS Lê Ích Mộc,Trường THCS
university,Trường THCS Kiền Bái,Trường THCS
university,Trường Tiểu Học Quán Toan,Trường tiểu học
university,Trung Tâm BDKT Hoa Phượng HP,Trường THCS
university,Trường Cao đẳng FPT Polytechnic,Trường bách khoa
university,Trường Đại học Thủ đô Hà Nội,Trường đại học
university,Trường Đại học Tổng hợp Hà Nội,Đại học công lập
university,Trường Tiểu học Nguyễn Huệ,Trường tiểu học
university,Trường Tiểu Học Nguyễn Du,Trường tiểu học
university,Trường Tiểu Học An Lư ( Khu B ),Trường tiểu học
university,Đại Học Bách Khoa Hà Nội,Đại học công lập
university,Chilling Space,Trường nghệ thuật
university,Trường Tiểu Học Thiên Hương - Khu B,Trường tiểu học
university,Khoa Đóng tàu / Faculty of Shipbuilding,Khoa học thuật
university,Tiểu học Thủy Đường,Trường tiểu học
university,Trường Trung Học Cơ Sở Quán Toan,Trường THCS
university,Trường THCS Võ Thị Sáu,Trường THCS
university,"Trường Đại học Công nghệ, Đại học Quốc gia Hà Nội",Đại học kỹ thuật
university,Trường tiểu học Đại Bản 1,Trường tiểu học
university,Trường tiểu học Ngô Gia Tự,Trường tiểu học
university,Trường Đại Học Mở Hà Nội,Trường đại học
university,Trường Trung Cấp Bách Khoa Hải Phòng,Trường bách khoa
university,Trường Đại học Sư Phạm Kỹ Thuật Hưng Yên,Trường đại học
university,Trường THCS Vinschool Imperia Hải Phòng(TNV ),Trường THCS
university,New Dev,Trường đại học
university,Trường Cao Đẳng Y Hà Nội,Trường đại học
university,Trường Đại học Công nghiệp Quảng Ninh,Trường đại học
university,Trường Đại học Văn hóa Hà Nội,Trường đại học
university,Trường Đại Học Ngoại Thương-Cơ Sở Quảng Ninh,Đại học công lập
university,Trường Cao đẳng Kinh tế - Kỹ thuật Bắc Bộ,Trường kỹ thuật
university,Cổng sau ĐH Y HP,Trường đại học
university,Trường Đại học Sư Phạm Kỹ Thuật Hưng Yên cơ sở Hải Dương,Trường đại học
university,Trường TCĐ Phật Học Hải Phòng,Trường đại học
university,Trường Đại Học Hạ Long,Trường đại học
university,Khu tự học,Trường đại học
university,Nhà A4,Trường đại học
university,Trường Đại Học Hải Dương,Trường đại học
university,Trung tâm dạy tiếng Trung Quốc thầy Nghĩa,Đại học tư thục
university,Dự Án Đầu tư Xây Dựng Trường Trung Cấp Cao Đẳng Phật Học,Trường đại học
university,Trường Cao đẳng Kinh tế Kỹ thuật Công nghiệp,Trường cao đẳng nghề
university,Trường Đại học Hà Nội,Trường đại học
university,Trường cao đẳng kinh tế và Công nghệ thực phẩm- cơ sở 2.,Trường đại học
university,Trường THCS Hoàng Động,Trường THCS
university,Trường Cao đẳng Công nghệ số và Quản trị xanh Việt Nam (VTG College),Trường cao đẳng cộng đồng
university,Trường THCS Lạc Viên,Trường THCS
university,Trường Cao Đẳng Duyên Hải,Trường ngoại ngữ
university,Viện Đào Tạo & Phát Triên Công Nghệ (IED),Trường đại học
university,THCS Thủy Đường,Trường THCS
university,Trung tâm ngoại ngữ Quốc Tế Ocean Edu Thủy Nguyên,Trường dạy tiếng Anh
university,Trường Đại học Sư phạm Hà Nội 2 - Chi nhánh 2,Trường đại học
university,Trường Đại học Thủ đô Hà Nội,Đại học công lập
university,Trung tâm tiếng trung Huy Tường,Trung tâm giáo dục
university,BCD Center - Trung Tâm Ngoại Ngữ Thuỷ Nguyên,Trung tâm giáo dục
university,"Du Học, Việc Làm Hàn Quốc",Trung tâm giáo dục
university,VG | DU HỌC LAO ĐỘNG HÀN QUỐC THỦY NGUYÊN,Trung tâm giáo dục
university,Gcademy Học Viện Thiết Kế Đồ Họa,Trường nghệ thuật
university,Học viện sáng tạo công nghệ TEKY - Hải Phòng,Trung tâm giáo dục
university,Công ty TNHH Giáo dục và Đào tạo Proteacher Army,Trung tâm giáo dục
university,Học Viện LEA,Trường dạy tiếng Anh
university,Trung tâm Đào tạo - Chỉ đạo tuyến,Trung tâm giáo dục
university,Học viện công nghệ CNET,Trường đào tạo máy tính
university,Ngoại Ngữ 68 - Cô Loan,Trung tâm giáo dục
university,PHAM. EDUCO,Trung tâm đào tạo
university,ALPHA Academy - Học viện học tập cá nhân hóa,Trung tâm giáo dục
university,Học Viện Tóc Đại Nguyễn,Cơ sở tôn giáo
university,Học viện đào tạo Nail-Mi JOHNNY NAM KIỆT,Trường dạy nghề
university,Học Viện Đào Tạo Pha Chế Shinlee - Hải Phòng,Trung tâm giáo dục
university,Trang Vi Education & Visa Du Học Định Cư,Trung tâm giáo dục
university,Học viện iT.vn cơ sở Hải Phòng,Trường đào tạo máy tính
university,Học viện Golf24H,Trung tâm đào tạo
university,Học viện Bờ Sông,Trung tâm giáo dục
university,Trung Tâm Tiếng Hàn - Du Học Hàn Quốc Hải Phòng Emmanuel Cơ Sở 4 Núi Đèo Thuỷ Nguyên,Trung tâm trường học
university,Trung tâm ngoại ngữ Panda Chinese,Trường ngoại ngữ
university,Trung tâm Anh Ngữ Candy cơ sở Vin Thượng Lý,Tổ chức giáo dục
university,Tiếng Trung Tri Tâm,Trường dạy tiếng Trung Quốc
university,Trung Tâm Ngoại Ngữ - Tin Học Việt Mỹ,Trường dạy tiếng Anh
university,Học Viện MYA Nail Hải Phòng,Trung tâm đào tạo
university,Học viện thẩm mỹ Doctor Kiệm Academy 92 Miếu Hai Xã,Trung tâm giáo dục
university,Học viện King Sejong Hải Phòng,Trường ngoại ngữ
university,Học Viện Đào Tạo Pha Chế PEPPER,Trung tâm đào tạo
university,Trung Tâm Tin Học PA,Trung tâm đào tạo
university,Học Viện Anh Ngữ Quốc Tế Tuệ Chính,Trường dạy tiếng Anh
university,LOGIN Lê Chân,Trung tâm giáo dục
university,Tiếng Trung Toàn Diện,Trường ngoại ngữ
university,TT NGOẠI NGỮ SCET HẠ LÝ HẢI PHÒNG,Trường dạy tiếng Anh
university,PhonicsPlay English Center - TRUNG TÂM TIẾNG ANH HÀNG ĐẦU TẠI AN DƯƠNG HẢI PHÒNG,Trường dạy tiếng Anh
university,Candy English - Trung Tâm Anh Ngữ Trẻ Em (cơ sở Vin Imperia),Trường dạy tiếng Anh
university,Trung Tâm Anh Ngữ MES-Luyện IELTS Hải Phòng,Trung tâm trường học
university,Hàn ngữ Noah - Trung tâm Du học Hải Phòng,Trung tâm giáo dục
university,IELTS Mentor Hải Phòng,Trung tâm giáo dục
university,Trung Tâm Luyện Thi Ielts - Res Trần Phú,Trường dạy tiếng Anh
university,Trung tâm ngoại ngữ Quốc Tế Ocean Edu Kiến An,Trường dạy tiếng Anh
university,Anh ngữ & Du học AS Education,Tổ chức giáo dục
university,"Trung tâm học Tiếng Trung, Tiếng Đức, Tiếng Hàn Hải Phòng AMANDA",Trường ngoại ngữ
university,Văn Phòng Đại Diện Học Viện Next Step Academy,Trung tâm đào tạo
university,Du Học Việt Âu,Trường đại học
university,Trung Tâm Anh Ngữ Candy - Thuỷ Nguyên,Trường dạy tiếng Anh
university,Hàn ngữ Seoul,Trung tâm đào tạo
university,Trung tâm Anh ngữ APEC,Trường dạy tiếng Anh
university,AMES ENGLISH Điện Biên Phủ,Trường dạy tiếng Anh
university,Trung tâm Anh ngữ Candy,Trường dạy tiếng Anh
university,Trường Tiểu học & THCS Việt - Anh,Trường học tư nhân
university,Học viện nông nghiệp Việt Nam,Trường đại học
university,AMES ENGLISH Thuy Nguyen Hai Phong,Trường dạy tiếng Anh
university,Học Viện Ngân Hàng,Trường đại học
university,MIA EDUCATION ACADEMY,Trung tâm giáo dục
university,J.Grace Academy ( Cơ sở 1),Trung tâm giáo dục
university,Trung Tâm Ngoại Ngữ Đăng Lâm Academy,Trường ngoại ngữ
university,Luna Academy,Trường ngoại ngữ
university,Sanna Academy,Trung tâm giáo dục
university,UNICO - Maritime Academy,Trung tâm đào tạo
university,PEA ACADEMY trung tâm ngoại ngữ,Trung tâm giáo dục
university,Dustin Academy Haiphong,Trung tâm đào tạo
university,J.Grace Academy ( Cơ sở 3),Trung tâm giáo dục
university,Coco English Academy Hải Phòng,Trường dạy tiếng Anh
university,LERA ACADEMY,Trung tâm giáo dục
university,Ylang Academy,Trường dạy tiếng Anh
university,Enspire Academy Lê Hồng Phong,Trung tâm giáo dục
university,Trung tâm ngoại ngữ T.E.D ACADEMY,Trường ngoại ngữ
university,Gehenna academy,Trung tâm giáo dục
university,Tiếng Anh Cô Thu - Academy Stars,Trường dạy tiếng Anh
university,Trung tâm ngoại ngữ NA ACADEMY,Trung tâm giáo dục
university,Trường cao đẳng nghề số 20/QK3 - Trụ sở chính,Trường cao đẳng nghề
university,Trường Cao đẳng nghề Bắc Nam,Trường dạy nghề
university,Trường Trung Cấp Nghề Kỹ Thuật Xi Măng,Trường kỹ thuật
university,Trường Cao Đẳng FPT Polytechnic - Hải Phòng,Trường cao đẳng nghề
university,Giảng đường B cao đẳng hàng hải hải phòng,Trường cao đẳng nghề
university,Trường Cao đẳng Công nghệ Bách khoa Hà Nội - Cơ Sở Hải Phòng,Tổ chức giáo dục
university,Trường Cao Đẳng Công Nghệ Kinh Tế Và Thủy Sản,Trường bách khoa
university,Trường Cao Đẳng Nghề Bắc Nam Trường Chinh,Trường dạy nghề
university,Trường Cao Đẳng Nghề Thủy Sản Miền Bắc,Trường kỹ thuật
university,Cao đẳng hằng hải,Trường cấp ba
university,Trường Cao Đẳng Cộng Đồng,Trường đại học
university,Trung tâm ĐT&SHLX số 1 - Trường Cao đẳng nghề số 20,Trường kỹ thuật
university,Trường Cao đẳng Kỹ thuật Hải Phòng,Trường cao đẳng nghề
university,Phòng tuyển sinh Trường cao đẳng FPT Polytechnic,Trung tâm giáo dục
university,Trường cao đẳng bách khoa hà nội,Trường bách khoa
university,Trường Cao đẳng Kinh tế Hải Phòng- Cơ sở 2,Trường đại học
university,Trường Cao đẳng Than - Khoáng sản Việt nam,Trường kỹ thuật
university,Trường Cao Đẳng Kinh Tế Công Nghệ Hà Nội Nội,Trường đại học
university,Phòng Tuyển Sinh - Trường Cao Đẳng Công Nghệ Viettronics,Trường đại học
university,Trường Cao đẳng Công nghiệp và Xây dựng,Trường kỹ thuật
university,Trường Cao đẳng Kinh tế và Công nghệ thực phẩm,Tổ chức giáo dục
university,Phòng Tuyển Sinh Cao đẳng Bách Nghệ,Trường học tư nhân
university,Trường Cao Đẳng Công Thương Việt Nam,Trường cao đẳng cộng đồng
university,Trường Cao đẳng nghề Bách Khoa Hà Nội,Trường cao đẳng nghề
university,Trường Cao đẳng Kỹ thuật - Công nghệ Bách Khoa (CTECH),Trung tâm giáo dục
university,Trường Cao đẳng Hà Nội (HNC),Trường cao đẳng/đại học sư phạm
university,Trường cao đẳng nghề xây dựng,Trường kỹ thuật
university,Trường Cao đẳng Cộng đồng Hà Nội,Trường cao đẳng cộng đồng
university,Trường Cao Đẳng Kỹ Thuật - Mỹ Nghệ VN,Trường kỹ thuật
university,Trường Cao đẳng nghề Long Biên,Trường dạy nghề
university,Trường Cao đẳng Bách khoa Hưng Yên,Trường đại học
university,Trường Cao đẳng Y Dược và Kinh tế Công nghệ,Trường y
university,Trường Cao đẳng Y khoa Hà Nội,Trường y
university,Cao Đẳng Netc,Tổ chức giáo dục
university,Trường Cao đẳng kỹ thuật công nghiệp Bắc Giang,Trường cao đẳng nghề
university,Trường Cao đẳng nghề Kinh tê Kỹ thuật Tô Hiệu Hưng Yên,Trường đại học
university,Trường Cao đẳng Truyền hình,Trường cao đẳng/đại học chính phủ
university,Trường Cao Đẳng Cơ Điện Và Thủy Lợi,Trường dạy nghề
university,Cao Đẳng Kinh tế Kỹ thuật Trung Ương,Trường đại học
university,Trường Cao đẳng Y tế Bạch Mai,Trường y
university,Trường Cao đẳng Công nghiệp Hưng Yên,Trường dạy nghề
university,Trường Cao đẳng Cơ điện và Công nghệ thực phẩm Hà Nội,Tổ chức giáo dục
university,Trường Cao Đẳng Công Nghệ Bách Khoa Hà Nội Cở Sở Thanh Trì,Trường đại học
university,"Trường Cao Đẳng Cơ Điện Hà Nội, Cơ sở 2",Trường cao đẳng cộng đồng
university,Trường Cao Đẳng Nghề Cơ Điện ...,Tổ chức giáo dục
university,Trường Cao Đẳng Cơ điện Hà Nội (Cơ sở 6),Trường đại học
university,Trường cao đẳng ctech,Trường đại học
university,Trường Cao đẳng Kinh tế Kỹ thuật và Công nghệ,Trường đại học
university,Trường Cao đẳng Cơ điện Hà Nội (Cơ sở 7),Trường cao đẳng nghề
university,Trường Cao đẳng Công nghiệp Bắc Ninh - BCi,Trường dạy nghề
university,Trường Cao Đẳng Nghề Số 17,Trường dạy nghề
university,Trường Cao Đẳng Y Hà Nội,Tổ chức giáo dục
university,Trường Cao đẳng nghề Công nghệ Việt - Hàn Bắc Giang,Trường cao đẳng nghề
university,Trường Cao Đẳng Thống Kê,Trường cao đẳng cộng đồng
university,Trường Cao Đẳng Nghề Vinashin,Trường dạy nghề
university,Trường Cao Đẳng Công Thương Hà Nội (Cơ sở Đại Áng),Trường cao đẳng nghề
university,Cao đẳng Kỹ thuật - Mỹ nghệ VN,Trường kỹ thuật
university,Trường Cao đẳng Y tế và Thiết bị Việt Đức,Trường dạy nghề
university,Trường Cao Đẳng Đường Sắt,Trường đại học
university,Trường Cao đẳng Công nghệ cao Hà Nội (Cơ sở 2 Vũ Hữu),Trường bách khoa
university,Trường trung cấp nghề An Dương,Trường dạy nghề
university,Trường Cao Đẳng Nghề Hải Dương,Trường cao đẳng nghề
university,Trường Cao đẳng Nông lâm Đông Bắc,Trường cao đẳng cộng đồng
university,Trường cao đẳng sư phạm hải dương,Trường cao đẳng/đại học sư phạm
university,Trường cao đẳng nông lâm Đông Bắc (cơ sở 2),Trường đại học
university,Sân trường Cao đẳng TKV,Trung tâm giáo dục
university,Trường Cao đẳng Du lịch và Công Thương,Trường cao đẳng nghề
university,Trường Cao đẳng Cơ giới Xây dựng,Trường cao đẳng cộng đồng
university,Trường Cao đẳng Công Thương Hà Nội,Trường cao đẳng cộng đồng
university,Trường Cao đẳng nghề Công nghiệp Hà Nội,Tổ chức giáo dục
university,Trường Cao Đẳng Y Dược Hà Nội,Trường y
university,Trường Cao đẳng Kinh tế - Kỹ thuật Thương mại,Trường đại học
university,Trường Cao đẳng Cộng Đồng Hưng Yên,Trường đại học
university,Trường Cao Đẳng Y Dược Tuệ Tĩnh Hà Nội,Trường y
university,Trường Cao Đẳng Nghề Simco Sông Đà,Trường dạy nghề
university,Trường Cao đẳng Y tế Hà Nội,Trường y
university,Trường Cao Đẳng Y Tế Hưng Yên,Trường đại học
university,Trường Cao Đẳng Y Tế Hà Đông,Trường y
university,Trường Cao Đẳng Kỹ Thuật Nghiệp Vụ Hà Nội,Trường cao đẳng/đại học chính phủ
university,Trường Cao Đẳng Dược Hà Nội,Trường y
university,TRƯỜNG CAO ĐẲNG NGOẠI NGỮ VÀ CÔNG NGHỆ VIỆT NAM,Trường cao đẳng cộng đồng
university,Trường Cao Đẳng Kinh Tế Công Nghiệp Hà Nội,Trường kỹ thuật
university,Trường Cao Đẳng Xây dựng Số 1,Trường đại học
university,Maritime College No1,Tổ chức giáo dục
university,Trung Tâm Havina,Trung tâm giáo dục
university,Khu gửi xe,Trường đại học
university,Trường Tiểu Học Nguyễn Tri Phương,Trường tiểu học
university,Trường Cao Đẳng Cộng Đồng Hà Tây,Trường cao đẳng cộng đồng
university,Trường Cao đẳng Vĩnh Phúc,Trường cao đẳng/đại học sư phạm
university,Cao đẳng Y tế Thái Bình - Thaibinh Medical College,Trường đại học
university,Trường Cao đẳng Thái Nguyên,Đại học công lập
university,Trường Cao đẳng Giao thông vận tải Trung ương I,Trường đại học
university,Trường Cao đẳng Hàng hải và Đường thủy I (Cơ sở: Phường Nam Đồng),Trường công lập
university,Trường Cao đẳng Sư phạm Thái Bình,Trường đại học
university,Trường Cao đẳng Kỹ thuật - Công nghệ Vĩnh Phúc,Trường cao đẳng/đại học chính phủ
university,Brighton College Vietnam,Trường liên cấp tiểu học và trung học
university,Trường Cao đẳng Y tế Hà Nam,Trường đại học
university,Pegasus International College (Trường cao đẳng Quốc tế Pegasus cơ sở Hà Nội),Trường đại học
university,Trường Cao đẳng Thương mại và Du lịch Hà Nội,Trường cao đẳng cộng đồng
university,Trường Bồi dưỡng cán bộ Kinh tế - Tài chính,Trường cao đẳng/đại học chính phủ
university,Trường Cao đẳng Cơ điện Hà Nội (Cơ sở 4),Trường đại học
university,Trường cao đẳng công nghệ Bắc Hà,Trường đại học
university,Trường Trung Cấp Cộng đồng Hà Nội,Trường dạy nghề
university,Trường Cao đẳng Công Nghệ Bách Khoa Hà Nội,Trường đại học
university,Trường Cao Đẳng Nghệ Thuật Hà Nội,Trường nghệ thuật
university,Trường Cao đẳng Công nghiệp Quốc phòng,Trường đại học
university,Trường Cao đẳng Sư phạm Nam Định,Trường đại học
university,Trường Cao đẳng Cơ điện và Xây Dựng Bắc Ninh,Trường đại học
university,Trường Cao đẳng Kinh tế Công nghệ Hà Nội,Trường cao đẳng cộng đồng
university,Trường Cao đẳng Công Nghiệp In,Trường đại học
university,Trường Cao Đẳng Đại Việt,Trường đại học
university,Cao Đẳng Nghề Mỏ Hồng Cẩm,Trường đại học
university,Trường Cao đẳng Cơ điện Xây dựng Việt Xô,Trường cao đẳng/đại học chính phủ
university,Trường Cao Đẳng Viglacera,Trường dạy nghề
university,Cao Đẳng Văn Lang,Tổ chức giáo dục
university,Trường Cao đẳng Sư phạm Trung ương,Trường đại học
university,Trường Trung Cấp Nghề Tổng Hợp Hà Nội,Trường dạy nghề
university,AP Education Group (AEG),Trung tâm giáo dục
university,Trung Tâm Anh Ngữ SCES,Trường dạy tiếng Anh
university,"Hanoi Connection - Cơ sở An Đồng, An Dương, Hải Phòng",Trường dạy tiếng Anh
university,PEC Building - Trung tâm Anh ngữ Quốc tế PEC CS 149 Tô Hiệu,Trung tâm giáo dục
university,Công ty TNHH TCS EDUCATION,Trung tâm trường học
university,Trường THPT Ngô Quyền,Trường cấp ba
university,Trung tâm ngoại ngữ Quốc Tế Ocean Edu An Dương,Trường dạy tiếng Anh
university,Trung Tâm,Trường dạy tiếng Anh
university,Tiếng Trung Kỳ Lân,Trường ngoại ngữ
university,MS TRANG IELTS HẢI PHÒNG,Trường dạy tiếng Anh
university,Trung tâm Anh Ngữ Quốc Tế PEC CS 41-45 Lạch Tray,Trường dạy tiếng Anh
university,Trung Tâm Du Học Hàn Quốc TGT Hải Phòng,Trường ngoại ngữ
university,IELTS Fighter - Ms Hoa Junior Trần Nguyên hãn,Trường dạy tiếng Anh
university,Trường THPT Thái Phiên,Trường cấp ba
university,Du học và nhân lực quốc tê HURECO,Trung tâm giáo dục
university,ESL tutor,Trường dạy tiếng Anh
university,Trường THCS Tân Tiến,Trường THCS
university,Trung tâm Anh ngữ Quốc tế GIGI,Trường ngoại ngữ
university,Trung Tâm Anh Ngữ Popodoo Hải Phòng,Trường dạy tiếng Anh
university,Trung Tâm Ngoại Ngữ Wecan Hải Phòng Chất Lượng Cao,Trường ngoại ngữ
university,Anh ngữ Newton Thủy Nguyên,Trường dạy tiếng Anh
university,Trung tâm Anh ngữ Newlife Hải Phòng,Trung tâm giáo dục
university,Apollo English Imperia,Trường dạy tiếng Anh
university,Trường THCS Nguyễn Văn Cừ,Trường THCS
university,HT luyện thi và tiếng anh học thuật ESA,Trường dạy tiếng Anh
university,Trung Tâm Ngoại Ngữ Việt Mỹ Global - Tiếng Anh - Hồng Bàng Hải Phòng,Trường dạy tiếng Anh
university,Trung Tâm Luyện Thi Ielts Tại Hải Phòng - GIABAO EDU,Trường dạy tiếng Anh
university,Du học Đông Phong,Trường ngoại ngữ
university,TIA - Trung tâm Anh ngữ luyện thi SAT & IELTS Hải Phòng,Trung tâm giáo dục
university,"IELTS Fighter - Ms Hoa Junior Lạch Tray, Hải Phòng",Trường ngoại ngữ
university,Trường THCS Hợp Thành,Trường THCS
university,Trung tâm Anh Ngữ HuyenIELTS,Trường dạy tiếng Anh
university,Trung Tâm Apollo English Hai Bà Trưng,Trường ngoại ngữ
university,Trường THCS Tràng Cát,Trường THCS
university,Trường Trung Học Cơ Sở Hiền Giang,Trường THCS
university,CAO ĐẲNG CÔNG THƯƠNG QUỐC TẾ,Tổ chức giáo dục
university,Trường Trung cấp Quang Trung,Trường cao đẳng cộng đồng
university,Trường THCS Đông Kết,Trường THCS
university,Trường THCS Nguyễn Thiện Thuật,Trường THCS
university,Trường trung học cơ sở Mễ Sở,Trường THCS
university,Trung tâm Giáo dục Kỹ thuật Tổng hợp số 2,Trường cao đẳng cộng đồng
university,THCS An Vĩ,Trường THCS
university,Trung Tâm Anh Ngữ Hành Tinh,Trường dạy tiếng Anh
university,Trường THCS Phú Minh,Trường THCS
university,Trường THCS Duyên Thái,Trường THCS
university,Trường Trung Học Cơ Sở Khai Thái,Trường cấp ba
university,Berkeley City College,Trường cao đẳng cộng đồng
university,Mesa Community College,Trường cao đẳng cộng đồng
university,Trường THCS Văn Đức,Trường THCS
university,San Diego City College,Trường đại học
university,Trường Tiểu Học Vĩnh Xá,Trường liên cấp tiểu học và trung học
university,Paradise Valley Community College,Trường cao đẳng cộng đồng
university,Phoenix College,Trường cao đẳng cộng đồng
university,Đại học Cần Thơ,Đại học công lập
university,Đại Học Y Dược Cần Thơ,Trường đại học
university,Trường cao đẳng Đại Việt thành phố Cần Thơ,Trường đại học
university,Trường Đại học Kỹ thuật - Công nghệ Cần Thơ,Trường đại học
university,Trường Đại học Cảnh sát nhân dân (Cơ sở 3),Trường đại học
university,Trường Đại học Kiến Trúc Thành phố Hồ Chí Minh - Trung tâm Đào tạo TP.Cần Thơ,Trường đại học
university,Trường Cao đẳng Y tế Cần Thơ,Trường đại học
university,Trường Trung cấp Miền Tây,Trường đại học
university,Trường Kinh Tế - Trường Đại học Cần Thơ,Trường đại học
university,Cổng Chào Trường Đại Học Nam Cần Thơ,Trường đại học
university,Luyện thi đại học Đạt Lắm,Trung tâm giáo dục
university,Trường Đại học Nam Cần Thơ,Trường đại học
university,Khu E Đại học Nam Cần Thơ,Trường đại học
university,Cần Thơ,Trường cao đẳng nghề
university,Trường Đại Học Tây Đô,Trường đại học
university,Cổng Cửa Tiểu - Cửa Đại,Trường đại học
university,Trường Cao đẳng Kinh tế - Kỹ thuật Cần Thơ,Trường cao đẳng nghề
university,Trường Cao đẳng Nghề Cần Thơ,Trường cao đẳng nghề
university,Khoa Sư Phạm Trường Đại Học Cần Thơ,Tổ chức giáo dục
university,Trường Thủy sản - Trường Đại học Cần Thơ,Khoa học thuật
university,Cổng Hàm Luông,Trường đại học
university,Trường Cao đẳng Văn hóa Nghệ thuật Cần Thơ,Trường đại học
university,Ký túc xá Đại học FPT Cần Thơ,Trường đại học
university,Khoa Y,Khoa học thuật
university,Trường Nông nghiệp - Trường Đại Học Cần Thơ,Khoa học thuật
university,"Khoa Kỹ thuật Thủy lợi, Trường Bách khoa, Đại học Cần Thơ",Trường bách khoa
university,Trường Cao đẳng kinh tế kĩ thuật bách khoa,Trường đại học
university,FPT University,Trường đại học
university,Khoa Y tế công cộng,Khoa học thuật
university,Cổng Định An,Trường đại học
university,Học Tiếng Anh Thật Dễ,Trường đại học
university,Trung tâm Ngoại ngữ Trường Đại học Cần Thơ,Trường ngoại ngữ
university,Cơ Sở Luyện Thi Đại Học Hà Phương,Trung tâm luyện thi
university,Trại thực nghiệm Nông Nghiệp Đại học Cần Thơ,Trường đại học
university,Trường Đại học Xây dựng miền Tây - Cơ sở Cần Thơ,Tổ chức giáo dục
university,Dạy đàn Cần Thơ,Nhạc viện
university,Trường Công Nghệ Thông Tin và Truyền Thông (CTU),Khoa học thuật
university,Khoa Điều Dưỡng,Trường đại học
university,Trung tâm Ngoại ngữ - Trường Đại học Cần Thơ,Trung tâm giáo dục
university,Khu phức hợp Phòng thí nghiệm - ĐHCT,Khoa học thuật
university,Khoa Sau đại học,Khoa học thuật
university,Trường Cao Đẳng Kinh tế Đối ngoại (Cơ sở Cần Thơ),Trường đại học
university,"VPĐ Trường Nông Nghiệp, Đại học Cần Thơ",Trường đại học
university,Trường Quốc tế Hoà Bình,Trường quốc tế
university,Trường THPT Thực Hành Sư Phạm,Trường trung học phổ thông
university,Nhà Học B1,Tổ chức giáo dục
university,Pong ơi Music,Trường nghệ thuật
university,Trường THCS Long Hoà,Trường THCS
university,Phòng Đào tạo - Trường Đại học Cần Thơ,Trường đại học
university,Khoa Dự bị Dân tộc,Khoa học thuật
university,Trường THCS Trúc Lâu,Trường THCS
university,Trường THCS Bình Thủy,Trường THCS
university,Toà nhà công nghệ cao,Trường đại học
university,Cơ Sở Luyện Thi Đại Học Hồng Phúc,Tổ chức giáo dục
university,"Khu A, B - Đại học Nam Cần Thơ",Trường đại học
university,Thầy Châu Toán Lý,Trung tâm giáo dục
university,Trung tâm Ngoại ngữ Trường Đại học Cần Thơ,Trung tâm giáo dục
university,"TRƯỜNG TH, THCS VÀ THPT QUỐC VĂN CẦN THƠ",Trường liên cấp tiểu học và trung học
university,Trung tâm Học liệu,Trung tâm giáo dục
university,Nhà Học D1,Khoa học thuật
university,Trung Tâm Đào Tạo Nghiên Cứu Và Tư Vấn Kinh Tế,Trường đại học
university,Khoa Kỹ thuật Y học,Trường đại học
university,Trường Tiểu Học Long Hòa 2,Trường tiểu học
university,Trường THCS An Khánh,Trường THCS
university,Khoa Khoa học Tự nhiên,Khoa học thuật
university,Viện Nghiên cứu Biến đổi Khí hậu - Đại học Cần Thơ,Viện nghiên cứu
university,Nhà Hiệu bộ,Trường đại học
university,Trường tiểu học Long Hoà 1,Trường tiểu học
university,Trường THCS An Thới,Trường THCS
university,Khoa Khoa học Xã hội & Nhân văn,Khoa học thuật
university,Trường THPT Bình Thủy,Trường trung học phổ thông
university,Trường Trung Cấp Hồng Hà TP.Cần Thơ,Trường dạy nghề
university,Thường thạch,Trường đại học
university,Ký túc xá ĐHYDCT,Trường đại học
university,KTX B8 ĐH Cần Thơ,Trường đại học
university,Greenwich Việt Nam - Cơ sở Cần Thơ,Trường đại học
university,Khoa Môi trường và Tài nguyên thiên nhiên,Trường đại học
university,Không gian sáng chế (MIS-CTU),Trường đại học
university,PTN Động lực học và điều khiển - ĐHCT,Trường đại học
university,Bộ môn Khoa học Môi trường - Khoa MT & TNTN,Trường đại học
university,Trường Tiểu học Võ Trường Toản,Trường tiểu học
university,Tiếng Anh Dễ Mà,Trường dạy tiếng Anh
university,Nhà học KH,Trường đại học
university,"Department of Automation Technology, College of Engineering Technology",Trường đại học
university,Trường Cao Đẳng Sư Phạm Cần Thơ,Trường đại học
university,Dãy phòng thực hành Hoá học KH3 KHTN,Trường đại học
university,PTN Công trình thuỷ - Trường Bách Khoa,Trường đại học
university,"KTX A, Toà B1",Trường đại học
university,Trường Trung Cấp Y Dược Mekong,Trường đại học
university,Nhà Cô Hoà Dạy Ngữ Văn,Trường THCS
university,Cao đẳng Việt Mỹ Cần Thơ,Trường cao đẳng/đại học tư thục
university,Trường Tiểu Học Long Tuyền 2,Trường tiểu học
university,Tòa Gamma ĐH FPT Cần Thơ,Trường đại học
university,Trường Cao đẳng Du lịch Cần Thơ,Trường dạy nghề
university,TRƯỜNG TRUNG CẤP QUỐC TẾ MEKONG,Trường dạy nghề
university,Trường Cao Đẳng Đại Việt Sài Gòn cơ sở Cần Thơ liên kết,Tổ chức giáo dục
university,"Trung Tâm Liên Kết Đào Tạo - Tuyển Sinh, Trường Cao Đẳng Cần Thơ",Trường dạy nghề
university,Trung Tâm Tin Học Cần Thơ,Trung tâm giáo dục
university,Ctech,Trung tâm giáo dục
university,Trường Cao đẳng Kỹ thuật – Công nghệ Bách Khoa (CTECH),Trường cao đẳng nghề
university,Trường Cao Đẳng Tây Đô,Trường cao đẳng nghề
university,"Giảng đường 1, Trường Cao đẳng Cần Thơ",Trường đại học
university,Trường Cao đẳng Công nghệ Y - Dược Việt Nam,Trường cao đẳng nghề
university,Trường Cao Đẳng Phạm Ngọc Thạch Cần Thơ,Trường đại học
university,Trường Cao Đẳng Cơ Điện Và Nông Nghiệp Nam Bộ,Trường cao đẳng cộng đồng
university,Trường Cao Đẳng Công Nghệ - Ngoại Thương,Trường cao đẳng/đại học chính phủ
university,"Giảng đường 2, trường Cao đẳng Cần Thơ",Tổ chức giáo dục
university,Phòng Quản lý đào tạo - Trường Cao Đẳng Cần Thơ,Trường kỹ thuật
university,Cao Đẳng Anh Quốc BTEC FPT,Trường cao đẳng nghề
university,"Trung Tâm Ngoại Ngữ - Tin Học, Trường Cao Đẳng Cần Thơ",Trường ngoại ngữ
university,"Nhà học A4, Trường Cao Đẳng Cần Thơ",Trường đại học
university,Trường THPT An Khánh,Trường cấp ba
university,Văn phòng đoàn thanh niên Trường Cao đẳng Cần Thơ,Trường đại học
university,Trường Cao Đẳng Cộng Đồng Hậu Giang,Trường cao đẳng cộng đồng
university,Trường Trung Học Cao Đẳng FPT,Trường học tư nhân
university,Trường Cao đẳng nghề Vĩnh Long,Trường cao đẳng nghề
university,Trường Đại Học Võ Trường Toản,Trường cao đẳng/đại học tư thục
university,Trường Cao Đẳng Kinh Tế - Kỹ Thuật Cơ Sở 2,Trường dạy nghề
university,Văn phòng Hải Phong,Trung tâm giáo dục
university,Trường Cao đẳng Long An - Cơ sở Cần Giuộc,Trường cao đẳng cộng đồng
university,Trường Cao đẳng Công nghệ Thủ Đức,Trường cao đẳng cộng đồng
university,Trường Cao Đẳng Quốc Tế Sài Gòn,Trường cao đẳng/đại học tư thục
university,"Trường Cao Đẳng Nghề Long An Quốc Lộ 1, Phường 5",Trường đại học
university,Trường Cao Đẳng Công Nghệ Sài Gòn,Tổ chức giáo dục
university,Trường Cao đẳng Kỹ thuật Cao Thắng,Trường cao đẳng nghề
university,Trường Cao đẳng Quốc Tế TP.HCM,Trường đại học
university,Toà A2 FPT,Trường cao đẳng cộng đồng
university,Trường Cao đẳng Công nghệ TP.HCM,Trường cao đẳng cộng đồng
university,Trường Cao đẳng Long An,Trường cao đẳng cộng đồng
university,Trường Cao Đẳng Long An Cơ Sở Đức Hòa,Trường đại học
university,Trường Cao đẳng Kinh tế Kỹ thuật Thủ Đức,Trường cao đẳng cộng đồng
university,Trường Cao đẳng Long An - Cơ sở Bến Lức,Trường cao đẳng nghề
university,Học Viện Hani,Trung tâm giáo dục
university,Trung tâm Toán tư duy - Ngoại ngữ Vinabacus Cần Thơ,Trung tâm học hành
university,Nhật Ngữ FIC Asahi - Cần Thơ,Trường ngoại ngữ
university,Tiếng Hoa Cần Thơ,Trung tâm giáo dục
university,Trung Tâm Thành Công,Tổ chức giáo dục
university,Toán trí tuệ GeniusKid (Vietmy Education) & GO Global Education,Trung tâm giáo dục
university,TRUNG TÂM ANH NGỮ IELTS VIỆT,Trung tâm giáo dục
university,Học Viện Chính Trị Khu Vực IV,Tổ chức giáo dục
university,Tiếng Nhật Cần Thơ - Nhật Ngữ Minh Lan,Trường ngoại ngữ
university,IELTS MS CHAU ( Anh Ngữ IMC),Trường dạy tiếng Anh
university,TRUNG TÂM HOA NGỮ ĐẠI THÀNH - CẦN THƠ,Trường ngoại ngữ
university,Trung Tâm Anh Ngữ Việt Mỹ VATC Cần Thơ,Tổ chức giáo dục
university,Trung tâm Ngoại Ngữ Uyên Bác,Trung tâm giáo dục
university,Trung tâm Anh Ngữ Gia Việt - Trụ sở chính,Tổ chức giáo dục
university,Học Viện Hành Chính - Chính Trị,Trường sau đại học
university,Trường học công nghệ MindX Cần Thơ - MindX Technology School,Tổ chức giáo dục
university,Nhật ngữ Minh Tú Cần Thơ,Trường ngoại ngữ
university,Trung tâm dạy nghề Màu Hoa Đỏ,Trung tâm đào tạo
university,Viện Nghiên Cứu Và Phát Triển Công Nghệ Sinh Học,Viện nghiên cứu
university,Gia sư tiếng Hàn Cần Thơ,Trường ngoại ngữ
university,Trung tâm Ngoại ngữ Quốc tế DEC,Trung tâm giáo dục
university,Trung Tâm Ngoại Ngữ New Windows,Trường ngoại ngữ
university,Viện Công nghệ sinh học và Thực phẩm,Viện nghiên cứu
university,Trung Văn Cần Thơ - Dạy tiếng Trung uy tín tại Cần Thơ,Tổ chức giáo dục
university,Viện NC&PT Công Nghệ Sinh Học,Khoa học thuật
university,Anh Ngữ Quốc Tế SSA Cần Thơ,Trường dạy tiếng Anh
university,"Wiser English - Luyện Thi TOEIC, B1 VSTEP, Anh Văn Giao Tiếp Cần Thơ",Trường dạy tiếng Anh
university,Học viện Spa Thanh Huyền - Cần Thơ,Trung tâm giáo dục
university,Dạy Đàn Organ Cần Thơ - Trung tâm đào tạo đàn Organ Tuấn Kiệt,Trung tâm đào tạo
university,Trung Tâm Ngoại Ngữ FME - Fabulous Mekong,Trường ngoại ngữ
university,Trung tâm Ngoại ngữ ISEE Cần Thơ - Cơ sở Trần Hưng Đạo,Trung tâm giáo dục
university,Hướng Nghiệp Á Âu,Trung tâm đào tạo
university,Trung Tâm Anh Ngữ Âu Việt Mỹ Cần Thơ,Tổ chức giáo dục
university,Trung Tâm Dạy Nghề Nhã Thành,Trường kỹ thuật
university,Trung Tâm Chí Dũng,Tổ chức giáo dục
university,Trung tâm Anh ngữ Điểm 10,Trung tâm đào tạo
university,"Anh Ngữ D2D - B1 Cần Thơ, TOEIC Cần Thơ, B2, IELTS, Giao tiếp Online & Offline",Trung tâm luyện thi
university,Trung tâm Giáo dục Nghề nghiệp Thẩm mỹ FOB,Trường dạy nghề
university,TRUNG TÂM GIÁO DỤC NGÔN NGỮ HÀN QUỐC CẦN THƠ,Trường ngoại ngữ
university,Trung Tâm ngoại ngữ Minh Anh,Trung tâm giáo dục
university,Trường Tiểu Học Kim Đồng,Trường tiểu học
university,Trung tâm Anh ngữ Res - Chi nhánh Cần Thơ,Trường ngoại ngữ
university,Bếp Bar Mrs.Tuyet,Trường dạy nghề
university,Học viện Hàn ngữ Hani,Tổ chức giáo dục
university,VIBE ACADEMY,Trường dạy nghề
university,VMS Academy,Trung tâm giáo dục
university,TRUNG TÂM NGOẠI NGỮ IDB ACADEMY,Trung tâm giáo dục
university,LIC Academy (Hoa Ngữ - Hàn Ngữ),Trung tâm giáo dục
university,Cao Đẳng Sài Gòn,Trường cao đẳng/đại học tư thục
university,Trường cao đẳng nông nghiệp Nam Bộ,Trường cao đẳng cộng đồng
university,Trường Cao đẳng nghề TP.HCM,Trường đại học
university,Trường cao đẳng nghề Tp.HCM,Trường cao đẳng cộng đồng
university,Trường Cao đẳng Đà Lạt,Trường đại học
university,InterGreat Cantho,Trường dạy tiếng Anh
university,Swinburne Vietnam Alliance Program - Can Tho city location,Trường đại học
university,TRƯỜNG TRUNG CẤP NGOẠI THƯƠNG,Trường dạy nghề
university,Trường THCS An Hòa 2,Trường THCS
university,Trường Cao đẳng Viễn Đông,Trường cao đẳng cộng đồng
university,DU HỌC VISA,Tổ chức giáo dục
university,Trung tâm Dạy thêm Thành Nhân Education,Trung tâm giáo dục
university,Singapore International School (Can Tho),Trường quốc tế
university,Anh Ngữ AMES Cần Thơ,Trường dạy tiếng Anh
university,Water Group Cần Thơ,Trung tâm giáo dục
university,TRUNG TÂM NGOẠI NGỮ EDUGO,Trường ngoại ngữ
university,Flex English Center,Trường dạy tiếng Anh
university,Trung Tâm Đào Tạo Kỹ Năng và Thực Hành SeaCorp Academies Cần Thơ,Trung tâm giáo dục
university,DSS Group - VP Cần Thơ,Tổ chức giáo dục
university,Sở Giáo dục và Đào tạo TP. Cần Thơ,Tổ chức giáo dục
university,Trường Quân Sự Tp.Cần Thơ,Tổ chức giáo dục
university,Trung tâm Anh ngữ ILA - Tầng 3 Vincom Xuân Khánh (Cần Thơ),Trường dạy tiếng Anh
university,Cafe bđs DTD Group CT,Trường kinh doanh
university,Cty Tnhh Dv Tm Xnk An Group,Trường giáo dục phổ thông
university,Trung Tâm Đào Tạo Luyện Thi Chứng Chỉ Tiếng Anh VCI,Trường dạy tiếng Anh
university,Nam Thu Edu-Dạy Tiếng Anh,Trường dạy tiếng Anh
university,Trung Tâm Anh Ngữ London ( Cơ sở 2 ),Trường dạy tiếng Anh
university,Trung tâm Anh Ngữ Đăng Khoa - Chi nhánh Mậu Thân,Trường ngoại ngữ
university,Apollo English Cần Thơ,Trường dạy tiếng Anh
university,Anh Văn Hội Việt Mỹ VUS - Cần Thơ,Trường dạy tiếng Anh
university,Du Học Hàn Quốc HIAST Cần Thơ,Trung tâm trường học
university,Trung Tâm Ngoại Ngữ Next Era,Trường ngoại ngữ
university,Trung tâm ngoại ngữ và du học Hagi,Trường ngoại ngữ
university,Trung tâm Anh ngữ AMA Cần Thơ,Trường dạy tiếng Anh
university,Trung tâm Anh ngữ ILA,Trường dạy tiếng Anh
university,LA English Classes,Trường dạy tiếng Anh
university,Trung tâm Ngoại ngữ ISEE Cần Thơ - Cơ sở 3/2,Trường ngoại ngữ
university,Trung Tâm Đào Tạo Thiết Kế - Nhà Xinh Group,Trường đào tạo máy tính
university,English w Ms Rose,Trung tâm giáo dục
university,ALT IELTS Gia Sư,Trường ngoại ngữ
university,Trường THCS Đoàn Thị Điểm,Trường THCS
university,Trung tâm Ngoại ngữ NEW ERA,Trường ngoại ngữ
university,Trường Tiểu học Cái Khế 2,Trường tiểu học
university,Trường Tiểu học Lê Quý Đôn,Trường tiểu học
university,Tiếng Anh Trẻ Em Cần Thơ - Keedii Sun,Trường dạy tiếng Anh
university,Trường Tiểu Học Hưng Lợi 2,Trường tiểu học
university,Trung tâm Ngoại Ngữ Polylingual,Trường ngoại ngữ
university,Mekong International College,Trường quốc tế
university,Trường Phổ thông Thái Bình Dương,Trường quốc tế
university,Phòng họp 2,Trường đại học
university,KTX B3,Trường đại học
university,Nơi làm việc,Trường đại học
university,Bộ môn Tài nguyên Đất đai - khoa Môi trường & TNTN - ĐHCT,Trường đại học
university,Viện Đào Tạo Quốc Tế FPT,Trung tâm đào tạo
university,Viện Đào tạo Quản trị và Hợp tác Quốc tế (NOTE EDU),Tổ chức giáo dục
university,Viện Đào tạo liên tục - ĐHBK Hà Nội,Trường giáo dục dành cho người lớn
university,Viện Đào Tạo Quốc Tế (IIFE),Trường sau đại học
university,Viện Đào Tạo Và hợp tác giáo dục quốc tế,Trung tâm giáo dục
university,Huấn luyện an toàn vệ sinh lao động Viện đào tạo và hợp tác giáo dục,Trung tâm đào tạo
university,Academy Vietnam | Ecopark,Trường học tư nhân
university,Anh Thư Lê Make Up Academy,Trung tâm giáo dục
university,Trường THPT Bình Dương,Trường trung học phổ thông
university,Trường THPT số 2 Phù Mỹ,Trường cấp ba
university,Trường Cao đẳng Y Hà Nội,Trường y
university,Cao Đẳng Nấu Ăn Hà Nội,Trường cao đẳng cộng đồng
university,Trường Cao Đẳng Quốc Tế Hà Nội ( HIC ),Trường đại học
university,Trường Cao Đẳng Công Thương Việt Nam,Trường dạy nghề
university,Trường Cao đẳng Xây dựng Công trình Đô Thị,Trường đại học
university,Trường Cao Đẳng Cơ Điện Hà Nội,Trường dạy nghề
university,Trường Cao đẳng Kinh tế Công nghiệp Hà Nội (Cơ sở 2),Trường đại học
university,Trường THCS Mỹ Đức,Trường THCS
university,Trường Cao đẳng Y Dược Tuệ Tĩnh Hà Nội - Cơ sở chính,Trường y
university,Trường Cao đẳng Bách Nghệ Hà Nội,Trường cao đẳng cộng đồng
university,Trường Cao đẳng Lý Thái Tổ,Trường cao đẳng cộng đồng
university,Trường Cao đẳng Du lịch và Công thương,Tổ chức giáo dục
university,"Trường Cao Đẳng Kinh Tế, Kỹ Thuật và Thủy Sản",Trường đại học
university,Trường Cao đẳng Công nghệ Cao Hà Nội,Trường giáo dục phổ thông
university,Trường Cao đẳng Việt Mỹ Hà Nội (Cơ sở 2),Trường đại học
university,Trường Cao Đẳng Hùng Vương Hà Nội,Trường kỹ thuật
university,Viện Đào Tạo Bồi Dưỡng Chuyển Giao Công Nghệ,Trường đại học
university,Trường Cao Đẳng KT PKKQ,Tổ chức giáo dục
university,Trường Cao đẳng Điện Lực Miền Bắc - Cơ sở Yên Viên,Trường cao đẳng nghề
university,Trường Cao đẳng Y Tế Đặng Văn Ngữ,Trường y
university,Trường Cao Đẳng Kỹ Thuật Y Dược Hà Nội,Trường y
university,Trường Cao đẳng FPT Polytechnic,Trường đại học
university,Trường Cao Đẳng Kỹ Thuật Y Dược Hà Nội,Trường đại học
university,Trường Cao Đẳng Nghề Văn Lang Hà Nội,Trường đại học
university,Trường Cao đẳng nghề Nguyễn Trãi,Trường dạy nghề
university,Trường Cao đẳng Ngoại ngữ - Công nghệ và Truyền thông,Trường cao đẳng cộng đồng
university,Vietnam-Korea Professional College of Hanoi city,Tổ chức giáo dục
university,Trường Cao đẳng Phú Châu,Tổ chức giáo dục
university,Trường Cao Đẳng Việt Mỹ Hà Nội,Trường dạy nghề
university,Trường cao đẳng ngoại ngữ Hà Nội,Trường đại học
university,CAO ĐẲNG Y - DƯỢC CỘNG ĐỒNG,Trường y
university,"Khoa Kinh Tế - Thương Mại, Trường Cao đẳng Ngoại ngữ và Công nghệ Hà Nội (FTC)",Trường cao đẳng nghề
university,BTEC FPT,Trường cao đẳng nghề
university,"Khoa Cầu Đường, Trường ĐHXD Hà Nội - Faculty of Bridges and Roads, HUCE",Trường đại học
university,Trường Cao đẳng Y tế Bắc Ninh,Trường cao đẳng cộng đồng
university,Trường Cao đẳng Thủy Lợi Bắc Bộ,Trường cao đẳng cộng đồng
university,Trường Cao đẳng FPT Polytechnic,Trường cao đẳng nghề
university,Trường Cao Đẳng Bách Khoa,Trường cao đẳng nghề
university,PMx Group - Đồng hành cùng nhà quản lý,Trung tâm đào tạo
university,Trường Quản Trị Kinh Doanh - Vinacomin,Trường cao đẳng cộng đồng
university,Trường Trung Học Cơ Sở Tân Minh,Trường cấp ba
university,Trường Cao Đẳng Công Thương Việt Nam,Trường giáo dục phổ thông
university,Trường Trung Cấp Công Nghệ Và Kinh Tế Đối Ngoại,Tổ chức giáo dục
university,Bee English Community,Trung tâm đào tạo
university,Trung cấp Ô tô Hà Nội,Trường cao đẳng cộng đồng
university,"Công ty TNHH PT, GD, CN và Xúc tiến Thương mại Việt Nam",Trường cao đẳng nghề
university,Trường Cao đẳng Phát thanh - Truyền hình 1,Trường cao đẳng cộng đồng
university,Trường Cao đẳng Công nghệ và Thương mại Hà Nội,Trường cao đẳng nghề
university,Trường Đại Học Anh Quốc Việt Nam,Trường đại học
university,ILEC - International Languages and Education Community,Trường dạy tiếng Anh
university,Cao Đẳng Ngoại Ngữ Và Công Nghệ Việt Nam,Trường cao đẳng nghề
university,Tập đoàn Giáo dục Quốc tế Đại Tây Dương (Atlantic Group),Trung tâm giáo dục
university,Trường Cao đẳng Bách Nghệ Hà Nội Cơ sở Hoài Đức,Trường cao đẳng nghề
university,Trường Cao đẳng Y Dược Cộng Đồng,Trường cao đẳng cộng đồng
university,Trường Trung Học Cơ Sở Châu Can,Trường THCS
university,Đào tạo Quốc tế (SIE) - Trường Đại học Bách Khoa Hà Nội,Trường đại học
university,Trường Đại Học Xây Dựng Hà Nội - HUCE,Trường đại học
university,Trường Trung Học Cơ Sở Cao Viên,Trường THCS
university,Trường cao đẳng thông tin và truyền thông,Trường cao đẳng nghề
university,Westlink International School Hanoi,Trường quốc tế
university,Thịnh Phát,Trường cao đẳng cộng đồng
university,Greenfield School,Trường học tư nhân
university,Cao Đẳng Ô Tô Hà Nội,Trường cao đẳng cộng đồng
university,Công ty CP Tư vấn Quốc tế AN GROUP,Trung tâm giáo dục
university,The Global Citizen Education Group - Vietnam,Trung tâm giáo dục
university,CEC Times City,Trung tâm giáo dục
university,Trường Trung Học Cơ Sở Phúc Tiến,Trường giáo dục phổ thông
university,Tuyển Sinh Cao Đẳng,Trường cao đẳng cộng đồng
university,Trường Quốc tế Liên Hợp Quốc Hà Nội,Tổ chức giáo dục
university,Nguyen Truc Junior High School,Trường THCS
university,Công ty TNHH GC Education Group,Trung tâm giáo dục
university,Trường Cao Đẳng Nghề Quản Lý Và Công Nghệ,Trường cao đẳng cộng đồng
university,Trường Cao đẳng nghề Kinh tế Kỹ thuật Vinatex,Trường cao đẳng cộng đồng
university,Trường THCS Bích Hoà,Trường THCS
university,Trường THCS Phương Liệt,Trường THCS
university,Trường Trung Học Cơ Sở Tảo Dương Văn,Trường THCS
university,Trường THCS Xuân Canh,Trường THCS
university,Trường Trung Học Cơ Sở Hồng Dương,Trường THCS
university,Cơ sở 2 Trường Cao đẳng Thái Nguyên,Trung tâm trường học
university,Trường Trung Học Cơ Sở Minh Đức,Trường THCS
university,Trường Trung Học Cơ Sở Thanh Văn,Trường THCS
university,Công ty Tư Vấn Du học Blue Ocean,Tổ chức giáo dục
university,Trường THCS Đông Ngạc,Trường THCS
university,Trung tâm đào tạo ô tô EAC,Trung tâm giáo dục
university,AITA - HỌC VIỆN ĐÀO TẠO LIÊN NGÀNH CHÂU Á,Trường đại học
university,Trường Cao đẳng Xây dựng Nam Định,Trường cao đẳng cộng đồng
university,Công tác Học sinh - Sinh viên HNC,Trường cao đẳng nghề
university,Trường Trung Học Cơ Sở Đông Lỗ,Trường THCS
university,Cao Đẳng FPT Polytechnic Kiều Mai - TUNZO,Trường bách khoa
university,Trường Trung học Vinschool Times City,Trường THCS
university,JUN TÂY WEDDING STUDIO,Trường cao đẳng nghề
university,Trường Trung Học Cơ Sở Hòa Lâm,Trường THCS
university,Trường Trung Học Cơ Sở Phương Tú,Trường THCS
university,Trường Trung Học Cơ Sở Thanh Thùy,Trường THCS
university,Trung tâm ngoại ngữ Quốc Tế Ocean Edu Times City,Trường dạy tiếng Anh
university,Trường Cao đẳng Bách Khoa,Trường cao đẳng cộng đồng
university,IELTS Fighter - Ms Hoa Junior Xa La Hà Đông,Trường dạy tiếng Anh
university,Trường Trung Học Cơ Sở Đa Tốn,Trường THCS
university,Đại Học Quốc Gia Hà Nội,Đại học công lập
university,Trường Cao đẳng Công nghiệp,Tổ chức giáo dục
university,Trường Cao Đẳng Y Dược Hà Nội (Mỹ Đình),Trường y
university,Trường Cao Đẳng Công Nghiệp,Trường dạy nghề
university,Cao Đẳng Y Tế Hà Nội Cơ Sở 2,Tổ chức giáo dục
university,Trường cao đẳng công thương cơ sở 2,Trường kỹ thuật
university,Trường Cao Đẳng Phúc Châu - Đại Học Kinh Tế Quốc Dân,Trường đại học
university,Phương Nhung 12-11,Đại học công lập
university,Trại chồn hương quốc hoàng,Trường kinh doanh
university,Trường Tiểu Học Bình Dương,Trường tiểu học
university,Trường THCS Mỹ Lợi,Trường THCS
university,Trường Đại học Quang Trung,Trường đại học
university,Trường Tiểu Học Mỹ Phong,Trường tiểu học
university,Trường Đại học Việt Đức (VGU),Trường đại học
university,Trường Trung Học Cơ Sở Mỹ Thắng,Trường THCS
university,Trường THCS Thị Trấn Bình Dương,Trường THCS
university,Trường Đại học Thăng Long,Trường đại học
university,Trường Tiểu học Mỹ An,Trường tiểu học
university,Trường Đại học Thủy lợi,Đại học công lập
university,Trường Đại học Kiến trúc Hà Nội,Đại học công lập
university,Trường Đại học Dược Hà Nội,Trường đại học
university,Trường Đại học Mở Hà Nội,Đại học công lập
university,Đại học Đà Nẵng,Trường đại học
university,Trường Đại Học Luật Hà Nội,Trường luật
university,Học viện Y Dược học Cổ truyền Việt Nam,Trường y
university,Học viện Hàng không Việt Nam,Trường đại học
university,Học Viện Quân Y,Trường y
university,Học Viện Công Giáo Việt Nam,Tổ chức giáo dục
university,Học Viện HCI Việt Nam,Tổ chức giáo dục
university,Học viện Lái Đò,Trung tâm giáo dục
university,Học viện Hải quân,Đại học công lập
university,Học Viện Khoa Học Quân Sự,Trường quân sự
university,Học Viện Ngựa PKC Equine Center,Trường thể thao
university,Học viện Quản lý Giáo dục,Trường đại học
university,Giảng Đường E - Học Viện Nông Nghiệp Việt Nam,Tổ chức giáo dục
university,Cổng học viện Nông Nghiệp,Trường đại học
university,Học viện Hạnh Phúc (chi nhánh Miền Bắc),Trung tâm giáo dục
university,Học viện Hospotality Oha,Trung tâm giáo dục
university,Trường học viện ngoại giao,Trường đại học
university,HỌC VIỆN NESA iCAD - Trụ sở chính ĐH Kiến Trúc Hà Nội,Trung tâm đào tạo
university,Học Viện Hậu Cần,Trường đại học
university,HOCVIENiT.vn,Trường đào tạo máy tính
university,Học Viện Green Academy - Cơ Sở Trường Chinh ( Hà Nội ),Trung tâm giáo dục
university,"Học viện Chiến lược, bồi dưỡng cán bộ xây dựng",Viện nghiên cứu
university,Học viện Tòa án,Trường luật
university,Học Viện Khoa Học Xã Hội,Viện nghiên cứu
university,Chương trình Học viện Công nghệ BKACAD,Tổ chức giáo dục
university,Học viện Ngoại giao,Trường đại học
university,Trung tâm Đào tạo Bóng đá trẻ PVF,Trung tâm giáo dục
university,Học Viện Đào Tạo Thực Chiến Quảng Cáo FaceBook - Đinh Đức Tùng,Trung tâm đào tạo
university,GSJ - Học viện sáng tạo khoa học,Trung tâm giáo dục
university,Học viện Số TDS,Trung tâm giáo dục
university,Học viện lý số Nguyên Cát,Trung tâm đào tạo
university,Học viện Công nghệ Bưu chính viễn thông,Trường đại học
university,Học Viện Quân Y - Trung Tâm Công Nghệ Thông Tin,Cơ sở tôn giáo
university,Viện Toán ứng dụng và Tin học,Khoa học thuật
university,Học viện Ngôi Sao - Star Academy,Trung tâm đào tạo
university,Học viện HYP Toàn Cầu,Trung tâm đào tạo
university,Học Viện Gizento - Trụ Sở Hà Nội,Trung tâm giáo dục
university,Tòa nhà Trung Tâm học viện Nông Nghiệp Việt Nam,Trường đại học
university,Ktx c3 học viện nông nghiệp việt nam,Trường đại học
university,Học viện cầu lông CKH,Trường thể thao
university,Học viện Toán Sơ Đồ - MathMapAcademy,Trường toán học
university,Học Viện Xây Dựng Việt Nam,Trường kỹ thuật
university,Học viện pha chế Jarvis,Trung tâm đào tạo
university,"Khoa Công Nghệ Thực Phẩm, Học viện Nông Nghiệp Việt Nam",Trường đại học
university,HỌC VIỆN CÔNG NGHỆ CAO HITECH ACADEMY,Trung tâm giáo dục
university,Học Viện Kim Cương,Tổ chức giáo dục
university,Học viện Quốc phòng,Trường quân sự
university,Học viện đào tạo Fitness toàn diện - HFI,Trung tâm đào tạo
university,"Trường Đào tạo, bồi dưỡng cán bộ Công Thương Trung Ương",Trung tâm đào tạo
university,Học Viện Đào Tạo Pha Chế Namas - Hà Nội,Trung tâm đào tạo
university,Trường Đào tạo BIDV,Viện nghiên cứu
university,Viện Đào tạo Phát triển Giáo dục,Trung tâm giáo dục
university,Trường đào tạo An toàn bức xạ - Công ty CP tư vấn kỹ thuật Khoa học Công nghệ STEC,Trường kỹ thuật
university,Học viện đào tạo spa Đông Y - Khương Y Đạo,Trung tâm đào tạo
university,Viện Đào tạo và Nghiên cứu Y Dược Bạch Mai,Trung tâm đào tạo
university,Học viện đào tạo kĩ năng dữ liệu GNV,Trung tâm giáo dục
university,Học Viện Đào Tạo PT Quốc Gia ( NPTA),Trung tâm giáo dục
university,Viện Đào tạo Quốc tế về Khoa học Vật liệu,Khoa học thuật
university,Học viện đào tạo quản trị mạng PNH,Trung tâm giáo dục
university,Viện Đào tạo và Tư vấn doanh nghiệp - Đào tạo Mini MBA - Trường Đại học Ngoại thương,Trung tâm đào tạo
university,VIỆN ĐÀO TẠO KHỞI NGHIỆP VÀ ỨNG DỤNG KHOA HỌC CÔNG NGHỆ CAO (SATSI),Viện nghiên cứu
university,HỌC VIỆN ĐÀO TẠO ICE,Trường đại học
university,Trường Đào Tạo Lập Trình Viên Quốc Tế Aptech-Hanoi,Trung tâm giáo dục
university,Viện Đào Tạo Quốc Tế - NEU,Trường đại học
university,Viện Đào Tạo Dưỡng Sinh Đông Y Tuấn Bẻm,Trung tâm dạy nghề
university,"SAPP Academy - Học viện đào tạo ACCA, CFA, CMA, CGMA - Láng Hạ",Trung tâm giáo dục
university,Học viện đào tạo làm đẹp quốc tế Winnie Beauty Academy,Trường dạy nghề
university,Ligi Doctor Clinic - Số 8 Giáp Nhị (Học Viện Đào Tạo Spa Chuẩn Y Khoa),Trung tâm giáo dục
university,Viện Đào tạo Báo chí và Truyền thông,Tổ chức giáo dục
university,Viện Đào Tạo Và Phát Triển Kinh Tế,Trung tâm đào tạo
university,Học Viện đào tào Spa Luverio,Trung tâm đào tạo
university,Viện Đào Tạo Ứng Dụng Công Nghệ Cao & Tư Vấn Khởi Nghiệp,Trung tâm đào tạo
university,Viện khoa học đào tạo và đầu tư quốc tế,Tổ chức giáo dục
university,Học viện Đào tạo nghề Diory Nailslab,Trường dạy nghề
university,Viện Đào tạo Quốc tế - Học viện Ngân hàng,Khoa học thuật
university,Học viện Đào tạo WorldLink,Trường ngoại ngữ
university,Trường Đào tạo Doanh nhân PTI,Trung tâm đào tạo
university,Học viện Công nghệ MCI,Trung tâm đào tạo
university,Viện Đào Tạo Giáo Viên American Montessori,Trung tâm giáo dục
university,Viện Đào Tạo Bách Khoa - BKE Hà Nội,Trung tâm đào tạo
university,Trung Tâm Du Học & Đào Tạo Tiếng Trung VIED Education,Trường dạy tiếng Trung Quốc
university,Học viện Đào tạo Công nghệ và Tư vấn Du học BKSTAR,Trung tâm giáo dục
university,Học viện Đào tạo Nghiệp vụ thực chiến Ngân hàng TWings,Trường học tư nhân
university,VTC Academy Hồ Chí Minh,Trung tâm giáo dục
university,"SAPP Academy - Học viện đào tạo ACCA, CFA, CMA, CGMA - Lê Thanh Nghị",Trung tâm giáo dục
university,Viện Đào tạo nhân lực và Ứng dụng tâm lý giáo dục,Viện nghiên cứu
university,Học viện đào tạo pha chế golden hand,Trường dạy nghề
university,Học Viện Đào Tạo 5T,Trung tâm đào tạo
university,Trường Đào tạo bồi dưỡng cán bộ Tài nguyên và Môi trường,Trường dạy nghề
university,"Viện Đào tạo Quốc tế, Trường Đại học Kinh tế, ĐHQGHN (UEB-SITE)",Trường đại học
university,Viện Đào tạo và Phát triển Kinh tế,Tổ chức giáo dục
university,"SAPP Academy - Học viện đào tạo ACCA, CFA, CMA, CGMA - Phạm Văn Đồng",Tổ chức giáo dục
university,VIỆN ĐÀO TẠO VÀ PHÁT TRIỂN GIÁO DỤC,Tổ chức giáo dục
university,Viện Đào tạo Viện Xây Dựng,Tổ chức giáo dục
university,VIỆN ĐÀO TẠO CÁN BỘ XÂY DỰNG,Trung tâm đào tạo
university,Học viện Đào tạo Nhiếp ảnh Lavender Hà Nội,Trung tâm đào tạo
university,Viện Khoa học Giáo dục Việt Nam,Viện nghiên cứu
university,Viện Nghiên cứu Phát triển thành phố Hồ Chí Minh,Viện nghiên cứu
university,Viện nghiên cứu phát triển kinh tế xã hội phân viện phía Nam,Viện nghiên cứu
university,Viện nghiên cứu hạt nhân,Viện nghiên cứu
university,Viện Nghiên Cứu Cao Su VN,Viện nghiên cứu
university,Viện Nghiên cứu Cơ khí,Viện nghiên cứu
university,Viện Nghiên cứu Năng lượng và Y học tái tạo - ERMRI,Viện nghiên cứu
university,Viện Nghiên cứu Khoa học Tây Nguyên,Viện nghiên cứu
university,Viện Nghiên Cứu Ngô,Viện nghiên cứu
university,VIỆN NGHIÊN CỨU ỨNG DỤNG KHOA HỌC VÀ CÔNG NGHỆ,Viện nghiên cứu
university,Viện nghiên cứu y dược học Quân sự,Viện nghiên cứu
university,Viện nghiên cứu Hệ gen,Viện nghiên cứu
university,Viện Nghiên cứu Hán Nôm,Viện nghiên cứu
university,Viện Nghiên Cứu Rau Quả (FAVRI),Viện nghiên cứu
university,Viện Nghiên cứu và Phát triển Cây trồng,Viện nghiên cứu
university,Trung Tâm Nghiên Cứu Trồng Và Chế Biến Cây Thuốc Hà Nội,Viện nghiên cứu
university,Viện Nghiên cứu Quản lý Kinh tế Trung ương,Viện nghiên cứu
university,Viện nghiên cứu và phát triển sản phẩm thiên nhiên (IRDOP) (DV kiểm nghiệm & nghiên cứu),Viện nghiên cứu
university,Viện Khoa học Nông nghiệp Việt Nam (VAAS),Viện nghiên cứu
university,Viện Pháp Y Quốc gia,Viện nghiên cứu
university,Trường Đại học Bách khoa - ĐHQG TP.HCM,Trường đại học
university,Trường Đại học Nông Lâm TP. Hồ Chí Minh,Trường đại học
university,Trường Đại học Khoa học Sức khoẻ - ĐHQG-HCM,Trường đại học
university,Trường Đại học Quốc Tế - Đại học Quốc gia TP.HCM,Trường đại học
university,"Trường Đại học Kinh tế - Luật, ĐHQG-HCM (UEL)",Trường đại học
university,Trường Đại học Công nghệ Thông tin - ĐHQG TP.HCM,Trường đại học
university,"Nhà hành chính YA1, Khoa Y - Đại học Quốc gia Thành phố Hồ Chí Minh",Trường đại học
university,"Trường Đại học Khoa học Tự nhiên, ĐHQG-HCM, Cơ sở Linh Trung.",Trường đại học
university,Đại Học An Ninh Nhân Dân,Trường đại học
university,Trường Đại học Khoa học Xã hội và Nhân văn - ĐHQG TP.HCM,Trường đại học
university,Trường Cao đẳng Công nghệ cao Đồng An,Trường đại học
university,Trường Đại học Thể dục Thể thao Thành phố Hồ Chí Minh,Trường đại học
university,Trường Đại học Công nghệ Kỹ thuật Thành phố Hồ Chí Minh,Trường đại học
university,Toà BK.B3 - Đại học Bách Khoa TP. Hồ Chí Minh cơ sở 2,Trường đại học
university,VÕ ĐƯỜNG ĐẠI HỌC QUỐC GIA TP HCM,Trường đại học
university,Trường Đại học FPT TP. HCM,Trường đại học
university,HUTECH - Đại học Công nghệ TP.HCM (Thu Duc Campus),Trường đại học
university,Dong An Polytechnic,Trường đại học
university,Nhà Giải Phẫu Khoa Y - ĐHQG-HCM,Trường đại học
university,Tòa nhà Y.A1 - ĐH Khoa học Sức khỏe ĐHQG-HCM,Trường đại học
university,Công Ty Cung Cấp DV Viễn Thông Đức Huy,Trường đại học
university,Trung tâm Giáo dục Quốc phòng và An ninh - Đại học Quốc gia Thành phố Hồ Chí Minh,Trung tâm đào tạo
university,Đại Học KHTN - ĐHQG,Trường đại học
university,Kami Làng Đại Học Thủ Đức,Trường đại học
university,Sun Media - Chi nhánh Dĩ An,Trường đại học
university,Trường Đại Học Mở TP. Hồ Chí Minh CS2,Đại học công lập
university,Trường CĐ Công nghệ Nông Lâm Nam Bộ,Trường cao đẳng cộng đồng
university,Cổng 2 Đại học An ninh nhân dân,Trường đại học
university,Nhà H6 Trường đại học Bách Khoa TpHCM,Đại học kỹ thuật
university,Trường Đại học Lạc Hồng (Cơ sở Dược),Trường đại học
university,Cổng chính Đại học Kinh tế Luật,Đại học công lập
university,Trường ĐH KHXH&NV,Trường đại học
university,UIT - Cổng A,Đại học công lập
university,Trường đại học Lạc Hồng,Đại học tư thục
university,Trường cao đẳng,Trường đại học
university,Giảng đường Rạng Đông,Trường đại học
university,Trại Thực Nghiệm Nông Học Đại Học Nông Lâm,Trường đại học
university,Cổng 2 trường đại học Kinh tế - Luật,Trường đại học
university,Trường Đại Học Cảnh Sát Nhân Dân (Cơ sở 2),Trường đại học
university,Trường Đại học Nguyễn Tất Thành - Cơ sở Quận 9,Trường đại học
university,Trường Đại học Lạc Hồng (Cơ sở 2),Trường đại học
university,Hội trường Trần Chí Đáo,Trường đại học
university,Cổng sau Đại Học TDTT TP HCM,Trường đại học
university,Trường Đại học Sài Gòn,Đại học công lập
university,BKEnglish,Trường đại học
university,Khoa Môi trường & Tài nguyên - Đại học Nông lâm TP.HCM,Khoa học thuật
university,"Khoa Cơ khí - Công nghệ, Trường Đại học Nông Lâm TP. Hồ Chí Minh",Trường đại học
university,Trường Đại học Sư phạm Kỹ thuật Tp.HCM - Cơ sở 2,Trường đại học
university,Nhà Điều Hành ĐHQG-TP. HCM,Trung tâm giáo dục
university,Sushi VinRoll,Trường đại học
university,Bệnh viện ĐHQG tpHCM,Trường đại học
university,Tòa E - Trường Đại học Công nghệ Thông tin - ĐHQG TP.HCM,Trường đại học
university,"Cư xá B, KTX Trường Đại học Nông Lâm TPHCM",Trường đại học
university,Phân hiệu Trường Đại học GTVT tại Tp. Hồ Chí Minh,Trường đại học
university,Trại ARF ĐẠI HỌC NÔNG LÂM,Trường đại học
university,"Đại Học Mở Tp. Hồ Chí Minh, cơ sở 2.",Trường đại học
university,Trường Đại học Tài nguyên và Môi trường TP.HCM,Đại học công lập
university,ĐH TDTT HCM,Trường đại học
university,"Toà C, Đại học Công Nghệ Thông Tin Thành Phố Hồ Chí Minh.",Đại học kỹ thuật
university,"Cư xá C, KTX Trường Đại học Nông Lâm",Trường đại học
university,Đại Học Quốc Tế Hồng Bàng,Đại học tư thục
university,Khu A Trường Đại học sư phạm kỹ thuật TP. HCM,Đại học kỹ thuật
university,Trường Đại học Đồng Nai cơ sở 3,Trường đại học
university,KTX Đại học Ngân Hàng TPHCM,Trường đại học
university,"Cổng C - Trường Đại học Khoa học Xã hội và Nhân văn, Đại học Quốc gia Thành phố Hồ Chí Minh",Trường đại học
university,"Viện Môi trường & Tài nguyên, ĐHQG-HCM",Viện nghiên cứu
university,Đại Học Hutech Khu E,Trường đại học
university,Nhà Công vụ Trường Đại học An ninh nhân dân,Trường đại học
university,Trường Đại học Hoa Sen (HSU),Trường đại học
university,Trường Cao đẳng Đường Sắt,Trường cao đẳng cộng đồng
university,HUTECH - Đại học Công nghệ TP.HCM (Hitech Park Campus),Trường đại học
university,Phòng Đào tạo Sau Đại học - HCMIU,Đại học công lập
university,Trại thực nghiệm trường đại học khoa học tự nhiên,Viện nghiên cứu
university,Viện Công Nghệ Nano,Viện nghiên cứu
university,Trường Đại học Lạc Hồng Cơ sở 5,Trường cao đẳng/đại học tư thục
university,Giảng đường Hướng Dương Trường Đại học Nông Lâm,Khoa học thuật
university,"Phòng thí nghiệm hoá đại cương, trường Đại học Nông Lâm TP.HCM",Trường đại học
university,Giảng đường B Trường Đại học Ngân hàng TP. HCM,Tổ chức giáo dục
university,Trung tâm luyện thi IELTS Dĩ An Bình Dương_IELTS Ngọc Bích,Trường dạy tiếng Anh
university,Trường Cao Đẳng Xây dựng TP.HCM,Trường cao đẳng cộng đồng
university,Cao Đẳng Công Thương TP.HCM,Trường cao đẳng cộng đồng
university,Trường Cao đẳng Nghề Số 22,Trường cao đẳng cộng đồng
university,Cao đẳng Công Nghệ Thủ Đức - cổng Chương Dương,Trường cao đẳng cộng đồng
university,Trường Cao đẳng An ninh mạng iSPACE,Trường cao đẳng cộng đồng
university,ACE THE FUTURE ENGLISH,Trường dạy tiếng Anh
university,TRƯỜNG LIÊN CẤP 1 &2 B.SCHOOL,Trường tiểu học
university,Trường Cao đẳng Lý Tự Trọng TP. Hồ Chí Minh,Trường cao đẳng cộng đồng
university,GCE Dĩ An,Trường dạy tiếng Anh
university,Vietnam National University Ho Chi Minh city,Trung tâm giáo dục
university,WISISM English,Trường dạy tiếng Anh
university,Luyện Thi Ielts Toeic - Ielts Companion,Trường dạy tiếng Anh
university,Trường Cao đẳng Kinh tế Thành phố Hồ Chí Minh,Trường cao đẳng cộng đồng
university,Trường Cao Đẳng Kỹ Thuật Đồng Nai,Trường cao đẳng cộng đồng
university,Trung Tâm GDNN,Trung tâm giáo dục
university,Trường Cao Đẳng Kỹ Nghệ II,Trường cao đẳng cộng đồng
university,Trường Cao đẳng Việt Mỹ cơ sở Trung Sơn TP. Hồ Chí Minh,Trường cao đẳng cộng đồng
university,Trung Tâm Tiếng Anh XPERT - Bình An,Trường ngoại ngữ
university,P. Công tác Sinh viên ĐHQT - IU OSS,Tổ chức giáo dục
university,Trung Tâm Giáo Dục Nghề Nghiệp - Giáo Dục Thường Xuyên TP Dĩ An,Trung tâm giáo dục
university,Cao Đẳng Kinh Tế Đối Ngoại,Trường cao đẳng cộng đồng
university,Trường Cao đẳng Điện lực Tp. Hồ Chí Minh,Trường cao đẳng cộng đồng
university,Lớp Tiếng anh,Trường dạy tiếng Anh
university,Trường mầm non Thỏ Ngọc,Tổ chức giáo dục
university,Trung Tâm Âm Nhạc Vũ Hy,Trung tâm giáo dục
university,Trường Cao Đẳng Sư Phạm Trung Ương TP.HCM,Trường cao đẳng cộng đồng
university,Trường Cao Đẳng Y Tế Bình Dương,Trường cao đẳng cộng đồng
university,Trường Cao đẳng Hàng hải II,Trường cao đẳng cộng đồng
university,Toán Trí Tuệ Superbrain,Tổ chức giáo dục
university,Cao Đẳng Du Lịch Sài Gòn,Trường cao đẳng cộng đồng
university,Trung tâm đào tạo UNION GROUP,Trung tâm giáo dục
university,Trường THCS Đông Chiêu - TP.Dĩ An,Trường THCS
university,10X ENGLISH - CƠ SỞ DĨ AN,Trường ngoại ngữ
university,Trung Tâm Ngoại Ngữ Agena 3,Trường dạy tiếng Anh
university,Trường THCS Xuân Trường,Trường THCS
university,Cao Đẳng Công Nghệ Thông Tin TP.HCM,Trường cao đẳng cộng đồng
university,NGOẠI NGỮ VŨ GIA,Trường dạy tiếng Anh
university,Trường THPT Đào Sơn Tây,Trường cấp ba
university,Cao Đẳng Nghề TPHCM - GDTX QTCN Bình Dương - KV2,Trường cao đẳng nghề
university,CS2: Trường Cao đẳng Du lịch Sài Gòn,Trường cao đẳng cộng đồng
university,Cao đẳng Văn hóa Nghệ thuật Thành phố Hồ Chí Minh,Trường đại học
university,Trường Cao đẳng Đại Việt Sài Gòn,Trường cao đẳng cộng đồng
university,MTEnglish,Trường dạy tiếng Anh
university,VIỆN PHÁT TRIỂN NĂNG LỰC LÃNH ĐẠO ĐẠI HỌC QUỐC GIA TP.HCM,Tổ chức giáo dục
university,Trung Tâm Ngoại Ngữ Siêu Việt,Trường ngoại ngữ
university,Trung Tâm Ngoại Ngữ Tin Học - Trường Cao Đẳng Công Thương TP.HCM,Trường cao đẳng nghề
university,Trường THCS Nguyễn Văn Bá,Trường THCS
university,"Anh Ngữ Ms Hoa TOEIC - Giao tiếp - Ms Hoa Junior 66A Hoàng Diệu, Thủ Đức",Trung tâm giáo dục
university,"Stellar Education Academy - Anh ngữ SEA - Chuyên đào tạo, luyện thi TOEIC, VSTEP, IELTS",Trường dạy tiếng Anh
university,Anh Ngữ Quốc Tế IEA,Trường dạy tiếng Anh
university,English with Jennie,Trường dạy tiếng Anh
university,Trung Tâm Nghiên Cứu & Triển Khai Công Nghệ Bức Xạ,Viện nghiên cứu
university,Trung tâm Anh ngữ TK Language Academy - Chi nhánh 2,Trường ngoại ngữ
university,Trường Cao đẳng Nghề Hoa Sen,Trường cao đẳng cộng đồng
university,CÔNG TY TNHH MTV NGOẠI NGỮ THE SUN,Trường dạy tiếng Anh
university,Tiếng Anh cô Nhung,Trường dạy tiếng Anh
university,Trường Cao đẳng Giao thông Vận tải TP.HCM,Trường đại học
university,Trường Cao Đẳng Kinh Tế Đối Ngoại,Trường đại học
university,Trung Tâm Tiếng Anh IELTS Master - học IELTS tại Dĩ An,Trường dạy tiếng Anh
university,Trung tâm Anh ngữ ILA Trung tâm hành chính Dĩ An,Trường dạy tiếng Anh
university,Apollo English Dĩ An,Trường dạy tiếng Anh
university,Trường Cao Đẳng Kỹ Thuật Nguyễn Trường Tộ,Trường cao đẳng cộng đồng
university,Dòng Tên Việt Nam,Cơ sở tôn giáo
university,Tiếng Mỹ Phản Xạ Không Gian Cơ sở 18,Trường dạy tiếng Anh
university,Trung Tâm Đánh Giá Kĩ Năng Nghề Trường Cao Đẳng Kĩ Nghệ II,Trường cao đẳng nghề
university,Trung tâm tiếng Anh IELTS Fighter - Ms Hoa Junior Võ Văn Ngân,Trường dạy tiếng Anh
university,Trung tâm Ngoại ngữ ARIS IELTS,Trường dạy tiếng Anh
university,Nhà B - Trường Đại học Công nghệ Thông tin - ĐHQG-HCM,Trường đại học
university,Trường THPT Bình An,Trường cấp ba
university,Học viện Anh Hùng,Trung tâm giáo dục
university,DN English Academy - CS Dĩ An,Trường ngoại ngữ
university,TIẾNG HOA FT 365 (365华语中心) CƠ SỞ 2,Trung tâm giáo dục
university,Học Viện Đào Tạo Nghề Anna Phương,Trường dạy nghề
university,Anh Ngữ Quốc Tế VietYouth,Trường dạy tiếng Anh
university,GCE,Trường ngoại ngữ
university,UPE - Ngoại ngữ Tin học Nâng Tầm,Trung tâm giáo dục
university,Du học LABS - Cơ Sở Bình Dương,Trung tâm giáo dục
university,ANNA PHƯƠNG .( Beauty Nails. Nối mi. Spa .phun xăm. Gội đầu.trang điểm. Triệt lông) ĐÔNG HOÀ DĨ AN .,Trường dạy nghề
university,Học viện Chính trị Khu vực II,Trường giáo dục dành cho người lớn
university,IELTS Nguyễn Nhật,Trung tâm giáo dục
university,Gia su Gia Nghi,Trường dạy tiếng Anh
university,Ngoại Ngữ Quốc Tế Việt Úc,Trường ngoại ngữ
university,Trung Tâm Tiếng Anh XPERT - Dĩ An,Trường dạy tiếng Anh
university,Trung Tâm Tin Học Ngoại Ngữ Toàn Thắng,Trung tâm giáo dục
university,GenZ Academy,Trung tâm giáo dục
university,Học viện Thương mại Vương Quốc Sức Khỏe,Trung tâm giáo dục
university,Tiếng Trung DEYSI,Trung tâm giáo dục
university,"Ehouse Education - TOEIC, IELTS, VSTEP B1 - B2",Trường dạy tiếng Anh
university,Phân hiệu Học viện Tài chính - TP Hồ Chí Minh,Đại học công lập
university,Học tiếng anh dĩ an,Trường dạy tiếng Anh
university,Tin Học Sao Việt,Trung tâm đào tạo
university,Học viện Tư Pháp (Cơ sở TP. HCM),Trường sau đại học
university,Lớp vẽ Lionstars,Trường nghệ thuật
university,Anh Ngữ PEA - Dĩ An,Trung tâm giáo dục
university,Trung Tâm Gia sư - Dạy Kèm EDUFA,Trung tâm giáo dục
university,Học Viện Đào Tạo ATHC,Trung tâm giáo dục
university,Học viện Công nghệ Bưu Chính Viễn Thông cơ sở tại TP.HCM,Trường đại học
university,Công ty TNHH Đào Tạo Truyền Thông Và Giải Trí TTT Entertainment,Trung tâm giáo dục
university,Hoa Ngữ Thành Nhân Cơ Sở 1 - Dĩ An,Trường dạy tiếng Trung Quốc
university,Học Viện Phát Triển Tư Duy BrainTalent,Trường toán học
university,Học viện hàng không Vietjet,Trung tâm giáo dục
university,Trung Tâm Ngoại Ngữ Mỹ Âu,Tổ chức giáo dục
university,Lớp Tiếng Nhật Cô Thắm,Trung tâm giáo dục
university,Học viện Hoa Kỳ Toàn Cầu - GAA,Trung tâm giáo dục
university,Học viện sắc đẹp Queen,Cơ sở tôn giáo
university,Học Viện Nội Trú SME Academy,Trung tâm giáo dục
university,TIẾNG TRUNG KIM OANH - DĨ AN,Trường dạy tiếng Trung Quốc
university,Học viện công nghệ VNNEXT (CS Chính),Trung tâm giáo dục
university,Học viện chiến binh,Trường đại học
university,VVOICE ACADEMY - Học viện Kỹ năng Giao tiếp Thuyết trình,Tổ chức giáo dục
university,Học viện EI Thành phố Thủ Đức,Trung tâm giáo dục
university,Khoa Công nghệ Hóa học và Thực phẩm,Khoa học thuật
university,Học viện Hàng không và Kỹ năng AAS Academy,Trung tâm giáo dục
university,Học Viện Tài Năng The ANT,Trung tâm giáo dục
university,Học viện công nghệ VNNEXT,Trung tâm giáo dục
university,HỌC VIỆN KINH DOANH ONLINE CN THỦ ĐỨC,Trung tâm giáo dục
university,Học Viện Hàng Không Việt Nam CS2,Trường đại học
university,Học Viện Rồng Xanh,Trung tâm giáo dục
university,Tin Học Đại Dương,Trung tâm giáo dục
university,Khoa Kinh Tế,Khoa học thuật
university,IRVINE ACADEMY,Trung tâm giáo dục
university,DN English Academy - CS Thủ Đức,Trường ngoại ngữ
university,Bee's Home Academy - Bán trú & Luyện thi Cấp 2 Dĩ An,Trung tâm học hành
university,MỸ HÀ MAKEUP ACADEMY,Trung tâm dạy nghề
university,DN Academy - Cơ sở Lê Văn Chí,Trung tâm giáo dục
university,Saigon Academy,Tổ chức giáo dục
university,Angel Wings Academy - AWA,Tổ chức giáo dục
university,Trường Nhật ngữ Shinyou Academy,Trường ngoại ngữ
university,VIA English Academy Phú Đông,Trường dạy tiếng Anh
university,DN Academy - Cơ sở Mai Vàng,Trung tâm giáo dục
university,Stars Academy,Trung tâm giáo dục
university,Diễm Nguyễn Academy,Trung tâm giáo dục
university,Semina Academy - Trung tâm Tiếng Anh,Trung tâm giáo dục
university,TLA - The Language Academy,Trường dạy tiếng Anh
university,Dinos English Academy,Trường dạy tiếng Anh
university,Trung Tâm Nhật Ngữ Yume Academy,Trường ngoại ngữ
university,JC Cambridge English Academy- Trung tâm tiếng Anh gần đây,Trung tâm giáo dục
university,Lan Lê Nails Art Academy,Trung tâm dạy nghề
university,Gloria Music & Art Academy,Trung tâm giáo dục
university,MYA Music & Art Academy,Trung tâm giáo dục
university,Alpha Music Academy (A.M.A),Nhạc viện
university,T-Academy English,Trường dạy tiếng Anh
university,Trung tâm Anh Ngữ TK - TK Language Academy,Trường dạy tiếng Anh
university,Lingo Academy,Trung tâm giáo dục
university,J&E English Academy,Trường dạy tiếng Anh
university,R2S Academy,Trung tâm đào tạo
university,Dượng Voice Academy,Trung tâm đào tạo
university,Học Viện Đào Tạo Tiếng Anh Cool English Academy,Trung tâm giáo dục
university,Trường Cao Đẳng Hậu Cần 2,Trung tâm trường học
university,Trường Cao Đẳng Giao Thông Vận Tải TW3,Trường dạy nghề
university,Trường Cao đẳng Kinh tế - Công nghệ Tp.Hồ Chí Minh,Trường đại học
university,Trường Cao Đẳng Công Nghệ Và Du Lịch,Tổ chức giáo dục
university,Trường Cao đẳng Dược Sài Gòn - Thành phố Hồ Chí Minh,Trường đại học
university,Trường Cao Đẳng Đại Việt Sài Gòn Cơ Sở Thủ Đức,Trường cao đẳng/đại học tư thục
university,Trường cao đẳng nghề Việt Nam - singapore cơ sở 3,Trường dạy nghề
university,Cao Đẳng Thú Y Thành Phố Hồ Chí Minh,Trường dạy nghề
university,Trường Trung cấp nghề thị xã Dĩ An,Trường dạy nghề
university,Trường Cao Đẳng Văn Lang Sài Gòn,Trường cao đẳng/đại học tư thục
university,Trường Cao Đẳng Lê Quý Đôn,Trường đại học
university,Trường Cao đẳng Công nghệ và Quản trị Sonadezi,Trường đại học
university,Trường Cao Đẳng Thống Kê 2 ( Trụ sở chính),Trường cao đẳng/đại học chính phủ
university,Trường Cao Đẳng Đại Việt Sài Gòn Xưởng Thực Hành Cơ Khí,Trung tâm giáo dục
university,TNAT WAS IN Trường Cao đẳng Mỹ thuật trang trí Đồng Nai,Trường đại học
university,Trường Cao đẳng nghề Việt Nam Singapore,Trường dạy nghề
university,Trường Cao đẳng FPT Polytechnic cơ sở Đồng Nai,Tổ chức giáo dục
university,Trường Cao Đẳng Sài Gòn Gia Định,Tổ chức giáo dục
university,Trường cao đẳng công nghệ thủ Đức - công số 2,Trường đại học
university,KTX Cao đẳng Mỹ thuật Trang trí,Trường đại học
university,Trường Cao đẳng Kiến trúc - Xây Dựng TP.HCM,Trường đại học
university,Trường Cao Đẳng Y Tế Đồng Nai,Trường y
university,TRƯỜNG CAO ĐẲNG NGHỀ SỐ 21,Trường cao đẳng nghề
university,Trường Cao Đẳng Thủ Thiêm,Trường đại học
university,Trường Cao đẳng Y Dược Pasteur TPHCM,Trường y
university,Trường Cao Đẳng Kỹ Thuật Nguyễn Trường Tộ CS2,Trường đại học
university,Trường Đại học Vinh,Trường đại học
university,Trường Đại học Hà Tĩnh,Trường đại học
university,Phòng Giáo Dục Và Đào Tạo Vũ Quang,Trung tâm giáo dục
university,Trung tâm đào tạo Tập đoàn Giáo dục Quốc Tế Việt Tín,Trung tâm giáo dục
university,Viện Nghiên Cứu Đào Tạo Và Bồi Dưỡng Cán Bộ,Viện nghiên cứu
university,"Viện Nghiên cứu và Đào tạo Tiêu hóa, Gan mật",Viện nghiên cứu
university,Học Viện Đào Tạo Doanh Nhân & Giám Đốc JOY,Trung tâm đào tạo
university,Phòng Giáo Dục & Đào Tạo,Tổ chức giáo dục
university,Học viện đào tạo pháp chế ICA,Trung tâm giáo dục
university,Viện đào tạo và cung ứng nhân lực - VMC Works,Trung tâm giáo dục
university,Trường Đại Học Vinh Trường Thực Hành Sư Phạm-Cơ Sở 2,Tổ chức giáo dục
university,Trường Đại học Công Nghiệp Vinh,Trường đại học
university,Trường Kinh tế - Trường Đại học Vinh,Trường đại học
university,"Tư vấn, Hỗ trợ Học Sinh - Sinh Viên Trường Đại Học Sư Phạm Kỹ Thuật Vinh",Trường đại học
university,Trường THCS Lê Hồng Phong,Trường THCS
university,Trường Đại học Hà Tĩnh - Cơ sở Đại Nài,Trường đại học
university,Trường Đại học Kinh tế Nghệ An,Trường đại học
university,KTX Đại Học Vinh,Trường đại học
university,Trường Đại học Y khoa Vinh,Trường y
university,Nhà B - Trường Đại học Vinh,Trung tâm giáo dục
university,Trường THCS Nam Cường,Trường THCS
university,TRƯỜNG TIỂU HỌC NGUYỄN TRÃI,Trường tiểu học
university,Nhà Điều hành - Trường Đại học Vinh,Trường đại học
university,Trường THCS Yên Trấn,Trường THCS
university,Trường THCS Tùng Ảnh,Trường THCS
university,Ngành Ngôn ngữ Trung Quốc - Đại học Vinh,Trường đại học
university,Trường tiểu học Tùng Ảnh,Trường tiểu học
university,Trường THCS Nam Kim,Trường THCS
university,Hands Đại học Vinh,Trung tâm giáo dục
university,Trường Đại học Kinh tế Nghệ An cơ sở 2,Trường đại học
university,Trường Đại học Phương Đông Cơ Sở 2,Trường đại học
university,Trường THCS Nguyễn Biểu,Trường THCS
university,Trường THCS Khánh Sơn 2,Trường THCS
university,Trường Tiểu Học Đức Lâm,Trường tiểu học
university,Trung Tâm Luyện Thi Đại Học,Tổ chức giáo dục
university,Trường trung học cơ sở Trung phúc cường 1,Trường THCS
university,TRƯỜNG TIỂU HỌC SƠN LONG,Trường tiểu học
university,Trường Đại học Khoa học và Công nghệ Hà Nội,Trường đại học
university,Trường THCS Nguyễn Biểu,Trường THCS
university,TRƯỜNG THCS LÊ BÌNH,Trường THCS
university,Trường Đại Học Đà Lạt,Trường đại học
university,Trường tiểu học Trung Phúc Cường 1,Trường tiểu học
university,Trường Đại học Kinh doanh và Công nghệ Hà Nội,Trường đại học
university,Trường Đại Học Kinh Tế Kỹ Thuật Công Nghiệp,Trường đại học
university,Trường Đại Học Kinh Tế Quốc Dân (NEU),Đại học công lập
university,"Trường Đại học Sư Phạm Kỹ Thuật Hưng Yên, Cơ sở 2",Trường đại học
university,TRƯỜNG TIỂU HỌC TRUNG LỄ,Trường tiểu học
university,Trường tiểu học Đức Long,Trường tiểu học
university,Trường Tiểu Học Phạm Hồng Thái,Trường tiểu học
university,"Khoa Công Nghệ Thông Tin, Trường Đại học Mở Hà Nội",Khoa học thuật
university,Trường Đại học Công nghệ và Quản lý Hữu Nghị - UTM,Đại học kỹ thuật
university,Trường Đại Học Kinh Tế Quốc Dân (NEU) - Cổng Trần Đại Nghĩa,Trường đại học
university,Khoa Kinh Tế - Trường Đại Học Mở Hà Nội,Trường đại học
university,Trường Đại học Kinh tế - Đại học Đà Nẵng,Trường đại học
university,Trường Đại Học Công Đoàn - CN Hưng Yên,Trường đại học
university,Trường Đại học Intracom,Trường đại học
university,Trường Đại học Y khoa Tokyo Việt Nam,Trường y
university,Khoa Luật Trường Đại học Mở Hà Nội,Trường đại học
university,Trường Đại học Khoa học,Trường đại học
university,Trường Đại học Sư phạm Kỹ thuật Vinh,Trung tâm giáo dục
university,Nhà Xe Đại Học Vinh Cs1,Tổ chức giáo dục
university,Giảng đường D2 - Đại học Kinh Tế Quốc Dân,Đại học công lập
university,Trường Đại học Lao động - Xã hội,Trường đại học
university,Trường Cao đẳng Việt - Đức Nghệ An,Trường đại học
university,Viện Kỹ thuật và Công nghệ,Trường đại học
university,Trường Đại Học Công Nghiệp Dệt May Hà Nội,Trường đại học
university,Trường Đại Học Đại Nam,Trường đại học
university,Trường Đại học Công nghiệp Việt Hung,Trường đại học
university,Trường Đại học Ngoại thương,Trường đại học
university,"Trường Đại Học RMIT, cơ sở Hà Nội",Đại học tư thục
university,Trường Đại Học Trưng Vương,Trường đại học
university,"Trường Đại học Khoa học Tự nhiên, Đại học Quốc gia Hà Nội",Trường đại học
university,Trường Đại Học CMC - Cơ sở 1,Trường đại học
university,Trường Đại Học Phenikaa,Trường đại học
university,Trường Đại học Mỹ thuật Việt Nam,Trường nghệ thuật
university,Trường Đại học Đông Đô,Trường đại học
university,Trường Đại Học Y Hà Nội,Trường y
university,Trường Đại Học Công Đoàn,Đại học công lập
university,"Khoa Hóa học, Trường Đại học Khoa học Tự nhiên Hà Nội",Trường đại học
university,Trường Đại học Mỹ thuật Công nghiệp,Trường nghệ thuật
university,Trường Đại học Chu Văn An,Trường đại học
university,Trường Đại Học Sư Phạm Nghệ Thuật Trung Ương,Trường nghệ thuật
university,Trường Đại Học Thủy Lợi Hưng Yên,Trường đại học
university,Cổng sau Trường Đại học Thuỷ Lợi,Trường đại học
university,Trường Đại học Phương Đông,Trường đại học
university,Khoa Du Lịch - Trường đại học Mở Hà Nội,Khoa học thuật
university,Đại học Nguyễn Trãi,Trường đại học
university,Cổng Trần Đại Nghĩa - Trường Đại học Xây dựng,Trung tâm trường học
university,Học Viện Tiktok Ngân Thơm Academy,Trung tâm giáo dục
university,Học viện LEGO Education RHH,Trung tâm giáo dục
university,Học Viện Tóc Việt,Cơ sở tôn giáo
university,HỌC VIỆN AGI,Trường giáo dục dành cho người lớn
university,Học Viện Tinh Hoa Giọng Nói Việt,Trung tâm giáo dục
university,Học Viện Đào Tạo Pha Chế Namas - Vinh,Trung tâm đào tạo
university,Học Viện Thẩm Mỹ Quốc Tế Phương Mya - Uy Tín Dạy Phun Xăm Thẩm Mỹ Tại Nghệ An,Trường dạy nghề
university,học viện đào tạo mẫu nhí grass,Trung tâm giáo dục
university,Trung Tâm Anh Ngữ Học Viện Trải Nghiệm,Trường dạy tiếng Anh
university,Học viện sức khoẻ và sắc đẹp Delavu,Trường giáo dục dành cho người lớn
university,Học Viện Thăng Long - Vp Tuyển Sinh,Trung tâm học hành
university,Học viện Toán-Tin Hồng Lam,Trung tâm giáo dục
university,Học viện Anh ngữ Lexis - cô Lê Na,Trung tâm giáo dục
university,Trường Cao Đẳng Việt - Anh,Trường cao đẳng/đại học tư thục
university,Mesa Academy x8,Trung tâm giáo dục
university,MPL Academy,Trung tâm giáo dục
university,Trường Học Blue Sky Academy,Trường học tư nhân
university,Thương Academy,Trường giáo dục phổ thông
university,ALPHA ACADEMY,Tổ chức giáo dục
university,ALPHA ACADEMY,Trung tâm giáo dục
university,Hoa Academy,Tổ chức giáo dục
university,We Study Academy,Trung tâm giáo dục
university,Huyền Nail Academy Tp Vinh,Trung tâm dạy nghề
university,IPA English Academy,Trường dạy tiếng Anh
university,Du Học Hàn Quốc - GE Academy,Trung tâm đào tạo
university,Nhà cô Thuỳ Tiếng Anh,Trung tâm giáo dục
university,VIA ENGLISH ACADEMY - HỒNG HÀ,Trung tâm giáo dục
university,Suny Studio Kim Phượng Academy,Tổ chức giáo dục
university,VTC Academy Tam Trinh - Hà Nội,Trường dạy nghề
university,VIA English Academy - Gamuda,Trường dạy tiếng Anh
university,Dr. HS Academy,Trung tâm giáo dục
university,WorldLink Academy Mỹ Hào,Trung tâm giáo dục
university,TASK ACADEMY - HỌC VIỆN TASK,Trung tâm giáo dục
university,Hlc Academy,Tổ chức giáo dục
university,Pro.G Academy Premium,Trung tâm giáo dục
university,Trường Cao đẳng nghề số 4 - BQP,Trường cao đẳng nghề
university,Trường Cao đẳng Sư phạm Nghệ An,Trường đại học
university,Trường Cao đẳng Văn hóa Nghệ thuật Nghệ An,Trường đại học
university,Cao Đẳng Nghề Kinh Tế Kỹ Thuật Số 1,Trường cao đẳng cộng đồng
university,Win Win Chess Academy,Tổ chức giáo dục
university,Trường Cao đẳng Kỹ Thuật Công Nghiệp Việt Nam - Hàn Quốc,Trường dạy nghề
university,Trường Cao đẳng GTVT Trung ương IV,Trường đại học
university,Trường Cao Đẳng Y Tế Hà Tĩnh,Trường y
university,Trường Cao Đẳng Kỹ Thuật Việt - Đức Hà Tĩnh,Trường đại học
university,Trường Cao Đẳng Công Nghệ & Kinh Tế Công Nghiệp,Trường đại học
university,Cao đẳng sư phạm nghệ an cơ sở 2,Trường cao đẳng/đại học sư phạm
university,Trường Cao đẳng Y tế Nghệ An,Trường đại học
university,Trường Cao Đẳng Nghề Kĩ Thuật Số 1 Nghệ An,Trường kỹ thuật
university,Trường Cao đẳng Công thương Hà nội (CS2) & Trường liên cấp SPUTNIK,Tổ chức giáo dục
university,Trường Cao Đẳng Quốc Tế Hà Nội,Trường đại học
university,Trường Cao đẳng FPT Polytechnic cơ sở Hà Nam,Tổ chức giáo dục
university,Nghe An Pedagogical College,Trường đại học
university,Cao Đẳng Nghề Kỹ Thuật Việt Đức Nghệ An (Cơ sở 2),Trung tâm giáo dục
university,Trường Cao đẳng Lào Cai,Trường cao đẳng nghề
university,Trường Cao đẳng Lào Cai (CS1),Trường kỹ thuật
university,Trường Cao Đẳng Kinh tế Kỹ thuật Trung Ương,Trường đại học
university,Quốc học Vinh - THPT Huỳnh Thúc Kháng,Trường cấp ba
university,ETEP PMB - Vinh university,Trường cao đẳng/đại học sư phạm
university,Du học Hàn Quốc cùng Hi-T Hà Tĩnh,Trường trung học phổ thông
university,Trường Cao đẳng Ngoại ngữ Hà Nội - HFC,Trường cao đẳng/đại học tư thục
university,Trường Đại Học Điện Lực - Cơ sở 2,Trường đại học
university,Trường Cao đẳng nghề Than Khoáng Sản Việt Nam - Vinacomin,Trường đại học
university,Trường Trung cấp quốc tế Việt - Đức,Tổ chức giáo dục
university,Trường Cao đẳng Công nghiệp Việt Đức,Trường đại học
university,Trung cấp Công nghệ và Kinh tế Đối ngoại,Trường đại học
university,Trường Đại học Tài chính - Ngân hàng Hà Nội,Trường đại học
university,Đại Học Quốc Gia Hà Nội (VNU) Hòa Lạc,Trường đại học
university,Trường THCS Tiên Lương,Trường THCS
university,Đại học vinh,Trường đại học
university,Trường Trung Học Cơ Sở Yên Luật,Trường THCS
university,Trường Tiểu Học Mỹ Lương,Trường tiểu học
university,"THCS Bằng Giã, Hạ Hòa, Phú Thọ",Trường THCS
university,Trường THCS Lương Sơn,Trường THCS
university,Trường THCS Văn Lang,Trường THCS
university,Cổng Trần Đại Nghĩa - Đại Học Bách Khoa Hà Nội,Trường đại học
university,Đại học Từ xa - Đại Học Kinh Tế Quốc Dân,Trung tâm giáo dục
university,Trường Đại học Tài chính - Quản trị kinh doanh,Trường kinh doanh
university,Cổng Parabol - Đại Học Bách Khoa Hà Nội,Đại học kỹ thuật
university,"Nhà A7, Đại học Y Hà Nội",Trường đại học
university,Trường Đại Học Đại Học Bách Khoa - Giảng Đường Nhà B4,Đại học công lập
university,Bộ Môn Giải Phẫu - Đại Học Y Hà Nội,Tổ chức giáo dục
university,"Viện Đào tạo Tiên tiến, Chất lượng cao và POHE",Trường giáo dục phổ thông
university,Viện đào tạo Montessori Canada,Trung tâm đào tạo
university,Học viện đào tạo pha chế Bardeli Academy,Trung tâm đào tạo
university,"Viện Khoa học giáo dục và Phát triển kinh tế, văn hóa",Tổ chức giáo dục
university,Viện Đào Tạo Nghiệp Vụ Xây Dựng,Viện nghiên cứu
university,Trường THPT Sơn Lương,Trường trung học phổ thông
university,Trường Đại học Hùng Vương,Trường đại học
university,Trường Đại học Nguyễn Trãi,Trường đại học
university,Trường Đại Học Giao Thông Vận Tải,Trường đại học
university,Trường Đại Học Thủ Đô Hà Nội cơ sở 3,Trường đại học
university,Trường đại học Hà Hoa Tiên,Trường đại học
university,Trường Đại Học Kiểm Sát Hà Nội,Trường đại học
university,Trường Đại học Sư phạm Thể dục Thể thao Hà Nội,Trường thể thao
university,Trường Đại học Khoa học Xã hội và Nhân văn - Đại học Quốc gia Hà Nội,Trường đại học
university,Trung Tâm Tin Học Trường Đại Học Thủy Lợi,Trường đại học
university,Trường Đại Học Kỹ Thuật - Hậu Cần CAND,Đại học kỹ thuật
university,Trường Đại Học Dân Lập Đông Đô,Trường đại học
university,Trường Đại Học Công Nghệ Đông Á 3,Trường đại học
university,Khoa Tiếng Anh Trường Đại Học Mở Hà Nội,Khoa học thuật
university,Khoa Tiếng Trung - Trường đại học Mở Hà Nội,Trường đại học
university,Giảng đường B trường Đại học Kinh tế Quốc dân,Tổ chức giáo dục
university,Trường Đại Học Kinh Tế Quốc Dân - Hệ VLVH,Trường giáo dục dành cho người lớn
university,Khoa Xây dựng - Trường Đại học Kiến trúc Hà Nội,Khoa học thuật
university,Ngành Kỹ thuật tài nguyên nước - Trường Đại học Thủy lợi,Khoa học thuật
university,Trường Đại học dệt may thời trang,Trường dạy nghề
university,Viện Khoa học và Công nghệ Môi trường- Trường ĐH Bách Khoa,Trường đại học
university,"Khoa Viết văn - Báo chí, Trường Đại học Văn hóa Hà Nội",Khoa học thuật
university,Trường Hiện,Tổ chức giáo dục
university,Trường Việt,Tổ chức giáo dục
university,Trường THCS Việt Ấn,Trường giáo dục phổ thông
university,Học viện sáng tạo công nghệ TEKY - Hoàn Kiếm,Trung tâm giáo dục
university,Học viện ngoại ngữ Đại Nam,Tổ chức giáo dục
university,Ban Quản lý Đào Tạo - Học Viện Nông Nghiệp Việt Nam,Trường đại học
university,Học viện Thiết kế Thời trang Vu Tran Duc Hai Master,Trung tâm giáo dục
university,TIF Institute,Trung tâm giáo dục
university,Academy of Finance,Trường đại học
university,Học Viện Tài Chính Quân Sự,Trường đại học
university,Học Viện Aka LEGO,Trung tâm giáo dục
university,Học viện tóc quốc tế OneStar,Trung tâm giáo dục
university,"Badminton court, Banking Academy",Trường đại học
university,Song Ha Academy,Trung tâm giáo dục
university,Phuong Ớt Academy,Tổ chức giáo dục
university,"APA Academy CS1 - Học viện đào tạo thiết kế Kiến trúc, Nội thất",Tổ chức giáo dục
university,LE GIA Academy,Trung tâm đào tạo
university,AES ACADEMY,Trung tâm giáo dục
university,Học viện Kỹ thuật mật mã,Trường đại học
university,Aston Academy,Trường dạy tiếng Anh
university,Iris Academy,Trung tâm giáo dục
university,Skydream Academy,Trung tâm giáo dục
university,HEDU Academy - Trần Thủ Độ,Trường dạy tiếng Anh
university,Trung Tâm Anh Ngữ Bristol Language Academy Ecopark,Trường dạy tiếng Anh
university,Đào Tạo Itplus Academy,Trung tâm giáo dục
university,VIA ENGLISH ACADEMY - OCEAN PARK,Trung tâm giáo dục
university,Quỳnh Nga Academy,Trường giáo dục phổ thông
university,Go English Academy,Trung tâm đào tạo
university,Trường THCS Archimedes Academy,Trường THCS
university,SKYRED HAIR ACADEMY,Trung tâm đào tạo
university,Monster Lab,Trường nghệ thuật
university,TWG Academy,Trung tâm giáo dục
university,Trường Cao đẳng Cơ điện Phú Thọ,Trường kỹ thuật
university,Trường Cao Đẳng Y Tế Yên Bái,Trường cao đẳng cộng đồng
university,Trường Cao đẳng nghề Yên Bái,Trường cao đẳng cộng đồng
university,Tập Đoàn EI GROUP - VPĐD Minh Tân Cẩm Khê Phú Thọ,Trung tâm giáo dục
university,Trường CĐ Công nghiệp và Công nghệThực phẩm,Trường cao đẳng cộng đồng
university,Trường Cao Đẳng Văn Hóa - Nghệ Thuật & Du Lịch,Trường cao đẳng cộng đồng
university,Trường Cao đẳng Công nghiệp Quốc phòng,Tổ chức giáo dục
university,Trường Cao Đẳng Y Tế Phú Thọ,Trường y
university,Trường Cao Đẳng Công Nghệ Nông Lâm Phú Thọ,Trường cao đẳng/đại học nông nghiệp
university,Trường Cao đẳng Yên Bái,Trường cao đẳng/đại học sư phạm
university,Trường cao đẳng,Trường kỹ thuật
university,TRƯỜNG CAO ĐẲNG NGHỀ SỐ 2 - BỘ QUỐC PHÒNG,Tổ chức giáo dục
university,Trường cao đẳng Nghề Phú Thọ,Tổ chức giáo dục
university,Trường Cao đẳng Y Dược Pasteur,Trường y
university,Xưởng điện công nghiệp trường Cao đẳng nghề yên bái,Trường cao đẳng nghề
university,Trường Đại Học Sư Phạm - Đại học Đà Nẵng,Đại học công lập
university,Trường Đại Học Mở Hà Nội-Trung Tâm Đà Nẵng,Trường đại học
university,Trường Đại học Bách Khoa - Đại học Đà Nẵng,Trường đại học
university,Trường Đại Học Duy Tân,Đại học tư thục
university,Đại Học Duy Tân Hòa Khánh Nam,Đại học tư thục
university,Học Viện Toán Sơ Đo,Cơ sở tôn giáo
university,"Viện Nghiên cứu và Đào tạo Việt - Anh, Đại học Đà Nẵng",Trung tâm giáo dục
university,Học viện Công nghệ Kid Leader Hub Đà Nẵng,Trung tâm giáo dục
university,Học Viện Tầm Nhìn Mới,Trung tâm giáo dục
university,Học viện Đào tạo Kỹ năng Đà Nẵng DaNa Skills cơ sở 2,Trung tâm giáo dục
university,Học viện Pickleball Đà Nẵng,Trường thể thao
university,WELLVOICE - HỌC VIỆN GIỌNG NÓI TOÀN NĂNG,Trung tâm giáo dục
university,Học viện Chính trị Khu vực III,Trường đại học
university,Home English Túy Loan,Trung tâm giáo dục
university,Viện Khoa học xã hội vùng Trung Bộ,Viện nghiên cứu
university,Học Viện Đào Tạo FIRER,Trung tâm giáo dục
university,"Học viện CNTT Microsoft, Đại học Đà Nẵng",Trường đào tạo máy tính
university,Ký túc xá B2 học viện chính trị khu vực III,Trường đại học
university,Học Viện Ngân Nguyẻn,Cơ sở tôn giáo
university,Học Viện Quản Trị FIRER,Trung tâm đào tạo
university,NSA - Học Viện Phục Hồi Thể Chất,Trung tâm đào tạo
university,Học viện Đào tạo ITECHSKILLS,Trung tâm giáo dục
university,Khu hành chính Học viện CTKVIII,Tổ chức giáo dục
university,HỌC VIỆN TÓC NAM ĐÀ NẴNG - Ky Lee Barber Academy,Trung tâm đào tạo
university,Học viện Đào Tạo lập trình Python For AI Đà Nẵng,Trung tâm giáo dục
university,HỌC VIỆN ĐÀO TẠO ATI,Trung tâm đào tạo
university,MBA Institute,Tổ chức giáo dục
university,HOSPI Academy,Tổ chức giáo dục
university,"T.A ACADEMY - HỌC VIỆN ĐÀO TẠO PHONG THÁI, CATWALK",Trung tâm đào tạo
university,Tanavi - Học Viện Đào Tạo Phun Xăm Hàn Quốc,Trung tâm dạy nghề
university,Thanh Thao Pham Beauty Academy - Học Viện Chăm Sóc Sắc Đẹp Quốc Tế,Trung tâm dạy nghề
university,Học viện gia viên,Tổ chức giáo dục
university,Hệ Thống Trường Quốc Tế Học Viện Anh Quốc Tại Đà Nẵng,Trường quốc tế
university,Học viện IPI Việt Nam,Trung tâm đào tạo
university,Học Viện Đào Tạo Làm Bánh - Khai Macaron,Trung tâm đào tạo
university,Học viện UNESCO Con Rồng Cháu Tiên,Trung tâm giáo dục
university,ACADEMY English Center,Trường ngoại ngữ
university,KAIWA ACADEMY,Trường giáo dục dành cho người lớn
university,VTC Academy Đà Nẵng,Trung tâm giáo dục
university,Timona Academy Cơ Sở Đà Nẵng,Trung tâm giáo dục
university,Grace Academy,Trung tâm giáo dục
university,Xuanlan’s Academy Đà Nẵng,Trung tâm giáo dục
university,Viện đầu tư chứng khoán Da Vinci Academy Đà Nẵng,Trung tâm giáo dục
university,MP ACADEMY,Trung tâm đào tạo
university,VIỆT TRẦN ACADEMY - Đào tạo quay dựng phim Đà Nẵng,Trung tâm đào tạo
university,VIA ENGLISH ACADEMY - HÀ HUY TẬP - ĐÀ NẴNG,Trung tâm giáo dục
university,Rikkei Academy Đà Nẵng,Trung tâm giáo dục
university,TS Korea Academy,Trung tâm giáo dục
university,Era Academy,Trung tâm trường học
university,Young Academy,Trung tâm đào tạo
university,Mun Art Academy - Trung Tâm Đào Tạo Nghệ Thuật Mun Art,Nhạc viện
university,Trung tâm ngoại ngữ Phuc Nguyen Academy,Trung tâm giáo dục
university,Anh ngữ Quốc tế Fisher's Superkids Academy,Trường dạy tiếng Anh
university,Vinaenter Academy,Trung tâm đào tạo
university,Thiên Thư Academy,Trung tâm đào tạo
university,VTI Academy,Trung tâm đào tạo
university,Huy Academy - Đào tạo & Dạy thiết kế đồ họa tại Đà Nẵng,Trung tâm giáo dục
university,TIM PTE ACADEMY,Tổ chức giáo dục
university,Danatech Academy,Trung tâm đào tạo
university,Horus Academy - Đào tạo thiết kế đồ họa,Trung tâm đào tạo
university,Bamboo Animation Academy,Trung tâm đào tạo
university,Hang Đôi academy - Học Nghề Nhiếp ảnh,Trung tâm đào tạo
university,DHE ACADEMY - ĐÀO TẠO ĐẦU TƯ CHỨNG KHOÁN,Tổ chức giáo dục
university,FPT Software Academy - Trung tâm đào tạo lập trình viên,Trung tâm đào tạo
university,NORON Academy & Store - Cs 1,Trung tâm giáo dục
university,Gspa networks Academy,Trung tâm đào tạo
university,K2 Academy,Trung tâm giáo dục
university,Trung Tâm Dạy Nghề Thẩm Mỹ Cẩm Anh,Trung tâm đào tạo
university,Trường Cao Đẳng Công Nghệ Y Dược Việt Nam - Đà Nẵng,Trường y
university,Trường Cao đẳng Đại Việt Đà Nẵng,Trường cao đẳng cộng đồng
university,Trường Cao đẳng Phương Đông Đà Nẵng,Trường cao đẳng/đại học tư thục
university,Trường Cao Đẳng Đà Nẵng (Trụ sở chính),Trường cao đẳng/đại học chính phủ
university,Trường Cao đẳng Kinh tế - Kế hoạch Đà Nẵng,Trường cao đẳng nghề
university,Trường Cao đẳng Thương mại,Trường cao đẳng/đại học chính phủ
university,Trường Cao Đẳng Du Lịch Đà Nẵng,Trường đại học
university,Trường Cao Đẳng Bách Khoa Đà Nẵng,Trường cao đẳng cộng đồng
university,Trường Cao đẳng Văn hóa Nghệ thuật Đà Nẵng,Trường nghệ thuật
university,Trường Cao đẳng Nghề Nguyễn Văn Trỗi,Trường cao đẳng cộng đồng
university,Trường Cao Đẳng Đà Nẵng (cơ sở 3),Trường cao đẳng/đại học chính phủ
university,Trường Cao đẳng Quốc tế Sài Gòn CS. Đà Nẵng,Trường ngoại ngữ
university,Trường Cao đẳng Lương thực - Thực phẩm,Trường cao đẳng cộng đồng
university,Cao đẳng FPT Polytechnic Đà Nẵng,Trường cao đẳng/đại học tư thục
university,Trường Cao đẳng Lạc Việt,Trường cao đẳng cộng đồng
university,Trường Cao đẳng Giao thông vận tải Trung ương V,Trường cao đẳng cộng đồng
university,Trường Cao Đẳng Công Nghệ Ngoại Thương,Trường cao đẳng nghề
university,Trường Cao đẳng nghề Việt Úc,Tổ chức giáo dục
university,Phân hiệu Cao đẳng Đường sắt Đà Nẵng,Trường cao đẳng nghề
university,trường cao đẳng FPT,Trường đại học
university,KTX Trường Cao đẳng Du lịch Đà Nẵng,Trường đại học
university,Trường Cao đẳng Quốc tế Pegasus,Trường cao đẳng/đại học tư thục
university,Trường Cao Đẳng Y Đà Nẵng,Trường y
university,Trường Đại học Công nghệ Thông tin và Truyền thông Việt Hàn - Đại học Đà Nẵng,Trường đại học
university,Trường Cao đẳng Hoa Sen,Trường đại học
university,Trường Cao đẳng Công nghệ Ngoại Thương,Trường cao đẳng/đại học chính phủ
university,Trường Cao đẳng CNTT Chuyên Nghiệp,Trường dạy nghề
university,Trường Cao đẳng Điện lực miền Trung,Trường cao đẳng cộng đồng
university,Trường Cao đẳng Thương mại,Trường cao đẳng cộng đồng
university,Trường Cao Đẳng Quảng Nam,Trường kỹ thuật
university,Cổng sau Trường Cao Đẳng Lương Thực - Thực Phẩm,Trung tâm giáo dục
university,Trường Cao Đẳng Nghề Bách Nghệ Hải Phòng - Văn Phòng Đại Diện,Trường đại học
university,Trường Cao Đẳng Nghề Ispace,Trường đại học
university,Cao đẳng FPT Cơ Sở 2,Trường đại học
university,Cao đẳng nghề,Trường đại học
university,Cao đẳng fpt,Trường đại học
university,Ký túc xá Cao đẳng Kinh tế - Kế hoạch ĐN,Trường đại học
university,"Trường Cao đẳng Công nghệ, Kinh tế và Thủy lợi miền Trung",Trường cao đẳng cộng đồng
university,Trường Cao đẳng Hoa Sen,Trường cao đẳng cộng đồng
university,Daths,Trường đại học
university,Trường Đại học Mỹ tại Việt Nam (AUV),Trường đại học
university,"Trường Đại học Công nghệ Thông tin và Truyền thông Việt - Hàn, Đại học Đà Nẵng",Trường đại học
university,TRƯỜNG THỰC HÀNH ASPACE,Trường đại học
university,Tòa nhà D trường Đại Học Duy Tân,Trường đại học
university,Tòa nhà E trường Đại học Duy Tân,Trường đại học
university,Tòa nhà C trường đại học Duy Tân,Trường đại học
university,Tòa nhà G trường đại học Duy Tân,Trường đại học
university,Tòa nhà F trường đại học Duy Tân,Trường đại học
university,Thầy Quang Do chuyên dạy toán lý hóa,Trường cao đẳng/đại học sư phạm
university,Trung Tâm Đào Tạo Từ Xa Đại Học Thái Nguyên,Trường đại học
university,Viện Đào tạo Nghiệp vụ,Tổ chức giáo dục
university,Lớp vẽ Hau cơ sở Phố Nối,Trường đại học
university,Centennial College Vietnam - Representative Office in Hanoi,Tổ chức giáo dục
university,Giảng đường A,Trường cao đẳng/đại học sư phạm
university,Tòa A1 - Khu hiệu bộ,Trường đại học
university,Hanoi Bible College,Tổ chức giáo dục
university,Trường Cao đẳng Thái Nguyên cơ sở 2,Trường đại học
university,Trường Cao Đẳng Điện Tử - Điện Lạnh Hà Nội,Trường kỹ thuật
university,Viện Nghiên cứu Phát triển Kinh tế - Xã hội Đà Nẵng,Viện nghiên cứu
university,Viện Khoa học Thuỷ lợi miền Trung và Tây Nguyên cơ sở 2 (Phòng Thí nghiệm tổng hợp Las-XD 1204),Viện nghiên cứu
university,VIỆN NGHIÊN CỨU KHOA HỌC MIỀN TRUNG,Viện nghiên cứu
university,Viện nghiên cứu tâm lý- Giáo dục đặc biệt- Chi nhánh Đà Nẵng,Trung tâm giáo dục
university,Viện Khoa học và Công nghệ Tiên tiến - AIST,Viện nghiên cứu
university,Văn Phòng Đại Diện Viện Nghiên Cứu Đá Quý Và Vàng Vinagems,Cơ sở tôn giáo
university,Cơ Sở Luyện Thi Đại Học 64 Nguyễn Chánh,Trung tâm luyện thi
university,ĐÀO TẠO MC - KỸ NĂNG GIAO TIẾP CHUYÊN NGHIỆP RỒNG TIÊN SA,Trung tâm trường học
university,Trung Tâm Đào Tạo Lập Trình CyberSoft - Cơ Sở Đà Nẵng,Trung tâm đào tạo
university,Trường đào tạo Kỹ năng UPO,Tổ chức giáo dục
university,Trung tâm đào tạo pha chế AKATA - Đà Nẵng,Trường dạy nghề
university,Trường Đại học Sư Phạm Kỹ thuật - Đại học Đà Nẵng,Đại học kỹ thuật
university,Trường Bách Khoa Toàn Cầu,Tổ chức giáo dục
university,Cơ Sở Đào Tạo A.V.N & D.N.D,Trung tâm đào tạo
university,Trường Đại học Thể dục Thể thao Đà Nẵng,Trường thể thao
university,NaNi Kids Futsal- Trung tâm đào tạo bóng đá Cơ sở 17,Trường thể thao
university,Học Viện Ngân Hàng Hà Nội - Cơ Sở Đào Tạo Miền Trung,Tổ chức giáo dục
university,Trường Đại học Nội vụ Hà Nội - Cơ sở miền Trung | Văn phòng đại diện tại Đà Nẵng,Khoa học thuật
university,Musashino Hải Đăng - Trung Tâm Đào Tạo Thực Tập Sinh Musashino Nhật Bản,Trung tâm giáo dục
university,Trường THCS Ông Ích Đường,Trường THCS
university,Cơ Sở Bồi Dưỡng Kiến Thức Văn Hóa Luyện Thi Đại Học Trọng Nhân,Trung tâm đào tạo
university,Khoa Giáo dục Thể chất - Đại học Đà Nẵng,Trung tâm giáo dục
university,Đại Học Thể Dục Thể Thao Đà Nẵng CS2,Trường đại học
university,Trường THCS Đỗ Thúc Tịnh,Trường THCS
university,Trung tâm giáo dục quốc phòng và an ninh,Tổ chức giáo dục
university,Đại học Duy Tân - cơ sở 3,Trường đại học
university,Trường Đại học Kỹ thuật Y-Dược Đà Nẵng (Cơ sở 2),Trường đại học
university,Trường Trung học Cơ sở Nguyễn Du,Trường THCS
university,Trung Tâm Giáo Dục Quốc Phòng An Ninh Quân Khu 5,Tổ chức giáo dục
university,Trường Đại học Đông Á,Đại học tư thục
university,Trường Đại Học Phan Châu Trinh,Đại học tư thục
university,Trường THCS Trần Quốc Tuấn,Trường THCS
university,Trường Đại học Ngoại ngữ - Đại học Đà Nẵng,Trường đại học
university,Trung Tâm Đào Tạo Nghề Thành Công Việt,Trung tâm đào tạo
university,Trung tâm đào tạo ẩm thực nấm,Trung tâm đào tạo
university,Trung Tâm Đào Tạo VTE Đà Nẵng,Trung tâm đào tạo
university,"Trung tâm đào tạo Marketing Online, Lập Trình, Thiết kế Toidayhoc vừa học vừa làm vừa nhận lương",Trung tâm giáo dục
university,Trường Đại học Kiến trúc Đà Nẵng,Trường đại học
university,Trung tâm Đào tạo Ngoại ngữ & Du học Hàn Quốc K-Dream,Trung tâm học hành
university,Trung tâm đào tạo lập trình Toidayhoc: Vừa học - vừa làm - vừa nhận lương,Trung tâm giáo dục
university,Trung Tâm Đào Tạo Lái Xe Mô Tô Tâm Thành Phát,Trung tâm giáo dục
university,Trung tâm dạy thêm Toán - Lý cô Hoài,Trung tâm giáo dục
university,Trung tâm Đào tạo Thường xuyên - Đại học Đà Nẵng,Trung tâm giáo dục
university,Trung Tâm Đào Tạo Nghệ Thuật Chopin ( Chopin Music Center),Trung tâm giáo dục
university,Trung tâm đào tạo tester Đà Nẵng,Trung tâm đào tạo
university,Trung tâm Đào tạo bóng rổ GBA CS2,Trung tâm đào tạo
university,Trung tâm đào tạo nguồn nhân lực XKLĐ,Trung tâm giáo dục
university,Trung Tâm Đào Tạo Ảo Thuật K-Magic | Đà Nẵng,Trung tâm giáo dục
university,Dạy lái xe ô tô ( hạng B và C1),Tổ chức giáo dục
university,Trung Tâm Đào Tạo Lập Trình Viên Quốc Tế - Softech Aptech - Đào Tạo Mỹ Thuật Đa Phương Tiện Quốc Tế - Softech Arena,Trung tâm đào tạo
university,Trung Tâm Đào Tạo & Phát Triển Bóng Rổ Jumpshot Thanh Khê,Trung tâm giáo dục
university,Trung Tâm dạy Nail,Trung tâm đào tạo
university,Trung Tâm Đào Tạo Tin học VITI,Trung tâm giáo dục
university,Trung tâm đào tạo IELTS TP HUB,Trung tâm giáo dục
university,S-Talent Academy - Trung tâm Đào tạo Nghệ thuật,Trung tâm đào tạo
university,Trung tâm dạy nghề Đà Nẵng,Trường dạy nghề
university,Trung tâm Đào tạo nghề & Thẩm mỹ Kiều Phương,Trung tâm đào tạo
university,TRUNG TÂM ĐÀO TẠO PHA CHẾ AN THỊNH KENBAR MIỀN TRUNG,Trung tâm giáo dục
university,Trung tâm đào tạo _ Ngôn ngữ_ Kỹ Năng_ Âm nhạc_ Đức Hóa,Trung tâm giáo dục
university,Trung tâm Đào tạo và Sản xuất Âm nhạc MQ Music.,Trung tâm đào tạo
university,iDesign - Trung tâm đào tạo Thiết kế chuyên nghiệp,Trung tâm đào tạo
university,VinaEnter - Đào Tạo Digital Marketing Cao Cấp,Trung tâm học hành
university,Trung tâm đào tạo tiếng Nhật SUKI,Trung tâm giáo dục
university,TRUNG TÂM ĐÀO TẠO AVN,Tổ chức giáo dục
university,Trung tâm đào tạo nguồn nhân lực cán bộ Đà Nẵng,Trung tâm giáo dục
university,Trung tâm đào tạo VDC III,Tổ chức giáo dục
university,Trung Tâm Anh Ngữ Ms. HUYEN AND FRIENDS,Trung tâm đào tạo
university,Sơn Chống thấm,Trung tâm đào tạo
university,Trung tâm Đào tạo bóng rổ GBA,Trung tâm giáo dục
university,"Giải Pháp Marketing Online Cho Doanh Nghiệp - Uy Tín, Hiệu Quả",Trung tâm giáo dục
university,Trung tâm đào tạo Điện Ảnh Truyền Hình Miền Trung,Trung tâm đào tạo
university,Trung Tâm Đào Tạo Năng Khiếu Đà Nẵng - HY Dance Studio,Trường nghệ thuật
university,Trung Tâm Đào Tạo Hợp Tác Quốc Tế,Trung tâm đào tạo
university,Trung tâm Tin học Việt Tin,Trung tâm giáo dục
university,Trung Tâm Đào Tạo - Tư Vấn & Giới Thiệu Việc Làm,Trung tâm đào tạo
university,Trung Tâm Đào Tạo Và Cung Ứng Việc Làm Trí Việt,Trung tâm đào tạo
university,Trung Tâm Tư Vấn Đào Tạo D. S. C,Trung tâm đào tạo
university,Trung tâm đào tạo bóng đá - NaNi Kids Futsal CS16,Trường thể thao
university,Trung Tâm Giáo Dục,Trường giáo dục dành cho người lớn
university,Trung Tâm Giáo Dục Kỹ Năng Sống Khai Minh Đức,Trung tâm giáo dục
university,Duc Tri EduPark - Công viên giáo dục Đức Trí,Trung tâm giáo dục
university,Ozland by the Lake,Trung tâm giáo dục
university,Lớp Văn Hoá Truyền Thống,Trung tâm giáo dục
university,Harmony Waldorf-inspired Đà Nẵng,Trung tâm giáo dục
university,Trung Tâm GDTX Số 3 TP Đà Nẵng,Tổ chức giáo dục
university,Trung tâm huấn luyện dự bị động viên Đồng Xanh - Đồng Nghệ,Tổ chức giáo dục
university,Trung Tâm Gd Thường Xuyên Hướng Nghiệp Liên Chiểu,Trường giáo dục dành cho người lớn
university,Trung tâm Giáo dục thường xuyên Số 2 thành phố Đà Nẵng,Trường trung học phổ thông
university,Trung Tâm Giáo dục nghề nghiệp Đà Nẵng,Trường kỹ thuật
university,Trung tâm GDTX Số 1 Tp Đà Nẵng (cs 2),Trường giáo dục dành cho người lớn
university,Trung tâm Giáo dục Thường xuyên,Trung tâm giáo dục
university,Lớp học Toán thầy Lộc,Trung tâm giáo dục
university,Trung tâm GDTX Số 1 Tp Đà Nẵng,Trung tâm học hành
university,Trung tâm bảo trợ Nạn nhân chất độc da cam và trẻ em bất hạnh Tp. Đà Nẵng - Cơ sở 2,Trung tâm giáo dục
university,Trung tâm giáo dục Huỳnh Phước Quảng,Trung tâm giáo dục
university,Trung Tâm Giáo Dục Thường Xuyên Huyện Điện Bàn,Trường giáo dục dành cho người lớn
university,Trung tâm giáo dục BÚT VIỆT - PHƯỚC LÝ: * LUYỆN CHỮ ĐẸP* - * TIỀN TIỂU HỌC*,Trung tâm giáo dục
university,Trung Tâm Giáo Dục Và Phát Triển Kỹ Năng Trí Tuệ Hướng Dương,Trung tâm giáo dục
university,Trung Tâm Giáo Dục Phú Minh,Trung tâm giáo dục
university,TRUNG TÂM GIÁO DỤC THƯỜNG XUYÊN TỈNH HƯNG YÊN,Tổ chức giáo dục
university,Giáo Dục Trí Phan,Trung tâm giáo dục
university,Cô Duyên,Trung tâm giáo dục
university,Trung tâm giáo dục - can thiệp hỗ trợ tâm lý Kids Home,Trung tâm giáo dục
university,Trung tâm Giáo dục Olympic,Trung tâm giáo dục
university,"Trung tâm giáo dục nghề nghiệp, giáo dục thường xuyên huyện Thanh Trì cơ sở 2",Trung tâm giáo dục
university,HỆ THỐNG TRUNG TÂM GIÁO DỤC NEW SKY,Trung tâm giáo dục
university,Trung tâm tâm lý giáo dục - An Nguyên,Trung tâm giáo dục
university,Chipmunk Garden,Trung tâm giáo dục
university,TRUNG TÂM DẠY HỌC - BỒI DƯỠNG KIẾN THỨC & LUYỆN THI EDUCATE - TRÍ TÂM,Trung tâm giáo dục
university,ヒノキ日本語クラス,Trung tâm giáo dục
university,TRUNG TÂM GIÁO DỤC ĐỊNH HƯỚNG DELIGHT WORKS,Trung tâm giáo dục
university,Dịch Vụ Kế Toán Đà Nẵng - Huệ Trần,Trung tâm giáo dục
university,Trung Tâm Nhân Đức,Trung tâm giáo dục
university,Công ty TNHH Trung tâm Giáo dục Phong Nam,Trung tâm luyện thi
university,Trung Tâm Bồi Dưỡng Kiến Thức ZERO,Trung tâm giáo dục
university,Trung tâm hỗ trợ phát triển Giáo dục hòa nhập Edunow,Trung tâm giáo dục
university,Trung Tâm Giáo Dục Dạy Nghề 05 - 06,Trường dạy nghề
university,TRUNG TÂM GIÁO DỤC MYMY,Trường tiểu học
university,Trung tâm luyện chữ đẹp,Trung tâm giáo dục
university,Trung tâm Hoa Thảo Tiên,Trung tâm giáo dục
university,TRUNG TÂM LUYỆN CHỮ ĐẸP NÉT VIỆT,Trung tâm giáo dục
university,Trung tâm giáo dục vanda,Trung tâm giáo dục
university,Trung tâm giáo dục và trị liệu trẻ em Sunshine,Trung tâm giáo dục
university,Trung Tâm English Lily Nguyễn,Trung tâm giáo dục
university,Trung Tâm Anh Ngữ Ms Trinh,Trung tâm giáo dục
university,Trung tâm Giáo dục văn hóa và rèn luyện kỹ năng EPO,Trung tâm giáo dục
university,TRUNG TÂM TIẾNG NHẬT SAORI,Trung tâm giáo dục
university,Trung tâm Khoa Trí Quang Châu,Trung tâm giáo dục
university,Trung tâm Giáo dục KMK,Trung tâm giáo dục
university,Trung Tâm Giáo Dục Chất Lượng Cao Dana School,Tổ chức giáo dục
university,Trung Tâm Giáo Dục Thường Xuyên Thường Tín Hà Nội,Trung tâm đào tạo
university,Trung Tâm Giáo Dục Nghề Nghiệp - Giáo Dục Thường Xuyên Thành Phố Huế,Trung tâm giáo dục
university,Trung Tâm Giáo Dục Phúc Trí,Trường giáo dục phổ thông
university,Trung Tâm Dạy Nghề Lái Xe Ôtô – MôTô Miền Trung,Trường dạy nghề
university,Trung tâm anh ngữ SUNFLOWER.HT,Trung tâm giáo dục
university,Trung Tâm Anh Ngữ Dnv,Trung tâm giáo dục
university,"Trường Trung Tâm GDNN-GDTX Huyện Phú Xuyên, Thành phố Hà Nội",Trung tâm giáo dục
university,Trung Tâm Tiếng Anh Ivy English Hoà Khánh,Trung tâm giáo dục
university,Trung tâm Tiếng Anh New Sky,Trung tâm giáo dục
university,Minh Vuong Edu - Trung tâm Anh ngữ,Trung tâm giáo dục
university,Công ty Cổ phần Giáo dục Nobel Việt Nam,Trung tâm giáo dục
university,Trung tâm giáo dục Phúc An,Trung tâm giáo dục
university,Trung tâm Toán Trí Tuệ Superbrain Hòa Khánh,Trung tâm giáo dục
university,Trung tâm Giáo dục hoà nhập Hoa xương rồng - Hỗ trợ trẻ tự kỷ,Trung tâm giáo dục
university,Trung Tâm Nghệ Thuật Chill Art,Trung tâm giáo dục
university,"Trung tâm Giáo dục Quốc phòng - An ninh và Thể thao, Đại học Đà Nẵng",Khoa học thuật
university,Trung Tâm Giáo Dục Thường Xuyên Ba Đình,Trung tâm học hành
university,Trung tâm Tuệ Lâm,Tổ chức giáo dục
university,Trung tâm Ngoại ngữ Success - Công ty CP Giáo dục Nobel Vietnam,Trung tâm giáo dục
university,Trung Tâm GDNN - GDTX Quận 1,Trung tâm giáo dục
university,Trung Tâm Giáo Dục Nghề Nghiệp- Giáo Dục Thường Xuyên Quận Thanh Xuân,Trường dạy nghề
university,Trung Tâm giáo dục thường xuyên Đống Đa,Trường giáo dục dành cho người lớn
university,DNV English Center,Tổ chức giáo dục
university,Trung tâm Ngoại Ngữ BritTop Education,Trung tâm giáo dục
university,Trung tâm Giáo dục thường xuyên - Hướng nghiệp Nghệ An,Trung tâm học hành
university,Trung tâm giáo dục Melcap,Trung tâm giáo dục
university,Trung Tâm GDNN - GDTX Quận Bình Tân,Trường dạy nghề
university,Trung tâm tiếng Anh WISE ENGLISH 380 Tôn Đức Thắng,Trường dạy tiếng Anh
university,Trung Tâm GDNN - GDTX Quận 8,Trung tâm giáo dục
university,TRUNG TÂM ANH NGỮ BEC,Trung tâm giáo dục
university,TRUNG TÂM TOÁN HỌC PYTAGO HƯNG YÊN,Trung tâm giáo dục
university,"Cơ sở 2, Phân hiệu Đại học Đà Nẵng tại Kon Tum",Trường đại học
university,Học viện Phụ nữ Việt Nam,Đại học công lập
university,HLU News,Trường đại học
university,Trung Tâm Đào Tạo Pha Chế Vietblend - Chi nhánh Hà Nội,Trường dạy nghề
university,Lớp Toán Thầy Đức Cô My,Trung tâm giáo dục
university,Hòa Ma Toán - CS Nguyễn Chí Thanh - Luyện Thích Học Toán,Trường cao đẳng/đại học sư phạm
university,Trường Đại học Giáo dục - Đại học Quốc gia Hà Nội,Trường đại học
university,Trường Đại học Văn hóa Nghệ thuật Quân đội,Trường đại học
university,Trường Đại học thanh thiếu niên,Trường đại học
university,University Access Centre (UAC) - Trung Tâm Tiếp Cận Đại Học,Trung tâm giáo dục
university,Đại học Nam Columbia tại Việt Nam,Trường đại học
university,Trường đại học sân khấu điện ảnh,Trường đại học
university,Học viện Hành chính và Quản trị công,Trường đại học
university,trường đại học (nơi tình iu bắt đầu),Trường đại học
university,Học viện Chính sách và Phát triển,Trường đại học
university,Học viện Tài chính - Dự án đào tạo Thạc sĩ Tài chính Quốc tế,Trường đại học
university,"Khoa Trang Trí Nội Ngoại Thất, Đại học Mỹ thuật Công Nghiệp",Đại học công lập
university,"Giảng đường nhà D, Trường Đại học Văn hóa Hà Nội",Khoa học thuật
university,Đại học đông đô,Trường đại học
university,Trường Đại Học Mở Hà Nội - Cơ Sở Đào Tạo Hệ VLVH,Trường đại học
university,Columbia Southern University Hà Nội,Trường đại học
university,Giáo Dục Thụy Điển,Trường đại học
university,Trường Trung Cấp Đa Ngành Hà Nội,Trường dạy nghề
university,Học Viện Âm Nhạc Quốc Gia Việt Nam,Nhạc viện
university,Khóa học MBA online,Trường đại học
university,Viện Nghiên cứu Lý thuyết và Ứng dụng - Đại học Duy Tân,Trường đại học
university,Viện Đại học Sydney Việt Nam,Viện nghiên cứu
university,"Giảng đường nhà B, Trường Đại học Văn hóa Hà Nội",Khoa học thuật
university,Viện Nghiên cứu Giáo dục Đại học Việt Nam,Trung tâm giáo dục
university,Trung tâm luyện thi đại học thầy Tùng toán - Cơ sở 1,Trung tâm luyện thi
university,Văn phòng ASEAN - Đại học Ritsumeikan,Trường đại học
university,Ký túc xá B3 - Đại học Bách khoa Hà Nội,Trường đại học
university,Viện Hàn lâm Khoa học xã hội Việt Nam,Viện nghiên cứu
university,lớp vẽ ARC Hà Nội,Trung tâm giáo dục
university,Tuyển sinh Trường Đại học Bách Khoa Hà Nội,Trường đại học
university,TRUNG TÂM ĐÀO TẠO VÀ PHÁT TRIỂN GIÁO DỤC EG VIETNAM,Trường đại học
university,Nhà 12 Trường ĐH KTQD,Trường đại học
university,Trường THCS Trưng Vương,Trường THCS
university,Viện Khoa Học Kinh Tế Xây Dựng,Trường đại học
university,đống đa Hà Nội,Trường THCS
university,Khoa Sau Đại Học - Trường Đại học Công đoàn,Trường sau đại học
university,Trường THCS Nguyễn Du,Trường THCS
university,Trạm y tế Đại học Bách khoa Hà Nội,Trường đại học
university,Trung tâm Luyện Thi Đại Học Thiên Sâm,Trung tâm giáo dục
university,Tòa D3 Đại học Bách Khoa Hà Nội,Trường đại học
university,Du học Nga,Tổ chức giáo dục
university,Trường THCS Nguyễn Trường Tộ,Trường THCS
university,Viện đào tạo & phát triển nhân lực DNT,Trung tâm giáo dục
university,Học viện đào tạo Huấn luyện viên thực chiến,Trung tâm đào tạo
university,Hệ Thống Đào Tạo Lập Trình Viên Chất Lượng Cao Techacademy,Trung tâm đào tạo
university,Trường Nghệ Thuật ICA,Nhạc viện
university,Trường Trung Cấp Nghề Du Lịch Hà Nội - HHTC,Trường dạy nghề
university,Trung Tâm Đào Tạo Vận Động Viên Cấp Cao Hà Nội,Trường thể thao
university,Trung Tâm Đào tạo Quản trị sản xuất PMCVietnam,Trường học tư nhân
university,Học Viện Quản Lý PACE (VP Hà Nội) | Đào tạo Quản lý Lãnh Đạo & Tư vấn Quản Trị Doanh Nghiệp,Tổ chức giáo dục
university,Học viện đào tạo G-Talent,Trường học tư nhân
university,Học viện đào tạo âm nhạc Kul Academy,Trung tâm đào tạo
university,Techmaster,Trường đào tạo máy tính
university,Học viện NetPro,Trường đào tạo máy tính
university,VTC Academy Trung Kính - Hà Nội,Trung tâm giáo dục
university,Trường Đại học Điện Lực,Đại học công lập
university,Trường đh,Trường đại học
university,Trường Đại học Kinh tế - ĐHQGHN,Trường đại học
university,"Cử nhân Việt Hàn,Thạc sĩ Tài chính Việt Pháp Khoa Đào tạo quốc tế FTU",Trường đại học
university,Trường Đại Học Ngoại Ngữ - ĐHQGHN,Trường đại học
university,Đại Học Greenwich Việt Nam,Trường đại học
university,Trường học IIFE hvtc,Trường đại học
university,Trường Cao Đẳng Dầu Khí Việt Nam - Cn Văn Phòng,Trường đại học
university,"Khoa Công trình, Trường Đại học Giao thông vận tải",Khoa học thuật
university,Tòa C - Trường Đại học Sư phạm Hà Nội,Trường đại học
university,Nhà A1 - Trường Đại học Ngoại ngữ,Trường đại học
university,Trường THPT Chu Văn An,Trường trung học phổ thông
university,Trường đại học Lao động-Xã hội,Trường đại học
university,Trường Đại học Luật - Đại học quốc gia Hà Nội,Trường đại học
university,"NOVA International Education Company (NOVA EDU., JSC)",Trường đại học
university,Trường THPT Văn Lang,Trường cấp ba
university,Trường Cao Đẳng Asean,Trường đại học
university,Học viện yêu Vlady,Trung tâm giáo dục
university,Học Viện Thanh Thiếu Niên Việt Nam - TW Đoàn Thanh Niên Cộng Sản Hồ Chí Minh,Trường đại học
university,Học Kỳ Quân Đội - Học viện Thanh thiếu niên Việt Nam,Tổ chức giáo dục
university,Học viện Công nghệ X-Class,Trung tâm giáo dục
university,HỌC VIỆN AIUNI,Trung tâm giáo dục
university,THALIC VOICE - Học viện Giọng nói và Kỹ năng,Trung tâm giáo dục
university,Học viện Chuyên viên Quản lý nhà nước,Trung tâm giáo dục
university,Học Viện Ngôn Ngữ Anh Quốc ABIT,Trung tâm giáo dục
university,Học Viện Quản Lý Chuyên Nghiệp,Trung tâm đào tạo
university,Top Edu - Học Viện Ngôi Sao,Trung tâm giáo dục
university,Học Viện GITA,Trung tâm giáo dục
university,Học Viện Doanh Nhân Vân Nguyên Edubiz,Trường giáo dục dành cho người lớn
university,Dạy Ảo thuật tại Hà Nội - Học viện Ảo thuật Việt Nam,Trường nghệ thuật
university,Học viện Wonder Hu,Trung tâm giáo dục
university,Học Viện Expertrans EI,Trường ngoại ngữ
university,Học viện NIJI,Trung tâm giáo dục
university,Học viện amiCoach,Trường dạy nghề
university,"Viện Kinh tế - Tài chính, Học viện Tài chính",Viện nghiên cứu
university,Toà D - Học viện Ngoại giao,Trường đại học
university,Cổng C - Học viện Phụ nữ Việt Nam,Trường đại học
university,Học Viện Sao Nam Việt,Tổ chức giáo dục
university,Khoa Chính trị học - Học Viện Thanh Thiếu Niên Việt Nam,Trường đại học
university,Trung Tâm Thanh Nhạc EDUMESA,Trung tâm đào tạo
university,SPLUS Academy - Học theo nhu cầu,Trung tâm giáo dục
university,Canada Academy of Music (Học viện Âm nhạc Canada),Trung tâm giáo dục
university,Học viện Hiền Tài,Trung tâm giáo dục
university,Kí Túc Xá Học viện Thanh thiếu niên Việt Nam,Tổ chức giáo dục
university,Trung tâm tiếng Đức German Link - Tòa nhà hội sở,Trung tâm giáo dục
university,"Học Phun Xăm, Spa, Nail - Học viện thẩm mỹ Quốc Tế SCI",Tổ chức giáo dục
university,Học viện WECAP,Trung tâm đào tạo
university,ASA - Học viện Giáo dục - Thể thao Hoa Kỳ,Trung tâm giáo dục
university,OMSOHA - Học Viện Năng Lượng Tỉnh Thức,Trung tâm đào tạo
university,Master Media Academy,Tổ chức giáo dục
university,Havina Language Academy,Trường dạy tiếng Anh
university,Học viện Thẩm mỹ Zen Academy 미용 아카데미,Trung tâm đào tạo
university,Học viện Beauty Plus - Dr Jin Medical Beauty,Trung tâm giáo dục
university,Học Viện Toán Sơ Đồ - MathMap Academy,Trung tâm đào tạo
university,IM Group - Hệ Thống Học Viện Kinh Doanh Số (Văn phòng Hà Nội),Trung tâm giáo dục
university,CÔNG TY CỔ PHẦN HỌC VIỆN GIÁO DỤC KARMA,Tổ chức giáo dục
university,Shichida Kim Ma,Tổ chức giáo dục
university,Mỹ Thuật Yết Kiêu,Trung tâm trường học
university,Vinalink Academy - Trung tâm học Digital Marketing Online,Trung tâm đào tạo
university,Plato Branding Academy,Tổ chức giáo dục
university,American Edu-Sports Academy,Trường thể thao
university,BT Academy - Đào tạo giọng nói và thần thái doanh nghiệp,Trung tâm giáo dục
university,Global Academy,Tổ chức giáo dục
university,Bờm Academy,Tổ chức giáo dục
university,ASEAN ACADEMY,Trung tâm đào tạo
university,Kolin Academy,Trung tâm giáo dục
university,Tomorrow Marketers Academy,Trung tâm giáo dục
university,Linh Linh makeup store & Academy,Trung tâm giáo dục
university,Impactus Academy,Trường dạy tiếng Anh
university,Nana Model Academy,Trung tâm đào tạo
university,rèn academy,Trung tâm đào tạo
university,D'amélie Piano Academy,Trung tâm giáo dục
university,Trung tâm Luyện thi Hồng Long Academy,Trung tâm luyện thi
university,Phương Vũ Academy,Tổ chức giáo dục
university,VTI Academy,Trung tâm giáo dục
university,MVV Academy,Tổ chức giáo dục
university,Viện Vũ trụ và Địa không gian Vega,Trung tâm giáo dục
university,TràThuLe makeup academy HN,Trung tâm giáo dục
university,GITA Academy,Trung tâm trường học
university,UB Academy - Trung tâm Đào tạo Nghiệp vụ Ngân hàng Tài chính,Tổ chức giáo dục
university,EME DJ Academy,Trường học tư nhân
university,Thanh nhạc Voice Academy,Nhạc viện
university,Havina Business Academy,Tổ chức giáo dục
university,Eternal Studio - DJ & Dance Academy,Trung tâm giáo dục
university,FLOART ACADEMY,Trường nghệ thuật
university,Golden Key Language Academy - Trung tâm Đào tạo Ngoại ngữ,Trường dạy tiếng Anh
university,Viet Nam NLP Academy,Trung tâm đào tạo
university,BrainSTEM English Academy - 2A Nguyên Hồng,Trường dạy tiếng Anh
university,Institute of International Finance Education - Academy of Finance,Trường kinh doanh
university,Trường Cao đẳng Công nghệ và Thương mại Hà Nội,Trường đại học
university,Trường Cao đẳng nghề Điện,Trường kỹ thuật
university,Trường Cao Đẳng Y tế Phú Thọ - Hà Nội,Trường y
university,Trường Cao đẳng Y Dược Pasteur cơ sở Thái Thịnh,Trường cao đẳng/đại học tư thục
university,Trường Cao đẳng Y Dược Pasteur Hà Nội,Trường y
university,Khoa Công Nghệ Ô Tô - Cao Đẳng Bách Khoa,Tổ chức giáo dục
university,Trường Cao đẳng Quản lý và Kinh doanh Hà Nội,Trường cao đẳng/đại học tư thục
university,Trường cao đẳng du lịch,Trường đại học
university,Trường Trung cấp Nghề May và Thời trang Hà Nội.,Trường dạy nghề
university,Xưởng thực hành B4A khoa Cơ khí - Trường Cao đẳng nghề Bách Khoa Hà Nội,Trường đại học
university,Văn phòng tư vấn trường Cao đẳng Công nghệ Viettronics,Tổ chức giáo dục
university,Trường Cao Đẳng Nghề Icare,Trường dạy nghề
university,Trường Cao Đẳng Công Nghệ Ngoại Thương,Trường đại học
university,Trường Trung Cấp Kinh Tế Kỹ Thuật Hà Nội 1,Trường kỹ thuật
university,Trường Trung cấp xây dựng Hà Nội,Tổ chức giáo dục
university,Công ty Cổ Phần Trường Cao Đẳng Quốc Tế Hà Nội,Tổ chức giáo dục
university,Trường Cao đẳng Ngoại ngữ và Công nghệ Hà Nội,Tổ chức giáo dục
university,CS2 - Trường Cao đẳng Công nghệ và Thương mại Hà Nội,Tổ chức giáo dục
university,Trường Cao Đẳng Công nghệ và Du lịch,Trường dạy nghề
university,Trường Cao Đẳng Ngoại Ngữ,Tổ chức giáo dục
university,Trường Cao Đẳng Y Dược Cộng Đồng,Trung tâm giáo dục
university,Trường Cao Đẳng Công Nghệ Và Du Lịch - Cơ sở đào tạo tại Hà Nội,Trường dạy nghề
university,Trường Cao Đẳng đào tạo tiếng hàn Hà Nội chất lượng,Trường ngoại ngữ
university,Văn Phòng Tuyển Sinh - Trường Cao Đẳng Bách Nghệ,Tổ chức giáo dục
university,Trường Trung Cấp Nghề Đồng Hồ - Điện Tử - Tin Học,Trường kỹ thuật
university,Trung tâm Tiếng Hàn HANEDU,Trung tâm giáo dục
university,Trường Cao đẳng Bách khoa Việt Nam,Tổ chức giáo dục
university,Trung Tâm Liên Thông Cao Đẳng Mầm Non,Trung tâm giáo dục
university,Cao đẳng nghề bách khoa,Trường đại học
university,Nhà học A17 Cao đẳng nghề Bách Khoa,Tổ chức giáo dục
university,Trường Cao đẳng GTVT Trung ương I - Cơ sở Đông Ngạc,Trường đại học
university,Học viện King Sejong Huế,Trung tâm giáo dục
university,Học Viện Hành Chính Quốc Gia,Đại học công lập
university,Viện Khoa Học Nông Nghiệp Việt Nam,Cơ sở tôn giáo
university,Học viện Âm nhạc Huế,Trường đại học
university,Viện Đào tạo mở và Công nghệ thông tin - Đại học Huế,Trường cao đẳng/đại học mở
university,"Viện Tài Nguyên và Môi Trường, Đại học Huế",Viện nghiên cứu
university,Haland English Academy,Trung tâm giáo dục
university,Trường Đại học Nông Lâm Huế,Trường đại học
university,"Đại Học Huế - Viện Tài Nguyên, Môi Trường Và Công Nghệ Sinh Học",Trường đại học
university,Trường Cao đẳng Huế,Trường cao đẳng cộng đồng
university,Thầy Trung Dạy Lái Xe Ôtô Trường Cao Đẳng Huế,Trường dạy nghề
university,Trường THPT Bùi Thị Xuân,Trường cấp ba
university,Trung tâm Ngoại ngữ E-space,Trung tâm giáo dục
university,Học viện Đào tạo Quốc tế ANI,Trung tâm đào tạo
university,Trường Đại học PXU ( PXU ),Trường đại học
university,Trường Đại học Khoa học Huế,Trường đại học
university,Trường Đại học Nghệ thuật Huế,Trường đại học
university,Trung Tâm Kỹ Thuật Tổng Hợp Hướng Nghiệp Thành Nội,Trường dạy nghề
university,Ban Công Tác Sinh Viên Đại Học Huế,Tổ chức giáo dục
university,Trường Đại học Y Dược Huế,Trường đại học
university,Trường Đại học Sư phạm Huế,Trường đại học
university,Trường Đại Học Ngoại Ngữ Huế,Tổ chức giáo dục
university,Trường Đại học Phú Xuân,Trường đại học
university,Học Viện Cán Bộ Quản Lý Xây Dựng Và Đô Thị,Cơ sở tôn giáo
university,Ms. Chi Educates,Trung tâm giáo dục
university,Trung tâm Ngoại ngữ - Tin học ALPHA,Trung tâm giáo dục
university,"Viện Nghiên Cứu Sức Khỏe Cộng Đồng, Trường Đại Học Y Dược Huế",Viện nghiên cứu
university,Học Viện Đào Tạo Quốc Tế ANI,Trung tâm giáo dục
university,Hue Institute for Development Studies,Viện nghiên cứu
university,Học Viện SkillUP - Cơ sở 2,Trung tâm giáo dục
university,"Viện Công nghệ sinh học, Đại học Huế",Viện nghiên cứu
university,Trung Tâm Ngoại Ngữ Success Huế,Trường ngoại ngữ
university,HỌC VIỆN NGHỆ THUẬT KAMI,Trung tâm giáo dục
university,IELTS Mentor Huế 2,Trung tâm giáo dục
university,Tiếng Hàn Huế - Ran Chô,Trường ngoại ngữ
university,Kindle English Academy,Trường dạy tiếng Anh
university,Học Viện Anh Ngữ Weup Huế,Trường dạy tiếng Anh
university,Viện Khoa Học Chăm Sóc Sức Khỏe Việt Nam Trung Tâm Sức Khỏe Cộng Đồng Dương Thủy,Cơ sở tôn giáo
university,GEM - Du Học Nghề Đức & Đào Tạo Tiếng Đức Tại Huế,Trung tâm giáo dục
university,Trung tâm Ngoại ngữ IPA,Tổ chức giáo dục
university,Anh Ngữ AMES Huế,Trường dạy tiếng Anh
university,Anh Ngữ Ms. Trân,Trung tâm giáo dục
university,Dạy tiếng Nhật,Trung tâm đào tạo
university,Trung Tâm Tiếng Trung 3H,Trường dạy tiếng Trung Quốc
university,Trung tâm Anh ngữ DHP,Trường dạy tiếng Anh
university,Trung tâm Anh ngữ EduPath - Huế,Trường dạy tiếng Anh
university,Trung tâm REACH Huế (REACH Hue center),Trung tâm đào tạo
university,Trung tâm Ngoại ngữ We Share - Đào tạo tiếng Hàn số 1 tại Huế,Trung tâm giáo dục
university,NHẬT NGỮ YUUKI,Trung tâm giáo dục
university,Văn phòng Học viện PGVN tại Huế,Trường đại học
university,Công ty tư vấn du học Intrase,Trung tâm giáo dục
university,Trung Tâm Rồng Việt Huế,Trung tâm giáo dục
university,Anh Ngữ Sunshine,Trường dạy tiếng Anh
university,The English Mentor,Trường dạy tiếng Anh
university,Trung tâm ngoại ngữ ANI,Trường dạy tiếng Anh
university,IELTS Mentor Phong Châu,Trường ngoại ngữ
university,Tấn Đạt IELTS,Trung tâm giáo dục
university,Khoa Công Nghệ Thông Tin - truyền thông,Khoa học thuật
university,KENT Academy of English,Trường dạy tiếng Anh
university,Trường Cao đẳng Âu Lạc - Huế,Trường đại học
university,Trung tâm Anh ngữ Quốc tế iLead AMA,Trường dạy tiếng Anh
university,Hue University,Trường đại học
university,Trường Du Lịch Đại học Huế,Trường đại học
university,Quốc Tử Giám,Trường đại học
university,Trường đại học Phú Xuân - cơ sở 3,Trường đại học
university,Trường Đại học dân lập Phú Xuân,Trường đại học
university,Khoa Quốc tế - Đại học Huế (HUIS),Tổ chức giáo dục
university,Đại học kinh tế huế,Trường đại học
university,Hoa Tráp Thuý Phạm,Trường kinh doanh
university,Hue University Journal of Science,Trường đại học
university,Trường THPT chuyên Quốc Học Huế,Trường trung học phổ thông
university,Trường đại học kinh tế huế,Trường đại học
university,Đại học phú xuân,Trường đại học
university,"Trung tâm Tin học, Trường Đại học Nông Lâm Huế",Trường đại học
university,"Trường Cao đẳng Y tế Huế (Sáp nhập vào trường ĐH Y - Dược, Đại học Huế từ tháng 10.2025)",Trường y
university,"Trường Đại học Tài chính - Kế toán, Phân hiệu Thừa Thiên Huế",Trường đại học
university,"Trường Đại học Luật, Đại học Huế",Trường đại học
university,"Trường Đại học Kinh tế, Đại học Huế",Khoa học thuật
university,Đại Học Sư Phạm Huế Cơ Sở 2,Trường đại học
university,Khoa Kỹ thuật và Công nghệ - Đại học Huế,Khoa học thuật
university,Trường Cao đẳng Công nghiệp Huế,Trường đại học
university,Trường Cao Đẳng Du Lịch Huế,Trường cao đẳng cộng đồng
university,Công Ty TNHH MTV Hoàng Nhân Long,Trường kinh doanh
university,"Thư viện trường Đại học Ngoại Ngữ, Huế",Trường đại học
university,Ký túc Xá Trường Đại học Tài chính - Kế toán,Tổ chức giáo dục
university,Trường THCS Nguyễn Hoàng,Trường THCS
university,"Tòa nhà Hiệu bộ, trường Đại học Ngoại ngữ, Huế",Trường đại học
university,"Khoa Cơ Khí - Công Nghệ, Đại Học Nông Lâm Huế",Tổ chức giáo dục
university,Bộ môn Nội,Khoa học thuật
university,Trường Tiểu học Phường Đúc,Trường tiểu học
university,Trường THCS Trần Cao Vân,Trường THCS
university,Tổ Chức Đại Học Pháp Ngữ,Trường đại học
university,Trung tâm luyện thi Đại học Học và Bồi dưỡng kiến thức,Trung tâm giáo dục
university,Khoa Địa lý - Địa chất,Khoa học thuật
university,Trường Tiểu học Thủy Biều,Trường tiểu học
university,Trường THCS Tôn Thất Tùng,Trường THCS
university,Tùng Anh Văn,Trường học tư nhân
university,Khoa Môi trường,Trường đại học
university,Trường Tiểu Học Thuận Hòa,Trường tiểu học
university,Trường tiểu học Kim Long,Trường tiểu học
university,Ngành Marketing- Đại Học Kinh Tế Huế,Trường đại học
university,Trường Tiểu Học Trần Quốc Toản,Trường tiểu học
university,Trường THPT Đặng Trần Côn,Trường trung học phổ thông
university,Department of Mathematics,Khoa học thuật
university,Bộ môn Lao,Khoa học thuật
university,Trường THCS Hàm Nghi,Trường THCS
university,Trường Cao đẳng Văn hóa Nghệ thuật Huế,Trường đại học
university,Bộ môn Gây mê hồi sức,Khoa học thuật
university,Khoa Kiến trúc,Khoa học thuật
university,Trung tâm Nội tiết sinh sản và Vô sinh (HUECREI),Trường đại học
university,Khoa Lịch sử,Khoa học thuật
university,Trường THCS Thống Nhất,Trường THCS
university,"Câu Lạc Bộ Văn Hoá Văn Nghệ, Đại Học Luật - Đại Học Huế",Trường nghệ thuật
university,Điểm thi IELTS (BC) - ĐẠI HỌC HUẾ,Trung tâm giáo dục
university,Khoa Địa lý,Khoa học thuật
university,Khoa Giáo dục Chính trị,Khoa học thuật
university,Khoa Giao hưởng - Nhạc nhẹ - Công nghệ âm nhạc,Khoa học thuật
university,Khoa Công nghệ Thông tin,Khoa học thuật
university,Trung tâm Anh ngữ TOP English Academy Hue,Trung tâm giáo dục
university,Nơ Phan Academy,Trường giáo dục phổ thông
university,DUHA Academy,Trung tâm giáo dục
university,Đông Phan Academy,Tổ chức giáo dục
university,C Music Academy,Trường nghệ thuật
university,BRITISH ENGLISH ACADEMY,Trường đại học
university,Lee Nguyễn Academy,Tổ chức giáo dục
university,Công ty TNHH MTV DHP ACADEMY,Trung tâm giáo dục
university,Trung Tâm Đào Tạo Digital Marketing - Nguyen Academy,Trung tâm đào tạo
university,Trung Tâm Đào Tạo Marketing 3T Academy,Trung tâm giáo dục
university,Nguyen Academy - Học Quảng Cáo Facebook Tại Huế,Trung tâm đào tạo
university,Cúc Phạm Academy,Tổ chức giáo dục
university,Lê Rốt Academy,Trường giáo dục phổ thông
university,B&H Talent Academy,Trung tâm giáo dục
university,Trung tâm ngoại ngữ AMY ENGLISH ACADEMY,Trường dạy tiếng Anh
university,Trường sư phạm Huế,Trường đại học
university,"Keiser University, Huế",Trường đại học
university,MT001,Trường đại học
university,Trường Tiểu học số 2 Kim Long,Trường tiểu học
university,Ký thúc xá Y tế,Trường đại học
university,CRD Vietnam,Trường đại học
university,"TRUNG TÂM THỰC HÀNH VÀ ĐÀO TẠO NGHỀ CNTY, KHOA CHĂN NUÔI THÚ Y, TRƯỜNG ĐẠI HỌC NÔNG LÂM HUẾ",Trường đại học
university,INSA Centre Val de Loire - Campus Hue,Trường đại học
university,Kí túc xá trường Cao đẳng Y tế Huế,Trường đại học
university,Trường THCS Phan Sào Nam,Trường THCS
university,"Trường Cao Đẳng Công Nghiệp Huế, Cơ sở 2",Trường đại học
university,Y khoa,Trường y
university,TT ĐÀO TẠO KỸ NĂNG SỐ VÀ ỨNG DỤNG AI,Trường đại học
university,Trường Tiểu học Trường An,Trường tiểu học
university,Khoa Ngữ Văn,Trường đại học
university,Trường Tiểu học Phước Vĩnh,Trường tiểu học
university,Trường Thcs Vĩnh Lợi,Trường THCS
university,"Khoa Công nghệ Hóa - Môi trường, Trường Cao đẳng Công nghiệp Huế",Trung tâm giáo dục
university,Trường Tiểu học Phú Cát,Trường tiểu học
university,Trường Tiểu Học Thủy Xuân,Trường tiểu học
university,Trường THCS Tố Hữu,Trường THCS
university,Trường Trung cấp Văn hóa Nghệ thuật tỉnh Thừa Thiên Huế,Trường nghệ thuật
university,"Phòng Đào tạo và Công tác sinh viên, Trường Cao đẳng Công nghiệp Huế",Khoa học thuật
university,Khoa Quản trị Ngoại ngữ Du Lịch trường Cao đẳng Công nghiệp Huế,Khoa học thuật
university,"Khoa Giáo Dục Thể Chất, Đại học Huế",Khoa học thuật
university,Trường Cao đẳng nghề số 4 - Cơ sở TP Huế,Trường cao đẳng cộng đồng
university,Trường Trung Cấp Nghề Số 10,Tổ chức giáo dục
university,Chi nhánh Huế - Trường Cao Đẳng Nghề Số 4 - BQP,Trường cao đẳng cộng đồng
university,Trường Cao đẳng nghề Thừa Thiên Huế,Trường dạy nghề
university,Phổ thông Cao đẳng FPT Polytechnic Huế,Tổ chức giáo dục
university,Trung tâm tuyển sinh Cao đẳng Công nghiệp Huế,Trung tâm đào tạo
university,Cơ sở 3 - Trường Cao đẳng Công nghiệp Huế,Trường cao đẳng cộng đồng
university,Luyện chữ đẹp Hà Anh,Trung tâm giáo dục
university,Trung tâm Hỗ trợ sinh viên và Liên kết đào tạo trường CĐSP TT Huế,Trường giáo dục dành cho người lớn
university,Phân Hiệu Trường Cao Đẳng Xây Dựng Công Trình Đô Thị,Trường đại học
university,Trung Tâm Nghiên Cứu & Phát Triển Nông Nghiệp Huế,Viện nghiên cứu
university,Viện Thuận Huy,Viện nghiên cứu
university,Trường Cao Đẳng Nghề Nguyễn Tri Phương,Tổ chức giáo dục
university,Trường THCS Nguyễn Thị Minh Khai,Trường giáo dục phổ thông
university,Trung Tâm Ngoại Ngữ HueMaster,Trường ngoại ngữ
university,Trường THPT Thuận Hóa,Trường trung học phổ thông
university,Liên hiệp các Hội Khoa học kỹ thuật Thành phố Huế,Tổ chức giáo dục
university,Trường THPT Hai Bà Trưng,Trường trung học phổ thông
university,Trường THPT Nguyễn Trường Tộ,Trường cấp ba
university,NORON Huế,Trung tâm trường học
university,Trung tâm Ngoại ngữ MUNDO,Trường ngoại ngữ
university,Anh ngữ Bee U,Trường dạy tiếng Anh
university,Trung tâm luyện thi IELTS Fighter Huế,Trường dạy tiếng Anh
university,Trường Tiểu Học Lê Lợi,Trường tiểu học
university,Pikes Peak State College,Trường cao đẳng cộng đồng
university,ANH NGỮ LATTA,Trường dạy tiếng Anh
university,Citrus College,Trường cao đẳng cộng đồng
university,Việc làm Nhật Bản Esuhai Huế,Trung tâm giáo dục
university,Chabot College,Trường cao đẳng cộng đồng
university,LỚP TOÁN THẦY NGUYÊN - Tp HUẾ,Trung tâm học hành
university,Trường Tiểu học Phú Hòa,Trường tiểu học
university,Cao đẳng Cộng đồng Central New Mexico,Trường cao đẳng cộng đồng
university,Central Alabama Community College,Trường đại học
university,American River College,Trường cao đẳng cộng đồng
university,San Diego Mesa College,Trường đại học
university,GateWay Community College-Washington Campus,Trường cao đẳng cộng đồng
university,Cuyamaca College,Trường cao đẳng cộng đồng
university,Community College Of Denver,Trường cao đẳng cộng đồng
university,Contra Costa College,Trường cao đẳng cộng đồng
university,MiraCosta College,Trường đại học
university,South Mountain Community College,Trường cao đẳng cộng đồng
university,Imperial Valley College,Trường cao đẳng cộng đồng
university,GateWay Community College-Deer Valley,Trường cao đẳng cộng đồng
university,Metropolitan Community College,Trường cao đẳng cộng đồng
university,Tillamook Bay Community College,Trường cao đẳng cộng đồng
university,Bakersfield College,Trường cao đẳng cộng đồng
university,Chemeketa Community College,Trường đại học
university,Butte College,Trường cao đẳng cộng đồng
university,San Diego Community College District,Trường cao đẳng cộng đồng
university,Palo Verde College,Trường đại học
university,Allan Hancock College,Trường cao đẳng cộng đồng
university,CNM Westside Campus,Trường cao đẳng cộng đồng
university,Oregon Coast Community College,Trường cao đẳng cộng đồng
university,Bevill State Community College,Trường đại học
university,Ivy Tech Community College,Trường cao đẳng cộng đồng
university,Alabama Community College System,Trường cao đẳng cộng đồng
university,GateWay Community College-18th Street,Trường cao đẳng cộng đồng
university,Rio Salado College Northern,Trường cao đẳng cộng đồng
university,Calbright College,Tổ chức giáo dục
university,Trường THCS Đông Tảo,Trường THCS
university,Cerro Coso Community College,Trường cao đẳng cộng đồng
university,Trung Tâm Giáo Dục Thường Xuyên Tỉnh Tt- Huế Cơ sở 1,Trung tâm giáo dục
university,Phân hiệu Đại Học Thái Nguyên Tại Tỉnh Lào Cai,Trường cao đẳng/đại học sư phạm
university,Phân Hiệu Trường Đại Học Y Hà Nội,Trường y
university,Phân hiệu Đại học Huế tại Quảng Trị,Trường đại học
university,Luyện Chữ Đẹp Cô Ly - Trung Tâm Luyện Viết Chữ Đẹp Tiền Tiểu Học Tại Huế,Trung tâm đào tạo
university,Trường Đại học Sư phạm Hà Nội - Cơ sở Hà Nam,Trường đại học
university,Trung Tâm Luyện Thi Ielts - Res Huế,Trường dạy tiếng Anh
university,Trung tâm Anh ngữ Quốc tế EUC,Trường dạy tiếng Anh
university,Trung tâm Anh ngữ quốc tế ITC - Huế,Trường dạy tiếng Anh
university,Trung Tâm Âm Nhạc Melody Huế,Nhạc viện
university,TAH Music - Huế,Trung tâm giáo dục
university,Huế Toeic - Luyện thi Toeic và học tiếng Anh giao tiếp,Trung tâm đào tạo
university,Trường Đại học Nông - Lâm Bắc Giang,Trường đại học
university,Trường Tiểu học Đại Lai,Trường tiểu học
university,Trường Đại học Kinh Bắc,Đại học tư thục
university,Trường Tiểu Học - Trung Học Cơ Sở Song Giang,Trường liên cấp tiểu học và trung học
university,Trường THCS xã Song Giang,Trường THCS
university,Trường Trung Học Cơ Sở Đại Lai,Trường THCS
university,Trường THCS Cách Bi,Trường THCS
university,Đại Học Công nghệ Đông Á,Trường đại học
university,Trường Đại học Thành Đông,Trường đại học
university,Đại học Quốc tế Bắc Hà,Trường đại học
university,Trường Đại học Luật Hà Nội,Trường đại học
university,"Trường Đại học Hải Dương, Cơ sở 2",Trường đại học
university,Trường Trung học cơ sở Giang Sơn,Trường THCS
university,Trường Trung học Cơ sở Bồng Lai,Trường THCS
university,Đại Học Kinh Doanh và Công Nghệ 2 (HUBT) Bắc Ninh,Trường đại học
university,Trường Cao Đẳng Ngoại Ngữ & Công Nghệ Việt Nhật,Trường đại học
university,Trường Trung Học Cơ Sở Xuân Lai,Trường THCS
university,Trường Đại Học,Trường đại học
university,Thôn Đức tái xã chi lăng quế võ Tỉnh Bắc ninh,Trường THCS
university,Đại Học Kookmin,Trường đại học
university,Khu B - Trường Sĩ quan Chính trị - Bộ quốc phòng,Trường đại học
university,TRƯỜNG THCS MỘ ĐẠO,Trường THCS
university,Trường Đại học Sao Đỏ - Cơ Sở 2,Trường đại học
university,Cổng trường Đại Học Nông-Lâm Bắc Giang,Trường đại học
university,Trường ĐẠI HỌC SAO ĐỎ CHÍ LINH,Trường đại học
university,Trường Đại học Hải Dương cơ sở 3( Trường Cao đẳng Hải Dương cũ sáp nhập),Trường đại học
university,Đại học Công đoàn cơ sở 2,Trường đại học
university,Trường Tiểu học Xã Chi Lăng,Trường tiểu học
university,Trường Đại học Kỹ thuật Y tế Hải Dương Khu A,Trường đại học
university,Nhà Chuẩn,Trường đại học
university,Trường THCS xã Chi Lăng,Trường THCS
university,Trường Tiểu Học Yên Giả,Trường tiểu học
university,Trường Tiểu Học Đào Viên,Trường giáo dục phổ thông
university,Trường Đại học Sao Đỏ,Đại học công lập
university,Học viện Ngân hàng phân viện Bắc Ninh,Trường đại học
university,Học Viện Đào Tạo HMT,Trường dạy tiếng Anh
university,Học Viện Anh Ngữ EDP,Đại học tư thục
university,Học Viện Anh Ngữ Clover,Trường dạy tiếng Anh
university,Học Viện Cờ Vua Thông Thái,Trung tâm giáo dục
university,Trung tâm ngoại ngữ Full House Quế Võ,Tổ chức giáo dục
university,HỌC VIỆN TÂM TRÍ,Trung tâm đào tạo
university,Học viện Anh ngữ Forest,Trung tâm đào tạo
university,"Khoa Công nghệ sinh học, Học viện Nông nghiệp Việt Nam",Trường đại học
university,Học viện Yoga Kids Việt Nam GYS,Trung tâm giáo dục
university,Đại Học Quốc Tế Bắc Hà,Tổ chức giáo dục
university,Trường THCS Đại Bái,Trường THCS
university,Thư viện Trường Đại học Mở Hà Nội cơ sở Văn Giang,Trường đại học
university,"Nhà E, Đại học VinUni",Trường đại học
university,Tòa A5 - Trường Đại Học Sư Phạm Kỹ Thuật Hưng Yên,Trường đại học
university,"Khoa Ô tô, Đại học Sao Đỏ",Trường đại học
university,KTX - Sau đại học nông nghiệp việt nam,Trường đại học
university,Khoa Điện Tử Thông Tin - Trường Đại Học Mở Hà Nội.,Tổ chức giáo dục
university,Department of Distance Learning - Hanoi OPen University,Trường đại học
university,"Khoa Điện - Điện tử, Trường Đại học Mở Hà Nội",Trường đại học
university,Trường tiểu học Lãng Ngâm,Trường tiểu học
university,Trường THCS thị trấn Gia Bình,Trường THCS
university,Trường THCS Đại Xuân,Trường THCS
university,Đại học Kỹ thuật Y tế Hải Dương,Trường y
university,"Trung tâm Đào tạo liên tục, Trường Đại học Kinh tế quốc dân",Trường đại học
university,"Lớp Toán Thầy Hiếu - Chuyên luyện thi Đại Học 10,11,12",Trung tâm giáo dục
university,Trường THCS Phù Lương,Trường THCS
university,Trường THCS Phù Lãng,Trường THCS
university,Trường THCS Nhân Thắng,Trường THCS
university,Trường THCS Đại Phúc,Trường THCS
university,Trường Cấp 2 Định Mỗ,Trường THCS
university,Trường Tiểu học Mão Điền số 1,Trường tiểu học
university,Trường THCS Việt Hùng,Trường THCS
university,Khoa Tạo Dáng Công Nghiệp - Đại học Mở Hà Nội,Trường đại học
university,VIETPONIT ACADEMY Bắc Ninh,Trung tâm giáo dục
university,KIN MUSIC ACADEMY,Trung tâm giáo dục
university,TIẾNG ANH AFuture Academy,Trung tâm giáo dục
university,Ngọc Huyền Make Up Academy & Beauty,Trung tâm đào tạo
university,Hệ Thống Anh Ngữ Wisdom Academy,Trung tâm giáo dục
university,Trung tâm Anh ngữ Emily Academy,Trung tâm giáo dục
university,Trung tâm ngoại ngữ SISU Academy,Trung tâm giáo dục
university,Cao Đẳng Công Thương Quốc Tế - Cơ sở Bắc Ninh,Tổ chức giáo dục
university,Trường cao đẳng sư phạm Bắc Ninh,Tổ chức giáo dục
university,TRƯỜNG CAO ĐẲNG Y DƯỢC HÀ NỘI CS BẮC NINH,Trường đại học
university,Trường Cao Đẳng Y Dược Cộng Đồng,Trường đại học
university,Cao Đẳng Dược Trung Ương Hải Dương,Trường đại học
university,Trường Cao Đẳng Cơ Điện và Xây Dựng Cơ Sở 2,Trường đại học
university,Trường Cao đẳng Y tế Hải Dương,Trường dạy nghề
university,Trường Cao đẳng Nghề số 20 Bộ Quốc Phòng - Cơ sở Hải Dương,Trường dạy nghề
university,Trường Cao Đẳng Cơ Giới Xây Dựng,Trường đại học
university,"Trường Cao đẳng Công nghệ Việt - Hàn (Cơ sở 2, Khu A)",Trường cao đẳng nghề
university,Trường Cao đẳng Bắc Giang,Trường đại học
university,Trường Cao đẳng GTVT đường bộ,Trường bách khoa
university,Cao đẳng Công nghệ và Nông lâm Đông Bắc,Trường đại học
university,Trường Cao Đẳng Kỹ Thuật Công Nghiệp,Trường kỹ thuật
university,Trung tâm Công nghệ cao - BCI,Trường bách khoa
university,Trường Cao đẳng Công nghiệp Hưng Yên - Cơ sở 2,Trường bách khoa
